t,alpha,theta,sigma,beta,noise,CTX,OUT,CHIRAL,N9_eff,Regimen
0,0.62,1.2,4,0.82,0.0012,0.781,9.816,0.000000,0.001,Transición
5,0.4,1.2,4,0.82,0.0012,1.268,20.592,0.000115,0.004,Transición
10,0.4,1.2,4,0.82,0.0012,1.606,33.381,0.000907,0.011,Transición
15,0.4,1.2,4,0.82,0.0012,1.877,48.212,0.003557,0.027,Transición
20,0.4,1.2,4,0.82,0.0012,1.990,64.776,0.013147,0.072,Transición
25,0.4,1.2,4,0.82,0.0012,1.611,81.369,0.047635,0.213,S.Cerrado
30,0.4,1.2,4,0.82,0.0012,0.899,92.166,0.093916,0.470,S.Cerrado
35,0.4,1.2,4,0.82,0.0012,0.467,97.364,0.098838,0.602,S.Cerrado
40,0.4,1.2,4,0.82,0.0012,0.186,99.393,0.061549,0.671,S.Cerrado
45,0.4,1.2,4,0.82,0.0012,0.034,99.946,0.015601,0.700,S.Cerrado
50,0.4,1.2,4,0.82,0.0012,0.000,100.000,0.000000,0.707,S.Cerrado
55,0.4,1.2,4,0.82,0.0012,0.000,100.000,0.000000,0.707,S.Cerrado
60,0.4,1.2,4,0.82,0.0012,0.000,100.000,0.000000,0.707,S.Cerrado
65,0.4,1.2,4,0.82,0.0012,0.000,100.000,0.000000,0.707,S.Cerrado
70,0.4,1.2,4,0.82,0.0012,0.000,100.000,0.000000,0.707,S.Cerrado
75,0.4,1.2,4,0.82,0.0012,0.000,100.000,0.000000,0.707,S.Cerrado
80,0.4,1.2,4,0.82,0.0012,0.000,100.000,0.000000,0.707,S.Cerrado
85,0.4,1.2,4,0.82,0.0012,0.000,100.000,0.000000,0.707,S.Cerrado
90,0.4,1.2,4,0.82,0.0012,0.000,100.000,0.000000,0.707,S.Cerrado
95,0.4,1.2,4,0.82,0.0012,0.000,100.000,0.000000,0.707,S.Cerrado
100,0.4,1.2,4,0.82,0.0012,0.000,100.000,0.000000,0.707,S.Cerrado
105,0.4,1.2,4,0.82,0.0012,0.000,100.000,0.000000,0.707,S.Cerrado
110,0.4,1.2,4,0.82,0.0012,0.000,100.000,0.000000,0.707,S.Cerrado
115,0.4,1.2,4,0.82,0.0012,0.000,100.000,0.000000,0.707,S.Cerrado
120,0.4,1.2,4,0.82,0.0012,0.000,100.000,0.000000,0.707,S.Cerrado
125,0.4,1.2,4,0.82,0.0012,0.000,100.000,0.000000,0.707,S.Cerrado
130,0.4,1.2,4,0.82,0.0012,0.000,100.000,0.000000,0.707,S.Cerrado
135,0.4,1.2,4,0.82,0.0012,0.000,100.000,0.000000,0.707,S.Cerrado
140,0.4,1.2,4,0.82,0.0012,0.000,100.000,0.000000,0.707,S.Cerrado
145,0.4,1.2,4,0.82,0.0012,0.000,100.000,0.000000,0.707,S.Cerrado
150,0.4,1.2,4,0.82,0.0012,0.000,100.000,0.000000,0.707,S.Cerrado
155,0.4,1.2,4,0.82,0.0012,0.000,100.000,0.000000,0.707,S.Cerrado
160,0.4,1.2,4,0.82,0.0012,0.000,100.000,0.000000,0.707,S.Cerrado
165,0.4,1.2,4,0.82,0.0012,0.000,100.000,0.000000,0.707,S.Cerrado
170,0.395,1.2,4,0.82,0.0012,0.000,100.000,0.000000,0.707,S.Cerrado
175,0.4,1.2,4,0.82,0.0012,0.000,100.000,0.000000,0.707,S.Cerrado
180,0.436,1.2,4,0.82,0.0012,0.000,100.000,0.000000,0.707,S.Cerrado
185,0.456,1.2,4,0.82,0.0012,0.000,100.000,0.000000,0.707,S.Cerrado
190,0.456,1.2,4,0.82,0.0012,0.000,100.000,0.000000,0.707,S.Cerrado
195,0.461,1.2,4,0.82,0.0012,0.000,100.000,0.000000,0.707,S.Cerrado
200,0.461,1.2,4,0.82,0.0012,0.000,100.000,0.000000,0.707,S.Cerrado
205,0.483,1.2,4,0.82,0.0012,0.000,100.000,0.000000,0.707,S.Cerrado
210,0.504,1.2,4,0.82,0.0012,0.000,100.000,0.000000,0.707,S.Cerrado
215,0.509,1.2,4,0.82,0.0012,0.000,100.000,0.000000,0.707,S.Cerrado
220,0.525,1.2,4,0.82,0.0012,0.000,100.000,0.000000,0.707,S.Cerrado
225,0.522,1.2,4,0.82,0.0012,0.000,100.000,0.000000,0.707,S.Cerrado
230,0.463,1.2,4,0.82,0.0012,0.000,100.000,0.000000,0.707,S.Cerrado
235,0.393,1.2,4,0.82,0.0012,0.000,100.000,0.000000,0.707,S.Cerrado
240,0.363,1.2,4,0.82,0.0012,0.000,100.000,0.000000,0.707,S.Cerrado
245,0.349,1.2,4,0.82,0.0012,0.000,100.000,0.000000,0.707,S.Cerrado
250,0.337,1.2,4,0.82,0.0012,0.000,100.000,0.000000,0.707,S.Cerrado
255,0.322,1.2,4,0.82,0.0012,0.000,100.000,0.000132,0.707,S.Cerrado
260,0.315,1.2,4,0.82,0.0012,0.002,99.998,0.001230,0.707,S.Cerrado
265,0.308,1.2,4,0.82,0.0012,0.006,99.994,0.003435,0.707,S.Cerrado
270,0.293,1.2,4,0.82,0.0012,0.018,99.980,0.009434,0.707,S.Cerrado
275,0.284,1.2,4,0.82,0.0012,0.040,99.951,0.019450,0.706,S.Cerrado
280,0.282,1.2,4,0.82,0.0012,0.058,99.923,0.027498,0.706,S.Cerrado
285,0.282,1.2,4,0.82,0.0012,0.066,99.910,0.031162,0.706,S.Cerrado
290,0.282,1.2,4,0.82,0.0012,0.070,99.903,0.032831,0.706,S.Cerrado
295,0.282,1.2,4,0.82,0.0012,0.072,99.900,0.033675,0.706,S.Cerrado
300,0.279,1.2,4,0.82,0.0012,0.075,99.895,0.034952,0.706,S.Cerrado
305,0.279,1.2,4,0.82,0.0012,0.081,99.885,0.037250,0.706,S.Cerrado
310,0.279,1.2,4,0.82,0.0012,0.083,99.879,0.038327,0.706,S.Cerrado
315,0.279,1.2,4,0.82,0.0012,0.085,99.877,0.038917,0.706,S.Cerrado
320,0.279,1.2,4,0.82,0.0012,0.085,99.876,0.039220,0.706,S.Cerrado
325,0.279,1.2,4,0.82,0.0012,0.086,99.875,0.039308,0.706,S.Cerrado
330,0.279,1.2,4,0.82,0.0012,0.086,99.875,0.039430,0.706,S.Cerrado
335,0.279,1.2,4,0.82,0.0012,0.086,99.874,0.039407,0.706,S.Cerrado
340,0.279,1.2,4,0.82,0.0012,0.086,99.874,0.039473,0.706,S.Cerrado
345,0.279,1.2,4,0.82,0.0012,0.086,99.874,0.039493,0.706,S.Cerrado
350,0.282,1.2,4,0.82,0.0012,0.084,99.877,0.038869,0.706,S.Cerrado
355,0.285,1.2,4,0.82,0.0012,0.073,99.896,0.034487,0.706,S.Cerrado
360,0.286,1.2,4,0.82,0.0012,0.067,99.908,0.031792,0.706,S.Cerrado
365,0.292,1.2,4,0.82,0.0012,0.054,99.928,0.026646,0.706,S.Cerrado
370,0.294,1.2,4,0.82,0.0012,0.045,99.942,0.022435,0.706,S.Cerrado
375,0.295,1.2,4,0.82,0.0012,0.038,99.953,0.019294,0.706,S.Cerrado
380,0.295,1.2,4,0.82,0.0012,0.035,99.958,0.017909,0.707,S.Cerrado
385,0.295,1.2,4,0.82,0.0012,0.033,99.960,0.017208,0.707,S.Cerrado
390,0.298,1.2,4,0.82,0.0012,0.030,99.965,0.015532,0.707,S.Cerrado
395,0.298,1.2,4,0.82,0.0012,0.028,99.968,0.014527,0.707,S.Cerrado
400,0.297,1.2,4,0.82,0.0012,0.027,99.969,0.014317,0.707,S.Cerrado
405,0.296,1.2,4,0.82,0.0012,0.029,99.967,0.015042,0.707,S.Cerrado
410,0.294,1.2,4,0.82,0.0012,0.031,99.964,0.015986,0.707,S.Cerrado
415,0.292,1.2,4,0.82,0.0012,0.035,99.959,0.017719,0.706,S.Cerrado
420,0.292,1.2,4,0.82,0.0012,0.037,99.954,0.019016,0.707,S.Cerrado
425,0.292,1.2,4,0.82,0.0012,0.039,99.952,0.019652,0.707,S.Cerrado
430,0.292,1.2,4,0.82,0.0012,0.039,99.952,0.019889,0.707,S.Cerrado
435,0.292,1.2,4,0.82,0.0012,0.040,99.951,0.019990,0.707,S.Cerrado
440,0.292,1.2,4,0.82,0.0012,0.040,99.951,0.020117,0.707,S.Cerrado
445,0.292,1.2,4,0.82,0.0012,0.040,99.951,0.020132,0.706,S.Cerrado
450,0.288,1.2,4,0.82,0.0012,0.045,99.942,0.022605,0.706,S.Cerrado
455,0.288,1.2,4,0.82,0.0012,0.049,99.937,0.024026,0.706,S.Cerrado
460,0.288,1.2,4,0.82,0.0012,0.050,99.935,0.024670,0.706,S.Cerrado
465,0.287,1.2,4,0.82,0.0012,0.053,99.931,0.025775,0.706,S.Cerrado
470,0.287,1.2,4,0.82,0.0012,0.054,99.930,0.026269,0.706,S.Cerrado
475,0.287,1.2,4,0.82,0.0012,0.054,99.929,0.026437,0.706,S.Cerrado
480,0.287,1.2,4,0.82,0.0012,0.054,99.928,0.026601,0.706,S.Cerrado
485,0.287,1.2,4,0.82,0.0012,0.055,99.928,0.026617,0.706,S.Cerrado
490,0.287,1.2,4,0.82,0.0012,0.055,99.928,0.026673,0.706,S.Cerrado
495,0.287,1.2,4,0.82,0.0012,0.055,99.928,0.026625,0.706,S.Cerrado
500,0.287,1.2,4,0.82,0.0012,0.055,99.928,0.026646,0.706,S.Cerrado
505,0.287,1.2,4,0.82,0.0012,0.055,99.928,0.026563,0.706,S.Cerrado
510,0.287,1.2,4,0.82,0.0012,0.055,99.928,0.026571,0.706,S.Cerrado
515,0.287,1.2,4,0.82,0.0012,0.055,99.928,0.026640,0.706,S.Cerrado
520,0.287,1.2,4,0.82,0.0012,0.055,99.928,0.026697,0.706,S.Cerrado
525,0.287,1.2,4,0.82,0.0012,0.055,99.928,0.026708,0.706,S.Cerrado
530,0.287,1.2,4,0.82,0.0012,0.055,99.928,0.026691,0.706,S.Cerrado
535,0.287,1.2,4,0.82,0.0012,0.055,99.928,0.026650,0.706,S.Cerrado
540,0.287,1.2,4,0.82,0.0012,0.055,99.928,0.026680,0.706,S.Cerrado
545,0.287,1.2,4,0.82,0.0012,0.055,99.928,0.026689,0.706,S.Cerrado
550,0.287,1.2,4,0.82,0.0012,0.055,99.928,0.026670,0.706,S.Cerrado
555,0.287,1.2,4,0.82,0.0012,0.055,99.928,0.026673,0.706,S.Cerrado
560,0.287,1.2,4,0.82,0.0012,0.055,99.928,0.026654,0.706,S.Cerrado
565,0.287,1.2,4,0.82,0.0012,0.055,99.928,0.026690,0.706,S.Cerrado
570,0.287,1.2,4,0.82,0.0012,0.055,99.928,0.026700,0.706,S.Cerrado
575,0.287,1.2,4,0.82,0.0012,0.055,99.928,0.026665,0.706,S.Cerrado
580,0.287,1.2,4,0.82,0.0012,0.055,99.928,0.026724,0.706,S.Cerrado
585,0.287,1.2,4,0.82,0.0012,0.055,99.928,0.026616,0.706,S.Cerrado
590,0.287,1.2,4,0.82,0.0012,0.055,99.928,0.026645,0.706,S.Cerrado
595,0.287,1.2,4,0.82,0.0012,0.055,99.928,0.026672,0.706,S.Cerrado
600,0.287,1.2,4,0.82,0.0012,0.055,99.928,0.026697,0.706,S.Cerrado
605,0.287,1.2,4,0.82,0.0012,0.055,99.928,0.026648,0.706,S.Cerrado
610,0.287,1.2,4,0.82,0.0012,0.055,99.928,0.026661,0.706,S.Cerrado
615,0.287,1.2,4,0.82,0.0012,0.055,99.928,0.026650,0.706,S.Cerrado
620,0.287,1.2,4,0.82,0.0012,0.055,99.928,0.026625,0.706,S.Cerrado
625,0.287,1.2,4,0.82,0.0012,0.055,99.928,0.026686,0.706,S.Cerrado
630,0.287,1.2,4,0.82,0.0012,0.055,99.928,0.026710,0.706,S.Cerrado
635,0.287,1.2,4,0.82,0.0012,0.055,99.928,0.026703,0.706,S.Cerrado
640,0.287,1.2,4,0.82,0.0012,0.055,99.928,0.026708,0.706,S.Cerrado
645,0.287,1.2,4,0.82,0.0012,0.055,99.928,0.026645,0.706,S.Cerrado
650,0.287,1.2,4,0.82,0.0012,0.055,99.928,0.026680,0.706,S.Cerrado
655,0.287,1.2,4,0.82,0.0012,0.055,99.928,0.026618,0.706,S.Cerrado
660,0.287,1.2,4,0.82,0.0012,0.055,99.928,0.026683,0.706,S.Cerrado
665,0.287,1.2,4,0.82,0.0012,0.055,99.928,0.026591,0.706,S.Cerrado
670,0.287,1.2,4,0.82,0.0012,0.055,99.928,0.026576,0.706,S.Cerrado
675,0.287,1.2,4,0.82,0.0012,0.055,99.928,0.026570,0.706,S.Cerrado
680,0.287,1.2,4,0.82,0.0012,0.055,99.928,0.026642,0.706,S.Cerrado
685,0.287,1.2,4,0.82,0.0012,0.055,99.928,0.026594,0.706,S.Cerrado
690,0.287,1.2,4,0.82,0.0012,0.055,99.928,0.026601,0.706,S.Cerrado
695,0.287,1.2,4,0.82,0.0012,0.055,99.928,0.026605,0.706,S.Cerrado
700,0.287,1.2,4,0.82,0.0012,0.055,99.928,0.026614,0.706,S.Cerrado
705,0.287,1.2,4,0.82,0.0012,0.055,99.928,0.026646,0.706,S.Cerrado
710,0.287,1.2,4,0.82,0.0012,0.055,99.928,0.026648,0.706,S.Cerrado
715,0.287,1.16,4,0.82,0.0012,0.054,99.929,0.026318,0.706,S.Cerrado
720,0.287,1.69,4,0.82,0.0012,0.074,99.892,0.034817,0.706,S.Cerrado
725,0.287,1.96,4,0.82,0.0012,0.121,99.790,0.053887,0.705,S.Cerrado
730,0.287,2.17,4,0.82,0.0012,0.165,99.679,0.070978,0.704,S.Cerrado
735,0.287,2.35,4,0.82,0.0012,0.206,99.561,0.086636,0.702,S.Cerrado
740,0.287,2.44,4,0.82,0.0012,0.242,99.445,0.099370,0.701,S.Cerrado
745,0.287,2.44,4,0.82,0.0012,0.263,99.368,0.106934,0.700,S.Cerrado
750,0.287,2.44,4,0.82,0.0012,0.276,99.320,0.111254,0.700,S.Cerrado
755,0.287,2.41,4,0.82,0.0012,0.282,99.294,0.113118,0.699,S.Cerrado
760,0.287,2.41,4,0.82,0.0012,0.284,99.280,0.114025,0.699,S.Cerrado
765,0.287,2.37,4,0.82,0.0012,0.285,99.275,0.114099,0.699,S.Cerrado
770,0.287,2.21,4,0.82,0.0012,0.273,99.317,0.110091,0.700,S.Cerrado
775,0.287,2.2,4,0.82,0.0012,0.260,99.362,0.105863,0.700,S.Cerrado
780,0.287,2.16,4,0.82,0.0012,0.252,99.394,0.102982,0.701,S.Cerrado
785,0.287,1.89,4,0.82,0.0012,0.230,99.467,0.094864,0.701,S.Cerrado
790,0.287,1.76,4,0.82,0.0012,0.198,99.569,0.083812,0.702,S.Cerrado
795,0.287,1.7,4,0.82,0.0012,0.173,99.644,0.074777,0.703,S.Cerrado
800,0.287,1.7,4,0.82,0.0012,0.158,99.690,0.068915,0.703,S.Cerrado
805,0.287,1.7,4,0.82,0.0012,0.149,99.716,0.065584,0.704,S.Cerrado
810,0.287,1.7,4,0.82,0.0012,0.144,99.731,0.063697,0.704,S.Cerrado
815,0.287,1.7,4,0.82,0.0012,0.142,99.740,0.062564,0.704,S.Cerrado
820,0.287,1.7,4,0.82,0.0012,0.140,99.744,0.062018,0.704,S.Cerrado
825,0.287,1.7,4,0.82,0.0012,0.139,99.747,0.061665,0.704,S.Cerrado
830,0.287,1.49,4,0.82,0.0012,0.130,99.767,0.058036,0.704,S.Cerrado
835,0.287,1.18,4,0.82,0.0012,0.101,99.837,0.046081,0.705,S.Cerrado
840,0.287,1.02,4,0.82,0.0012,0.065,99.908,0.030504,0.706,S.Cerrado
845,0.287,1.02,4,0.82,0.0012,0.046,99.940,0.022058,0.706,S.Cerrado
850,0.287,1.02,4,0.82,0.0012,0.037,99.954,0.018100,0.706,S.Cerrado
855,0.287,1.02,4,0.82,0.0012,0.034,99.959,0.016298,0.706,S.Cerrado
860,0.287,1.02,4,0.82,0.0012,0.032,99.962,0.015470,0.706,S.Cerrado
865,0.287,0.98,4,0.82,0.0012,0.030,99.964,0.014623,0.706,S.Cerrado
870,0.287,0.16,4,0.82,0.0012,0.003,99.997,0.001579,0.707,S.Cerrado
875,0.287,0.14,4,0.82,0.0012,0.000,100.000,0.000000,0.707,S.Cerrado
880,0.287,0.14,4,0.82,0.0012,0.000,100.000,0.000000,0.707,S.Cerrado
885,0.287,0.14,4,0.82,0.0012,0.000,100.000,0.000000,0.707,S.Cerrado
890,0.287,0.14,4,0.82,0.0012,0.000,100.000,0.000000,0.707,S.Cerrado
895,0.287,0.19,4,0.82,0.0012,0.000,100.000,0.000000,0.707,S.Cerrado
900,0.287,0.21,4,0.82,0.0012,0.000,100.000,0.000000,0.707,S.Cerrado
905,0.287,0.23,4,0.82,0.0012,0.000,100.000,0.000000,0.707,S.Cerrado
910,0.287,0.38,4,0.82,0.0012,0.000,100.000,0.000000,0.707,S.Cerrado
915,0.287,0.44,4,0.82,0.0012,0.000,100.000,0.000000,0.707,S.Cerrado
920,0.287,0.56,4,0.82,0.0012,0.001,99.999,0.000596,0.707,S.Cerrado
925,0.287,0.61,4,0.82,0.0012,0.003,99.997,0.001701,0.707,S.Cerrado
930,0.287,0.64,4,0.82,0.0012,0.004,99.995,0.002454,0.707,S.Cerrado
935,0.287,0.66,4,0.82,0.0012,0.006,99.994,0.003129,0.707,S.Cerrado
940,0.287,0.66,4,0.82,0.0012,0.006,99.994,0.003324,0.707,S.Cerrado
945,0.287,0.66,4,0.82,0.0012,0.006,99.994,0.003415,0.707,S.Cerrado
950,0.287,0.66,4,0.82,0.0012,0.006,99.994,0.003396,0.707,S.Cerrado
955,0.287,0.66,4,0.82,0.0012,0.006,99.994,0.003457,0.707,S.Cerrado
960,0.287,0.66,4,0.82,0.0012,0.006,99.994,0.003455,0.707,S.Cerrado
965,0.287,0.66,4,0.82,0.0012,0.006,99.994,0.003424,0.707,S.Cerrado
970,0.287,0.66,4,0.82,0.0012,0.006,99.994,0.003467,0.707,S.Cerrado
975,0.287,0.66,4,0.82,0.0012,0.006,99.994,0.003509,0.707,S.Cerrado
980,0.287,0.66,4,0.82,0.0012,0.006,99.994,0.003463,0.707,S.Cerrado
985,0.287,0.66,4,0.82,0.0012,0.006,99.994,0.003434,0.707,S.Cerrado
990,0.287,0.66,4,0.82,0.0012,0.006,99.994,0.003487,0.707,S.Cerrado
995,0.287,0.66,4,0.82,0.0012,0.006,99.994,0.003417,0.707,S.Cerrado
1000,0.287,0.66,4,0.82,0.0012,0.006,99.994,0.003489,0.707,S.Cerrado
1005,0.287,0.66,4,0.82,0.0012,0.006,99.994,0.003479,0.707,S.Cerrado
1010,0.287,0.66,4,0.82,0.0012,0.006,99.994,0.003498,0.707,S.Cerrado
1015,0.287,0.78,4,0.82,0.0012,0.007,99.992,0.003935,0.707,S.Cerrado
1020,0.287,0.81,4,0.82,0.0012,0.009,99.991,0.004592,0.707,S.Cerrado
1025,0.287,0.81,4,0.82,0.0012,0.010,99.990,0.004888,0.707,S.Cerrado
1030,0.287,0.91,4,0.82,0.0012,0.011,99.989,0.005539,0.707,S.Cerrado
1035,0.287,1.03,4,0.82,0.0012,0.022,99.975,0.010764,0.707,S.Cerrado
1040,0.287,1.03,4,0.82,0.0012,0.028,99.968,0.013486,0.706,S.Cerrado
1045,0.287,1.15,4,0.82,0.0012,0.037,99.955,0.018078,0.706,S.Cerrado
1050,0.287,1.28,4,0.82,0.0012,0.049,99.936,0.024010,0.706,S.Cerrado
1055,0.287,1.4,4,0.82,0.0012,0.062,99.917,0.029572,0.706,S.Cerrado
1060,0.287,1.53,4,0.82,0.0012,0.080,99.884,0.036817,0.706,S.Cerrado
1065,0.287,1.65,4,0.82,0.0012,0.100,99.841,0.045391,0.705,S.Cerrado
1070,0.287,1.72,4,0.82,0.0012,0.117,99.803,0.052679,0.705,S.Cerrado
1075,0.287,1.87,4,0.82,0.0012,0.137,99.756,0.060572,0.704,S.Cerrado
1080,0.287,2.13,4,0.82,0.0012,0.167,99.676,0.072072,0.703,S.Cerrado
1085,0.287,2.36,4,0.82,0.0012,0.205,99.563,0.086426,0.702,S.Cerrado
1090,0.287,2.75,4,0.82,0.0012,0.256,99.394,0.104685,0.701,S.Cerrado
1095,0.287,3.18,4,0.82,0.0012,0.324,99.139,0.127488,0.699,S.Cerrado
1100,0.287,3.51,4,0.82,0.0012,0.393,98.834,0.149357,0.697,S.Cerrado
1105,0.287,3.96,4,0.82,0.0012,0.465,98.472,0.169812,0.694,S.Cerrado
1110,0.287,4.41,4,0.82,0.0012,0.537,98.044,0.188102,0.691,S.Cerrado
1115,0.287,4.74,4,0.82,0.0012,0.602,97.594,0.201643,0.688,S.Cerrado
1120,0.287,5,4,0.82,0.0012,0.655,97.164,0.209858,0.685,S.Cerrado
1125,0.287,5,4,0.82,0.0012,0.688,96.838,0.212422,0.684,S.Cerrado
1130,0.287,5,4,0.82,0.0012,0.707,96.615,0.211942,0.682,S.Cerrado
1135,0.287,5,4,0.82,0.0012,0.719,96.464,0.210318,0.682,S.Cerrado
1140,0.287,5,4,0.82,0.0012,0.726,96.362,0.208665,0.681,S.Cerrado
1145,0.287,5,4,0.82,0.0012,0.730,96.295,0.207160,0.681,S.Cerrado
1150,0.287,5,4,0.82,0.0012,0.733,96.253,0.205947,0.680,S.Cerrado
1155,0.287,5,4,0.82,0.0012,0.734,96.225,0.204971,0.680,S.Cerrado
1160,0.287,5,4,0.82,0.0012,0.735,96.209,0.204386,0.680,S.Cerrado
1165,0.287,5,4,0.82,0.0012,0.736,96.198,0.204042,0.680,S.Cerrado
1170,0.287,5,4,0.82,0.0012,0.736,96.192,0.203715,0.680,S.Cerrado
1175,0.287,4.84,4,0.82,0.0012,0.732,96.228,0.202719,0.679,S.Cerrado
1180,0.287,4.77,4,0.82,0.0012,0.724,96.292,0.201594,0.679,S.Cerrado
1185,0.287,4.69,4,0.82,0.0012,0.717,96.367,0.200705,0.678,S.Cerrado
1190,0.287,4.62,4,0.82,0.0012,0.708,96.451,0.199904,0.679,S.Cerrado
1195,0.287,4.56,4,0.82,0.0012,0.699,96.535,0.199248,0.679,S.Cerrado
1200,0.287,4.49,4,0.82,0.0012,0.691,96.619,0.198546,0.680,S.Cerrado
1205,0.287,4.39,4,0.82,0.0012,0.682,96.712,0.197666,0.681,S.Cerrado
1210,0.287,4.24,4,0.82,0.0012,0.668,96.834,0.195929,0.681,S.Cerrado
1215,0.287,4.18,4,0.82,0.0012,0.654,96.953,0.194543,0.681,S.Cerrado
1220,0.287,4.1,4,0.82,0.0012,0.642,97.064,0.193344,0.682,S.Cerrado
1225,0.287,4.03,4,0.82,0.0012,0.630,97.169,0.192154,0.682,S.Cerrado
1230,0.287,3.97,4,0.82,0.0012,0.619,97.269,0.190858,0.683,S.Cerrado
1235,0.287,3.89,4,0.82,0.0012,0.608,97.363,0.189631,0.683,S.Cerrado
1240,0.287,3.83,4,0.82,0.0012,0.597,97.455,0.188225,0.684,S.Cerrado
1245,0.287,3.8,4,0.82,0.0012,0.587,97.535,0.186934,0.685,S.Cerrado
1250,0.287,3.76,4,0.82,0.0012,0.579,97.603,0.186077,0.685,S.Cerrado
1255,0.287,3.72,4,0.82,0.0012,0.570,97.672,0.184811,0.685,S.Cerrado
1260,0.287,3.72,4,0.82,0.0012,0.565,97.721,0.184253,0.684,S.Cerrado
1265,0.287,3.58,4,0.82,0.0012,0.556,97.782,0.182968,0.685,S.Cerrado
1270,0.287,3.51,4,0.82,0.0012,0.543,97.868,0.180329,0.686,S.Cerrado
1275,0.287,3.48,4,0.82,0.0012,0.533,97.941,0.178477,0.687,S.Cerrado
1280,0.287,3.45,4,0.82,0.0012,0.524,98.003,0.176840,0.688,S.Cerrado
1285,0.287,3.45,4,0.82,0.0012,0.518,98.050,0.175812,0.689,S.Cerrado
1290,0.287,3.45,4,0.82,0.0012,0.514,98.082,0.175279,0.689,S.Cerrado
1295,0.287,3.45,4,0.82,0.0012,0.511,98.104,0.174935,0.689,S.Cerrado
1300,0.287,3.45,4,0.82,0.0012,0.510,98.118,0.174854,0.689,S.Cerrado
1305,0.287,3.45,4,0.82,0.0012,0.509,98.128,0.174722,0.690,S.Cerrado
1310,0.287,3.45,4,0.82,0.0012,0.508,98.134,0.174684,0.690,S.Cerrado
1315,0.287,3.45,4,0.82,0.0012,0.507,98.138,0.174689,0.690,S.Cerrado
1320,0.287,3.45,4,0.82,0.0012,0.507,98.141,0.174755,0.690,S.Cerrado
1325,0.287,3.45,4,0.82,0.0012,0.507,98.142,0.174752,0.690,S.Cerrado
1330,0.287,3.45,4,0.82,0.0012,0.507,98.143,0.174747,0.690,S.Cerrado
1335,0.287,3.45,4,0.82,0.0012,0.507,98.144,0.174790,0.690,S.Cerrado
1340,0.287,3.33,4,0.82,0.0012,0.502,98.171,0.173477,0.690,S.Cerrado
1345,0.287,3.3,4,0.82,0.0012,0.493,98.220,0.171268,0.690,S.Cerrado
1350,0.287,3.3,4,0.82,0.0012,0.487,98.256,0.169914,0.690,S.Cerrado
1355,0.287,3.17,4,0.82,0.0012,0.478,98.309,0.167870,0.690,S.Cerrado
1360,0.287,3.13,4,0.82,0.0012,0.465,98.380,0.164665,0.691,S.Cerrado
1365,0.287,3.13,4,0.82,0.0012,0.457,98.429,0.162902,0.692,S.Cerrado
1370,0.287,3.13,4,0.82,0.0012,0.452,98.462,0.161888,0.692,S.Cerrado
1375,0.287,3.13,4,0.82,0.0012,0.449,98.484,0.161306,0.692,S.Cerrado
1380,0.287,3.13,4,0.82,0.0012,0.447,98.498,0.160992,0.692,S.Cerrado
1385,0.287,3.13,4,0.82,0.0012,0.446,98.508,0.160751,0.692,S.Cerrado
1390,0.287,3.13,4,0.82,0.0012,0.445,98.514,0.160641,0.692,S.Cerrado
1395,0.287,3.13,4,0.82,0.0012,0.444,98.518,0.160608,0.692,S.Cerrado
1400,0.287,3.13,4,0.82,0.0012,0.444,98.521,0.160599,0.692,S.Cerrado
1405,0.287,3.13,4,0.82,0.0012,0.444,98.523,0.160649,0.692,S.Cerrado
1410,0.287,3.13,4,0.82,0.0012,0.443,98.524,0.160638,0.693,S.Cerrado
1415,0.287,3.13,4,0.82,0.0012,0.443,98.525,0.160565,0.693,S.Cerrado
1420,0.287,3.13,4,0.82,0.0012,0.443,98.525,0.160493,0.692,S.Cerrado
1425,0.287,3.13,4,0.82,0.0012,0.443,98.525,0.160666,0.693,S.Cerrado
1430,0.287,3.13,4,0.82,0.0012,0.443,98.525,0.160601,0.693,S.Cerrado
1435,0.287,3.13,4,0.82,0.0012,0.443,98.525,0.160615,0.693,S.Cerrado
1440,0.287,3.13,4,0.82,0.0012,0.443,98.525,0.160667,0.693,S.Cerrado
1445,0.287,3.13,4,0.82,0.0012,0.443,98.526,0.160559,0.693,S.Cerrado
1450,0.287,3.13,4,0.82,0.0012,0.443,98.525,0.160610,0.693,S.Cerrado
1455,0.287,3.13,4,0.82,0.0012,0.443,98.526,0.160566,0.693,S.Cerrado
1460,0.287,3.13,4,0.82,0.0012,0.443,98.526,0.160603,0.693,S.Cerrado
1465,0.287,3.13,4,0.82,0.0012,0.443,98.526,0.160693,0.693,S.Cerrado
1470,0.287,3.13,4,0.82,0.0012,0.443,98.526,0.160677,0.693,S.Cerrado
1475,0.287,3.13,4,0.82,0.0012,0.443,98.526,0.160562,0.692,S.Cerrado
1480,0.287,3.13,4,0.82,0.0012,0.443,98.526,0.160568,0.693,S.Cerrado
1485,0.287,3.13,4,0.82,0.0012,0.443,98.526,0.160588,0.693,S.Cerrado
1490,0.287,3.13,4,0.82,0.0012,0.443,98.526,0.160611,0.693,S.Cerrado
1495,0.287,3.13,4,0.82,0.0012,0.443,98.526,0.160638,0.692,S.Cerrado
1500,0.287,3.13,4,0.82,0.0012,0.443,98.526,0.160639,0.693,S.Cerrado
1505,0.287,3.13,4,0.82,0.0012,0.443,98.526,0.160592,0.693,S.Cerrado
1510,0.287,3.13,4,0.82,0.0012,0.443,98.526,0.160513,0.693,S.Cerrado
1515,0.287,3.13,4,0.82,0.0012,0.443,98.526,0.160556,0.693,S.Cerrado
1520,0.287,3.13,4,0.82,0.0012,0.443,98.526,0.160555,0.693,S.Cerrado
1525,0.287,3.13,4,0.82,0.0012,0.443,98.526,0.160571,0.693,S.Cerrado
1530,0.287,3.13,4,0.82,0.0012,0.443,98.526,0.160576,0.693,S.Cerrado
1535,0.287,3.13,4,0.82,0.0012,0.443,98.526,0.160648,0.693,S.Cerrado
1540,0.287,3.13,4,0.82,0.0012,0.443,98.526,0.160683,0.692,S.Cerrado
1545,0.287,3.13,4,0.82,0.0012,0.443,98.526,0.160560,0.693,S.Cerrado
1550,0.287,3.13,4,0.82,0.0012,0.443,98.526,0.160539,0.693,S.Cerrado
1555,0.287,3.13,4,0.82,0.0012,0.443,98.526,0.160599,0.693,S.Cerrado
1560,0.287,3.13,4,0.82,0.0012,0.443,98.526,0.160626,0.692,S.Cerrado
1565,0.287,3.13,4,0.82,0.0012,0.443,98.526,0.160629,0.692,S.Cerrado
1570,0.287,3.13,4,0.82,0.0012,0.443,98.525,0.160636,0.693,S.Cerrado
1575,0.287,3.13,4,0.82,0.0012,0.443,98.526,0.160641,0.693,S.Cerrado
1580,0.287,3.13,4,0.82,0.0012,0.443,98.526,0.160627,0.693,S.Cerrado
1585,0.287,3.13,4,0.82,0.0012,0.443,98.526,0.160612,0.693,S.Cerrado
1590,0.287,3.13,4,0.82,0.0012,0.443,98.526,0.160535,0.693,S.Cerrado
1595,0.287,3.13,4,0.82,0.0012,0.443,98.526,0.160490,0.693,S.Cerrado
1600,0.287,3.13,4,0.82,0.0012,0.443,98.526,0.160556,0.693,S.Cerrado
1605,0.287,3.13,4,0.82,0.0012,0.443,98.526,0.160566,0.693,S.Cerrado
1610,0.287,3.13,4,0.82,0.0012,0.443,98.526,0.160608,0.693,S.Cerrado
1615,0.287,3.13,6,0.82,0.0012,0.390,98.679,0.141422,0.694,S.Cerrado
1620,0.287,3.13,7.7,0.82,0.0012,0.273,99.070,0.099949,0.696,S.Cerrado
1625,0.287,3.13,7.7,0.82,0.0012,0.206,99.328,0.077205,0.699,S.Cerrado
1630,0.287,3.13,7.7,0.82,0.0012,0.172,99.472,0.066175,0.700,S.Cerrado
1635,0.287,3.13,7.7,0.82,0.0012,0.154,99.550,0.060522,0.701,S.Cerrado
1640,0.287,3.13,6.4,0.82,0.0012,0.158,99.554,0.062669,0.702,S.Cerrado
1645,0.287,3.13,3.6,0.82,0.0012,0.283,99.225,0.111009,0.700,S.Cerrado
1650,0.287,3.13,2.2,0.82,0.0012,0.535,98.544,0.202264,0.696,S.Cerrado
1655,0.287,3.13,1.8,0.82,0.0012,0.748,97.817,0.267853,0.692,S.Cerrado
1660,0.287,3.13,1.8,0.82,0.0012,0.875,97.159,0.297597,0.689,S.Cerrado
1665,0.287,3.13,1.8,0.82,0.0012,0.939,96.615,0.304756,0.685,S.Cerrado
1670,0.287,3.13,1.8,0.82,0.0012,0.974,96.165,0.302085,0.682,S.Cerrado
1675,0.287,3.13,1.8,0.82,0.0012,0.994,95.790,0.295436,0.679,S.Cerrado
1680,0.287,3.13,1.8,0.82,0.0012,1.007,95.479,0.287415,0.677,S.Cerrado
1685,0.287,3.13,1.8,0.82,0.0012,1.015,95.224,0.279260,0.675,S.Cerrado
1690,0.287,3.13,1.4,0.82,0.0012,1.039,94.969,0.274767,0.673,S.Cerrado
1695,0.287,3.13,0.6,0.82,0.0012,1.172,94.347,0.287938,0.670,S.Cerrado
1700,0.287,3.13,0.6,0.82,0.0012,1.247,93.713,0.289463,0.669,S.Cerrado
1705,0.287,3.13,0,0.82,0.0012,1.377,92.905,0.291607,0.667,S.Cerrado
1710,0.287,3.13,0,0.82,0.0012,1.452,92.108,0.286982,0.665,S.Cerrado
1715,0.287,3.13,0,0.82,0.0012,1.491,91.363,0.278952,0.664,S.Cerrado
1720,0.287,3.13,0,0.82,0.0012,1.512,90.663,0.269246,0.663,S.Cerrado
1725,0.287,3.13,0,0.82,0.0012,1.526,90.004,0.259058,0.661,S.Cerrado
1730,0.287,3.13,0,0.82,0.0012,1.536,89.381,0.248904,0.660,S.Cerrado
1735,0.287,3.13,0,0.82,0.0012,1.546,88.794,0.238986,0.658,S.Cerrado
1740,0.287,3.13,0,0.82,0.0012,1.555,88.240,0.229415,0.657,S.Cerrado
1745,0.287,3.13,0,0.82,0.0012,1.564,87.718,0.220064,0.656,S.Cerrado
1750,0.287,3.13,0,0.82,0.0012,1.573,87.228,0.210951,0.655,S.Cerrado
1755,0.287,3.13,0,0.82,0.0012,1.583,86.768,0.202362,0.653,S.Cerrado
1760,0.287,3.13,0,0.82,0.0012,1.593,86.336,0.194147,0.651,S.Cerrado
1765,0.287,3.13,0,0.82,0.0012,1.602,85.933,0.186348,0.649,S.Cerrado
1770,0.287,3.13,0,0.82,0.0012,1.612,85.558,0.178810,0.647,S.Cerrado
1775,0.287,3.13,0,0.82,0.0012,1.623,85.209,0.171484,0.646,S.Cerrado
1780,0.287,3.13,0,0.82,0.0012,1.634,84.885,0.164472,0.644,S.Cerrado
1785,0.287,3.13,0,0.82,0.0012,1.644,84.587,0.157792,0.642,S.Cerrado
1790,0.287,3.13,0,0.82,0.0012,1.655,84.314,0.151461,0.641,S.Cerrado
1795,0.287,3.13,0,0.82,0.0012,1.665,84.065,0.145558,0.639,S.Cerrado
1800,0.287,3.13,0,0.82,0.0012,1.676,83.840,0.139952,0.639,S.Cerrado
1805,0.287,3.13,0.2,0.82,0.0012,1.686,83.638,0.134712,0.638,S.Cerrado
1810,0.287,3.13,0.3,0.82,0.0012,1.696,83.458,0.129799,0.637,S.Cerrado
1815,0.287,3.13,0.3,0.82,0.0012,1.706,83.302,0.125392,0.636,S.Cerrado
1820,0.287,3.13,0.3,0.82,0.0012,1.714,83.166,0.121571,0.636,S.Cerrado
1825,0.287,3.13,0.3,0.82,0.0012,1.722,83.050,0.118095,0.636,S.Cerrado
1830,0.287,3.13,0.3,0.82,0.0012,1.730,82.953,0.114914,0.637,S.Cerrado
1835,0.287,3.13,0.3,0.82,0.0012,1.738,82.873,0.112165,0.638,S.Cerrado
1840,0.287,3.13,0.3,0.82,0.0012,1.744,82.809,0.109788,0.640,S.Cerrado
1845,0.287,3.13,0.3,0.82,0.0012,1.750,82.759,0.107948,0.644,S.Cerrado
1850,0.287,3.13,0.3,0.82,0.0012,1.754,82.722,0.106436,0.648,S.Cerrado
1855,0.287,3.13,0.3,0.82,0.0012,1.758,82.693,0.105426,0.652,S.Cerrado
1860,0.287,3.13,0.3,0.82,0.0012,1.761,82.672,0.104696,0.656,S.Cerrado
1865,0.287,3.13,0.3,0.82,0.0012,1.762,82.656,0.104099,0.660,S.Cerrado
1870,0.287,3.13,0.3,0.82,0.0012,1.763,82.644,0.103470,0.661,S.Cerrado
1875,0.287,3.13,0.1,0.82,0.0012,1.764,82.636,0.103131,0.661,S.Cerrado
1880,0.287,3.13,0,0.82,0.0012,1.764,82.631,0.102798,0.661,S.Cerrado
1885,0.287,3.13,0,0.82,0.0012,1.765,82.629,0.102580,0.660,S.Cerrado
1890,0.287,3.13,0,0.82,0.0012,1.766,82.629,0.102334,0.661,S.Cerrado
1895,0.287,3.13,0,0.82,0.0012,1.766,82.629,0.102219,0.660,S.Cerrado
1900,0.287,3.13,0,0.82,0.0012,1.767,82.629,0.102179,0.660,S.Cerrado
1905,0.287,3.13,0,0.82,0.0012,1.767,82.630,0.102191,0.659,S.Cerrado
1910,0.287,3.13,0,0.82,0.0012,1.767,82.632,0.102176,0.657,S.Cerrado
1915,0.287,3.13,0,0.82,0.0012,1.767,82.634,0.101949,0.654,S.Cerrado
1920,0.287,3.13,0,0.82,0.0012,1.767,82.636,0.101957,0.651,S.Cerrado
1925,0.287,3.13,0,0.82,0.0012,1.767,82.640,0.101986,0.646,S.Cerrado
1930,0.287,3.13,0,0.82,0.0012,1.766,82.644,0.102193,0.641,S.Cerrado
1935,0.287,3.13,0,0.82,0.0012,1.766,82.647,0.102444,0.636,S.Cerrado
1940,0.287,3.13,0,0.82,0.0012,1.765,82.650,0.102752,0.631,S.Cerrado
1945,0.287,3.13,0,0.82,0.0012,1.764,82.651,0.102976,0.627,S.Cerrado
1950,0.287,3.13,0,0.82,0.0012,1.764,82.650,0.103161,0.623,S.Cerrado
1955,0.287,3.13,0,0.82,0.0012,1.763,82.647,0.103132,0.621,S.Cerrado
1960,0.287,3.13,0,0.82,0.0012,1.764,82.644,0.103082,0.619,S.Cerrado
1965,0.287,3.13,0,0.82,0.0012,1.764,82.639,0.102920,0.618,S.Cerrado
1970,0.287,3.13,0,0.82,0.0012,1.765,82.635,0.102712,0.619,S.Cerrado
1975,0.287,3.13,0,0.82,0.0012,1.766,82.631,0.102350,0.621,S.Cerrado
1980,0.287,3.13,0,0.82,0.0012,1.767,82.629,0.102143,0.624,S.Cerrado
1985,0.287,3.13,0,0.82,0.0012,1.768,82.628,0.102155,0.625,S.Cerrado
1990,0.287,3.13,0,0.82,0.0012,1.768,82.629,0.102197,0.627,S.Cerrado
1995,0.287,3.13,0,0.82,0.0012,1.768,82.630,0.102282,0.627,S.Cerrado
2000,0.287,3.13,1.7,0.82,0.0012,1.626,83.442,0.095280,0.629,S.Cerrado
2005,0.287,3.13,1.8,0.82,0.0012,1.488,84.863,0.088554,0.632,S.Cerrado
2010,0.287,3.13,1.8,0.82,0.0012,1.398,86.385,0.087939,0.636,S.Cerrado
2015,0.287,3.13,1.8,0.82,0.0012,1.332,87.882,0.093369,0.640,S.Cerrado
2020,0.287,3.13,1.8,0.82,0.0012,1.279,89.247,0.104167,0.644,S.Cerrado
2025,0.287,3.13,1.8,0.82,0.0012,1.231,90.438,0.119495,0.648,S.Cerrado
2030,0.287,3.13,1.8,0.82,0.0012,1.190,91.430,0.137752,0.652,S.Cerrado
2035,0.287,3.13,1.8,0.82,0.0012,1.154,92.217,0.156689,0.654,S.Cerrado
2040,0.287,3.13,1.8,0.82,0.0012,1.125,92.815,0.174200,0.656,S.Cerrado
2045,0.287,3.13,1.8,0.82,0.0012,1.104,93.255,0.189086,0.658,S.Cerrado
2050,0.287,3.13,1.8,0.82,0.0012,1.088,93.575,0.200732,0.660,S.Cerrado
2055,0.287,3.13,1.8,0.82,0.0012,1.077,93.806,0.210145,0.662,S.Cerrado
2060,0.287,3.13,1.8,0.82,0.0012,1.069,93.972,0.217223,0.663,S.Cerrado
2065,0.287,3.13,1.8,0.82,0.0012,1.063,94.091,0.222804,0.664,S.Cerrado
2070,0.287,3.13,1.8,0.82,0.0012,1.059,94.176,0.226974,0.665,S.Cerrado
2075,0.287,3.13,1.8,0.78,0.0012,1.101,93.903,0.233216,0.665,S.Cerrado
2080,0.287,3.13,1.8,0.745,0.0012,1.203,92.884,0.238689,0.663,S.Cerrado
2085,0.287,3.13,1.8,0.719,0.0012,1.305,91.238,0.234649,0.661,S.Cerrado
2090,0.287,3.13,1.8,0.691,0.0012,1.377,83.625,0.205598,0.658,S.Cerrado
2095,0.287,3.13,1.8,0.667,0.0012,1.195,68.086,0.155493,0.654,Transición
2100,0.287,3.13,1.8,0.637,0.0012,0.893,47.744,0.098892,0.650,Ciclo Límite
2105,0.287,3.13,1.8,0.607,0.0012,0.581,28.674,0.052776,0.648,Ciclo Límite
2110,0.287,3.13,1.8,0.591,0.0012,0.349,15.274,0.024502,0.646,Ciclo Límite
2115,0.287,3.13,1.8,0.59,0.0012,0.215,7.792,0.010757,0.642,Transición
2120,0.287,3.13,1.8,0.59,0.0012,0.146,3.982,0.004634,0.622,Colapso
2125,0.287,3.13,1.8,0.59,0.0012,0.113,2.041,0.001993,0.617,Colapso
2130,0.287,3.13,1.8,0.59,0.0012,0.098,1.049,0.000914,0.628,Colapso
2135,0.287,3.13,1.8,0.59,0.0012,0.092,0.542,0.000433,0.699,Colapso
2140,0.287,3.13,1.8,0.59,0.0012,0.090,0.283,0.000183,0.804,Colapso
2145,0.287,3.13,1.8,0.59,0.0012,0.088,0.153,0.000159,0.742,Colapso
2150,0.287,3.13,1.8,0.607,0.0012,0.082,0.098,0.000118,0.565,Colapso
2155,0.287,3.13,1.8,0.642,0.0012,0.081,0.090,0.000100,0.940,Colapso
2160,0.287,3.13,1.8,0.661,0.0012,0.083,0.094,0.000122,0.745,Colapso
2165,0.287,3.13,1.8,0.687,0.0012,0.087,0.103,0.000087,0.682,Colapso
2170,0.287,3.13,1.8,0.698,0.0012,0.090,0.113,0.000229,0.493,Colapso
2175,0.287,3.13,1.8,0.709,0.0012,0.094,0.123,0.000248,0.102,Colapso
2180,0.287,3.13,1.8,0.72,0.0012,0.098,0.138,0.000283,0.695,Colapso
2185,0.287,3.13,1.8,0.732,0.0012,0.103,0.154,0.000291,1.127,Colapso
2190,0.287,3.13,1.8,0.75,0.0012,0.108,0.181,0.000385,0.519,Colapso
2195,0.287,3.13,1.8,0.758,0.0012,0.112,0.221,0.000531,0.212,Colapso
2200,0.287,3.13,1.8,0.768,0.0012,0.115,0.279,0.000615,0.522,Colapso
2205,0.287,3.13,1.8,0.776,0.0012,0.117,0.369,0.000930,0.442,Colapso
2210,0.287,3.13,1.8,0.776,0.0012,0.118,0.490,0.001161,0.456,Colapso
2215,0.287,3.13,1.8,0.776,0.0012,0.119,0.653,0.001481,0.400,Colapso
2220,0.287,3.13,1.8,0.776,0.0012,0.121,0.870,0.001835,0.445,Colapso
2225,0.287,3.13,1.8,0.776,0.0012,0.122,1.160,0.002230,0.457,Colapso
2230,0.287,3.13,1.8,0.776,0.0012,0.127,1.550,0.002618,0.523,Colapso
2235,0.287,3.13,1.8,0.776,0.0012,0.134,2.072,0.003121,0.512,Colapso
2240,0.287,3.13,1.8,0.776,0.0012,0.145,2.774,0.003573,0.496,Colapso
2245,0.287,3.13,1.8,0.776,0.0012,0.161,3.718,0.004260,0.510,Colapso
2250,0.287,3.13,1.8,0.776,0.0012,0.187,4.991,0.005067,0.519,Colapso
2255,0.287,3.13,1.8,0.776,0.0012,0.225,6.705,0.005770,0.529,Transición
2260,0.287,3.13,1.8,0.776,0.0012,0.280,9.016,0.006795,0.521,Transición
2265,0.287,3.13,1.8,0.776,0.0012,0.357,12.136,0.008020,0.529,Transición
2270,0.287,3.13,1.8,0.776,0.0012,0.466,16.344,0.009494,0.538,Transición
2275,0.287,3.13,1.8,0.776,0.0012,0.616,22.025,0.011607,0.550,Transición
2280,0.287,3.13,1.8,0.776,0.0012,0.824,29.692,0.014561,0.560,Transición
2285,0.287,3.13,1.8,0.776,0.0012,1.109,40.044,0.018668,0.570,Ciclo Límite
2290,0.287,3.13,1.8,0.776,0.0012,1.497,54.017,0.024310,0.575,Ciclo Límite
2295,0.287,3.13,1.8,0.776,0.0012,1.930,71.989,0.032125,0.647,S.Cerrado
2300,0.287,3.13,1.8,0.776,0.0012,1.882,78.059,0.042932,0.587,S.Cerrado
2305,0.287,3.13,1.8,0.776,0.0012,1.743,81.456,0.057425,0.611,S.Cerrado
2310,0.287,3.13,1.8,0.776,0.0012,1.606,83.691,0.074580,0.626,S.Cerrado
2315,0.287,3.13,1.8,0.776,0.0012,1.521,85.284,0.089976,0.628,S.Cerrado
2320,0.287,3.13,1.8,0.776,0.0012,1.463,86.498,0.103982,0.628,S.Cerrado
2325,0.287,3.13,1.8,0.776,0.0012,1.422,87.448,0.116844,0.627,S.Cerrado
2330,0.287,3.13,1.8,0.768,0.0012,1.399,88.102,0.128609,0.627,S.Cerrado
2335,0.287,3.13,1.8,0.756,0.0012,1.400,88.331,0.138117,0.629,S.Cerrado
2340,0.287,3.13,1.8,0.754,0.0012,1.407,88.370,0.145912,0.630,S.Cerrado
2345,0.287,3.13,1.8,0.748,0.0012,1.410,88.335,0.151797,0.632,S.Cerrado
2350,0.287,3.13,1.8,0.738,0.0012,1.430,87.928,0.154436,0.634,S.Cerrado
2355,0.287,3.13,1.8,0.738,0.0012,1.444,87.497,0.154931,0.635,S.Cerrado
2360,0.287,3.13,1.8,0.738,0.0012,1.452,87.110,0.154040,0.638,S.Cerrado
2365,0.287,3.13,1.8,0.738,0.0012,1.459,86.762,0.151894,0.640,S.Cerrado
2370,0.287,3.13,1.8,0.738,0.0012,1.464,86.450,0.148953,0.642,S.Cerrado
2375,0.287,3.13,1.8,0.738,0.0012,1.470,86.175,0.145529,0.643,S.Cerrado
2380,0.287,3.13,1.8,0.738,0.0012,1.476,85.936,0.141839,0.644,S.Cerrado
2385,0.287,3.13,1.8,0.738,0.0012,1.482,85.733,0.138089,0.644,S.Cerrado
2390,0.287,3.13,1.8,0.738,0.0012,1.488,85.564,0.134486,0.645,S.Cerrado
2395,0.287,3.13,1.8,0.738,0.0012,1.494,85.427,0.131015,0.645,S.Cerrado
2400,0.287,3.13,1.8,0.738,0.0012,1.500,85.318,0.128032,0.645,S.Cerrado
2405,0.287,3.13,1.8,0.72,0.0012,1.522,84.813,0.123169,0.645,S.Cerrado
2410,0.287,3.13,1.8,0.718,0.0012,1.556,83.907,0.115598,0.643,S.Cerrado
2415,0.287,3.13,1.8,0.718,0.0012,1.581,83.109,0.107971,0.642,S.Cerrado
2420,0.287,3.13,1.8,0.718,0.0012,1.603,82.400,0.100622,0.641,S.Cerrado
2425,0.287,3.13,1.8,0.718,0.0012,1.622,81.767,0.093483,0.641,S.Cerrado
2430,0.287,3.13,1.8,0.714,0.0012,1.652,80.878,0.085218,0.639,S.Cerrado
2435,0.287,3.13,1.8,0.714,0.0012,1.680,80.067,0.077426,0.636,S.Cerrado
2440,0.287,3.13,1.8,0.711,0.0012,1.745,79.100,0.069797,0.634,S.Cerrado
2445,0.287,3.13,1.8,0.705,0.0012,1.726,75.737,0.060868,0.631,S.Cerrado
2450,0.287,3.13,1.8,0.705,0.0012,1.682,72.050,0.052723,0.628,S.Cerrado
2455,0.287,3.13,1.8,0.705,0.0012,1.639,68.582,0.045877,0.624,Ciclo Límite
2460,0.287,3.13,1.8,0.705,0.0012,1.596,65.313,0.040113,0.620,Ciclo Límite
2465,0.287,3.13,1.8,0.705,0.0012,1.552,62.229,0.035457,0.616,Ciclo Límite
2470,0.287,3.13,1.8,0.705,0.0012,1.508,59.316,0.031782,0.611,Ciclo Límite
2475,0.287,3.13,1.8,0.705,0.0012,1.463,56.558,0.028592,0.605,Ciclo Límite
2480,0.287,3.13,1.8,0.705,0.0012,1.417,53.944,0.026074,0.598,Ciclo Límite
2485,0.287,3.13,1.8,0.705,0.0012,1.370,51.464,0.024147,0.590,Ciclo Límite
2490,0.287,3.13,1.8,0.705,0.0012,1.324,49.109,0.022443,0.583,Ciclo Límite
2495,0.287,3.13,1.8,0.705,0.0012,1.277,46.870,0.021079,0.575,Ciclo Límite
2500,0.287,3.13,1.8,0.705,0.0012,1.231,44.741,0.019883,0.566,Ciclo Límite
2505,0.287,3.13,1.8,0.705,0.0012,1.185,42.713,0.018815,0.557,Ciclo Límite
2510,0.287,3.13,1.8,0.705,0.0012,1.140,40.782,0.017947,0.546,Ciclo Límite
2515,0.287,3.13,1.8,0.705,0.0012,1.097,38.939,0.016961,0.533,Ciclo Límite
2520,0.287,3.13,1.8,0.705,0.0012,1.055,37.182,0.016052,0.520,Ciclo Límite
2525,0.287,3.13,1.8,0.705,0.0012,1.013,35.508,0.015175,0.506,Ciclo Límite
2530,0.287,3.13,1.8,0.705,0.0012,0.974,33.911,0.014302,0.495,Transición
2535,0.287,3.13,1.8,0.705,0.0012,0.936,32.389,0.013449,0.483,Transición
2540,0.287,3.13,1.8,0.705,0.0012,0.899,30.938,0.012585,0.474,Transición
2545,0.287,3.13,1.8,0.705,0.0012,0.865,29.553,0.011796,0.462,Transición
2550,0.287,3.13,1.8,0.705,0.0012,0.832,28.232,0.011029,0.450,Transición
2555,0.287,3.13,1.8,0.705,0.0012,0.801,26.974,0.010345,0.438,Transición
2560,0.287,3.13,1.8,0.705,0.0012,0.770,25.774,0.009666,0.426,Transición
2565,0.287,3.13,1.8,0.705,0.0012,0.741,24.630,0.008985,0.412,Transición
2570,0.287,3.13,1.8,0.705,0.0012,0.713,23.537,0.008425,0.399,Transición
2575,0.287,3.13,1.8,0.705,0.0012,0.686,22.496,0.007969,0.388,Transición
2580,0.287,3.13,1.8,0.705,0.0012,0.660,21.503,0.007398,0.376,Transición
2585,0.287,3.13,1.8,0.705,0.0012,0.635,20.554,0.007009,0.361,Transición
2590,0.287,3.13,1.8,0.705,0.0012,0.611,19.649,0.006614,0.349,Transición
2595,0.287,3.13,1.8,0.705,0.0012,0.588,18.785,0.006366,0.333,Transición
2600,0.287,3.13,1.8,0.705,0.0012,0.565,17.959,0.006006,0.319,Transición
2605,0.287,3.13,1.8,0.705,0.0012,0.544,17.171,0.005665,0.305,Transición
2610,0.287,3.13,1.8,0.705,0.0012,0.523,16.417,0.005398,0.297,Transición
2615,0.287,3.13,1.8,0.705,0.0012,0.503,15.698,0.005284,0.286,Transición
2620,0.287,3.13,1.8,0.705,0.0012,0.485,15.011,0.004909,0.269,Transición
2625,0.287,3.13,1.8,0.705,0.0012,0.466,14.354,0.004675,0.251,Transición
2630,0.287,3.13,1.8,0.705,0.0012,0.448,13.726,0.004533,0.242,Transición
2635,0.287,3.13,1.8,0.705,0.0012,0.432,13.126,0.004165,0.227,Transición
2640,0.287,3.13,1.8,0.705,0.0012,0.415,12.553,0.004029,0.215,Transición
2645,0.287,3.13,1.8,0.705,0.0012,0.400,12.006,0.003753,0.203,Transición
2650,0.287,3.13,1.8,0.705,0.0012,0.385,11.483,0.003589,0.185,Transición
2655,0.287,3.13,1.8,0.705,0.0012,0.371,10.982,0.003406,0.176,Transición
2660,0.287,3.13,1.8,0.705,0.0012,0.358,10.504,0.003245,0.162,Transición
2665,0.287,3.13,1.8,0.705,0.0012,0.345,10.048,0.003022,0.149,Transición
2670,0.287,3.13,1.8,0.705,0.0012,0.332,9.611,0.002876,0.138,Transición
2675,0.287,3.13,1.8,0.705,0.0012,0.321,9.193,0.002782,0.136,Transición
2680,0.287,3.13,1.8,0.705,0.0012,0.308,8.794,0.002703,0.132,Transición
2685,0.287,3.13,1.8,0.705,0.0012,0.298,8.412,0.002481,0.116,Transición
2690,0.287,3.13,1.8,0.705,0.0012,0.288,8.048,0.002391,0.111,Transición
2695,0.287,3.13,1.8,0.705,0.0012,0.278,7.698,0.002292,0.092,Transición
2700,0.287,3.13,1.8,0.705,0.0012,0.268,7.365,0.002173,0.082,Transición
2705,0.287,3.13,1.8,0.705,0.0012,0.259,7.046,0.002062,0.074,Transición
2710,0.287,3.13,1.8,0.705,0.0012,0.251,6.743,0.001996,0.075,Transición
2715,0.287,3.13,1.8,0.705,0.0012,0.243,6.452,0.001941,0.065,Transición
2720,0.287,3.13,1.8,0.705,0.0012,0.234,6.174,0.001852,0.056,Transición
2725,0.287,3.13,1.8,0.705,0.0012,0.227,5.907,0.001746,0.070,Transición
2730,0.287,3.13,1.8,0.705,0.0012,0.219,5.652,0.001621,0.069,Transición
2735,0.287,3.13,1.8,0.705,0.0012,0.213,5.408,0.001544,0.088,Transición
2740,0.287,3.13,1.8,0.705,0.0012,0.206,5.174,0.001458,0.087,Transición
2745,0.287,3.13,1.8,0.705,0.0012,0.199,4.952,0.001403,0.087,Colapso
2750,0.287,3.13,1.8,0.705,0.0012,0.194,4.739,0.001406,0.111,Colapso
2755,0.287,3.13,1.8,0.705,0.0012,0.188,4.535,0.001311,0.102,Colapso
2760,0.287,3.13,1.8,0.705,0.0012,0.183,4.341,0.001335,0.122,Colapso
2765,0.287,3.13,1.8,0.705,0.0012,0.178,4.154,0.001258,0.146,Colapso
2770,0.287,3.13,1.8,0.705,0.0012,0.173,3.977,0.001182,0.151,Colapso
2775,0.287,3.13,1.8,0.705,0.0012,0.169,3.806,0.001104,0.181,Colapso
2780,0.287,3.13,1.8,0.705,0.0012,0.164,3.643,0.001111,0.190,Colapso
2785,0.287,3.13,1.8,0.705,0.0012,0.161,3.486,0.001027,0.199,Colapso
2790,0.287,3.13,1.8,0.705,0.0012,0.157,3.338,0.001017,0.211,Colapso
2795,0.287,3.13,1.8,0.705,0.0012,0.153,3.195,0.000955,0.214,Colapso
2800,0.287,3.13,1.8,0.705,0.0012,0.149,3.059,0.000916,0.252,Colapso
2805,0.287,3.13,1.8,0.705,0.0012,0.146,2.928,0.000931,0.271,Colapso
2810,0.287,3.13,1.8,0.708,0.0012,0.144,2.826,0.000893,0.246,Colapso
2815,0.287,3.13,1.8,0.708,0.0012,0.142,2.747,0.000872,0.259,Colapso
2820,0.287,3.13,1.8,0.712,0.0012,0.141,2.686,0.000801,0.254,Colapso
2825,0.287,3.13,1.8,0.714,0.0012,0.142,2.678,0.000794,0.250,Colapso
2830,0.287,3.13,1.8,0.714,0.0012,0.142,2.682,0.000764,0.273,Colapso
2835,0.287,3.13,1.8,0.714,0.0012,0.142,2.686,0.000780,0.272,Colapso
2840,0.287,3.13,1.8,0.714,0.0012,0.142,2.690,0.000778,0.268,Colapso
2845,0.287,3.13,1.8,0.714,0.0012,0.142,2.693,0.000785,0.280,Colapso
2850,0.287,3.13,1.8,0.714,0.0012,0.142,2.697,0.000754,0.276,Colapso
2855,0.287,3.13,1.8,0.715,0.0012,0.143,2.713,0.000843,0.279,Colapso
2860,0.287,3.13,1.8,0.715,0.0012,0.143,2.731,0.000838,0.250,Colapso
2865,0.287,3.13,1.8,0.715,0.0012,0.143,2.749,0.000833,0.265,Colapso
2870,0.287,3.13,1.8,0.716,0.0012,0.144,2.770,0.000900,0.277,Colapso
2875,0.287,3.13,1.8,0.719,0.0012,0.146,2.826,0.000973,0.293,Colapso
2880,0.287,3.13,1.8,0.719,0.0012,0.148,2.903,0.000942,0.306,Colapso
2885,0.287,3.13,1.8,0.72,0.0012,0.150,2.993,0.000924,0.332,Colapso
2890,0.287,3.13,1.8,0.723,0.0012,0.153,3.111,0.000939,0.332,Colapso
2895,0.287,3.13,1.8,0.724,0.0012,0.158,3.272,0.000986,0.321,Colapso
2900,0.287,3.13,1.8,0.724,0.0012,0.162,3.445,0.000993,0.331,Colapso
2905,0.287,3.13,1.8,0.724,0.0012,0.167,3.625,0.001122,0.323,Colapso
2910,0.287,3.13,1.8,0.729,0.0012,0.174,3.864,0.001152,0.320,Colapso
2915,0.287,3.13,1.8,0.73,0.0012,0.183,4.188,0.001244,0.312,Colapso
2920,0.287,3.13,1.8,0.73,0.0012,0.193,4.540,0.001316,0.305,Colapso
2925,0.287,3.13,1.8,0.736,0.0012,0.209,5.048,0.001488,0.309,Transición
2930,0.287,3.13,1.8,0.736,0.0012,0.227,5.636,0.001637,0.304,Transición
2935,0.287,3.13,1.8,0.736,0.0012,0.247,6.294,0.001775,0.286,Transición
2940,0.287,3.13,1.8,0.736,0.0012,0.271,7.026,0.001971,0.287,Transición
2945,0.287,3.13,1.8,0.736,0.0012,0.298,7.845,0.002099,0.284,Transición
2950,0.287,3.13,1.8,0.737,0.0012,0.328,8.767,0.002323,0.279,Transición
2955,0.287,3.13,1.8,0.74,0.0012,0.367,9.924,0.002587,0.277,Transición
2960,0.287,3.13,1.8,0.74,0.0012,0.413,11.299,0.002912,0.266,Transición
2965,0.287,3.13,1.8,0.74,0.0012,0.466,12.865,0.003230,0.267,Transición
2970,0.287,3.13,1.8,0.74,0.0012,0.527,14.648,0.003670,0.258,Transición
2975,0.287,3.13,1.8,0.74,0.0012,0.597,16.679,0.004099,0.253,Transición
2980,0.287,3.13,1.8,0.74,0.0012,0.678,18.992,0.004618,0.244,Transición
2985,0.287,3.13,1.8,0.74,0.0012,0.769,21.626,0.005206,0.239,Transición
2990,0.287,3.13,1.8,0.74,0.0012,0.874,24.627,0.005799,0.227,Transición
2995,0.287,3.13,1.8,0.74,0.0012,0.994,28.043,0.006706,0.218,Transición
3000,0.287,3.13,1.8,0.74,0.0012,1.131,31.934,0.007505,0.209,Transición
3005,0.287,3.13,1.8,0.74,0.0012,1.288,36.365,0.008493,0.200,Transición
3010,0.287,3.13,1.8,0.74,0.0012,1.466,41.411,0.009558,0.191,Transición
3015,0.287,3.13,1.8,0.74,0.0012,1.670,47.159,0.010871,0.181,Transición
3020,0.287,3.13,1.8,0.739,0.0012,1.821,52.844,0.012283,0.175,Transición
3025,0.287,3.13,1.8,0.738,0.0012,1.895,57.113,0.013823,0.178,Transición
3030,0.287,3.13,1.8,0.738,0.0012,1.944,60.722,0.015409,0.186,Ciclo Límite
3035,0.287,3.13,1.8,0.738,0.0012,1.977,63.873,0.017277,0.196,Ciclo Límite
3040,0.287,3.13,1.8,0.738,0.0012,1.997,66.655,0.019448,0.211,Ciclo Límite
3045,0.287,3.13,1.8,0.738,0.0012,2.005,69.128,0.021793,0.228,Ciclo Límite
3050,0.287,3.13,1.8,0.737,0.0012,2.002,71.315,0.024492,0.246,S.Cerrado
3055,0.287,3.13,1.8,0.737,0.0012,1.991,73.205,0.027351,0.266,S.Cerrado
3060,0.287,3.13,1.8,0.737,0.0012,1.970,74.899,0.030666,0.288,S.Cerrado
3065,0.287,3.13,1.8,0.737,0.0012,1.940,76.414,0.034310,0.312,S.Cerrado
3070,0.287,3.13,1.8,0.737,0.0012,1.901,77.760,0.038419,0.337,S.Cerrado
3075,0.287,3.13,1.8,0.737,0.0012,1.855,78.948,0.042986,0.364,S.Cerrado
3080,0.287,3.13,1.8,0.737,0.0012,1.804,79.986,0.048076,0.393,S.Cerrado
3085,0.287,3.13,1.8,0.737,0.0012,1.751,80.878,0.053719,0.425,S.Cerrado
3090,0.287,3.13,1.8,0.737,0.0012,1.706,81.624,0.059734,0.460,S.Cerrado
3095,0.287,3.13,1.8,0.737,0.0012,1.672,82.244,0.065865,0.488,S.Cerrado
3100,0.287,3.13,1.8,0.737,0.0012,1.647,82.762,0.072046,0.513,S.Cerrado
3105,0.287,3.13,1.8,0.737,0.0012,1.626,83.193,0.077966,0.533,S.Cerrado
3110,0.287,3.13,1.8,0.734,0.0012,1.614,83.445,0.082971,0.551,S.Cerrado
3115,0.287,3.13,1.8,0.734,0.0012,1.603,83.629,0.087386,0.566,S.Cerrado
3120,0.287,3.13,1.8,0.734,0.0012,1.594,83.777,0.091341,0.580,S.Cerrado
3125,0.287,3.13,1.8,0.734,0.0012,1.586,83.890,0.094749,0.592,S.Cerrado
3130,0.287,3.13,1.8,0.734,0.0012,1.579,83.975,0.097548,0.603,S.Cerrado
3135,0.287,3.13,1.8,0.734,0.0012,1.573,84.036,0.099894,0.612,S.Cerrado
3140,0.287,3.13,1.8,0.734,0.0012,1.568,84.077,0.101553,0.620,S.Cerrado
3145,0.287,3.13,1.8,0.734,0.0012,1.564,84.103,0.102974,0.626,S.Cerrado
3150,0.287,3.13,1.8,0.734,0.0012,1.562,84.118,0.103888,0.631,S.Cerrado
3155,0.287,3.13,1.8,0.734,0.0012,1.560,84.126,0.104542,0.635,S.Cerrado
3160,0.287,3.13,1.8,0.734,0.0012,1.559,84.128,0.104983,0.637,S.Cerrado
3165,0.287,3.13,1.8,0.734,0.0012,1.558,84.128,0.105158,0.639,S.Cerrado
3170,0.287,3.13,1.8,0.734,0.0012,1.558,84.127,0.105207,0.640,S.Cerrado
3175,0.287,3.13,1.8,0.734,0.0012,1.558,84.125,0.105243,0.641,S.Cerrado
3180,0.287,3.13,1.8,0.734,0.0012,1.558,84.122,0.105205,0.641,S.Cerrado
3185,0.287,3.13,1.8,0.734,0.0012,1.558,84.120,0.105239,0.642,S.Cerrado
3190,0.287,3.13,1.8,0.734,0.0012,1.558,84.119,0.105214,0.642,S.Cerrado
3195,0.287,3.13,1.8,0.734,0.0012,1.558,84.118,0.105139,0.643,S.Cerrado
3200,0.287,3.13,1.8,0.734,0.0012,1.558,84.117,0.105047,0.643,S.Cerrado
3205,0.287,3.13,1.8,0.734,0.0012,1.558,84.117,0.105070,0.643,S.Cerrado
3210,0.287,3.13,1.8,0.734,0.0012,1.559,84.116,0.105012,0.644,S.Cerrado
3215,0.287,3.13,1.8,0.734,0.0012,1.559,84.116,0.105031,0.644,S.Cerrado
3220,0.287,3.13,1.8,0.734,0.0012,1.559,84.116,0.105087,0.643,S.Cerrado
3225,0.287,3.13,1.8,0.734,0.0012,1.559,84.116,0.105032,0.644,S.Cerrado
3230,0.287,3.13,1.8,0.734,0.0012,1.559,84.116,0.105050,0.644,S.Cerrado
3235,0.287,3.13,1.8,0.734,0.0012,1.559,84.116,0.105076,0.645,S.Cerrado
3240,0.287,3.13,1.8,0.734,0.0012,1.559,84.115,0.105059,0.645,S.Cerrado
3245,0.287,3.13,1.8,0.734,0.0012,1.559,84.115,0.105016,0.645,S.Cerrado
3250,0.287,3.13,1.8,0.734,0.0012,1.559,84.115,0.105085,0.645,S.Cerrado
3255,0.287,3.13,1.8,0.734,0.0012,1.559,84.115,0.105031,0.644,S.Cerrado
3260,0.287,3.13,1.8,0.734,0.0012,1.559,84.115,0.104954,0.644,S.Cerrado
3265,0.287,3.13,1.8,0.734,0.0012,1.559,84.115,0.104960,0.644,S.Cerrado
3270,0.287,3.13,1.8,0.734,0.0012,1.558,84.115,0.104996,0.643,S.Cerrado
3275,0.287,3.13,1.8,0.734,0.0012,1.558,84.115,0.104945,0.643,S.Cerrado
3280,0.287,3.13,1.8,0.734,0.0012,1.559,84.115,0.105048,0.643,S.Cerrado
3285,0.287,3.13,1.8,0.734,0.0012,1.559,84.115,0.105059,0.643,S.Cerrado
3290,0.287,3.13,1.8,0.734,0.0012,1.559,84.115,0.104937,0.643,S.Cerrado
3295,0.287,3.13,1.8,0.734,0.0012,1.559,84.116,0.104977,0.644,S.Cerrado
3300,0.287,3.13,1.8,0.734,0.0012,1.559,84.116,0.105031,0.644,S.Cerrado
3305,0.287,3.13,1.8,0.734,0.0012,1.559,84.116,0.105083,0.644,S.Cerrado
3310,0.287,3.13,1.8,0.734,0.0012,1.559,84.116,0.105013,0.644,S.Cerrado
3315,0.287,3.13,1.8,0.734,0.0012,1.559,84.116,0.105012,0.643,S.Cerrado
3320,0.287,3.13,1.8,0.734,0.0012,1.559,84.116,0.105045,0.644,S.Cerrado
3325,0.287,3.13,1.8,0.734,0.0012,1.559,84.116,0.105087,0.644,S.Cerrado
3330,0.287,3.13,1.8,0.734,0.0012,1.559,84.116,0.105043,0.644,S.Cerrado
3335,0.287,3.13,1.8,0.734,0.0012,1.559,84.115,0.105061,0.643,S.Cerrado
3340,0.287,3.13,1.8,0.734,0.0012,1.559,84.115,0.105041,0.643,S.Cerrado
3345,0.287,3.13,1.8,0.734,0.0012,1.559,84.115,0.105042,0.643,S.Cerrado
3350,0.287,3.13,1.8,0.734,0.0012,1.559,84.115,0.105029,0.644,S.Cerrado
3355,0.287,3.13,1.8,0.734,0.0012,1.559,84.116,0.105030,0.643,S.Cerrado
3360,0.287,3.13,1.8,0.734,0.0012,1.558,84.116,0.104939,0.643,S.Cerrado
3365,0.287,3.13,1.8,0.734,0.0012,1.559,84.116,0.105020,0.643,S.Cerrado
3370,0.287,3.13,1.8,0.734,0.0012,1.559,84.116,0.105023,0.642,S.Cerrado
3375,0.287,3.13,1.8,0.734,0.0012,1.559,84.116,0.104906,0.642,S.Cerrado
3380,0.287,3.13,1.8,0.734,0.0012,1.559,84.117,0.105050,0.642,S.Cerrado
3385,0.287,3.13,1.8,0.734,0.0012,1.559,84.117,0.105076,0.642,S.Cerrado
3390,0.287,3.13,1.8,0.734,0.0012,1.559,84.117,0.105045,0.642,S.Cerrado
3395,0.287,3.13,1.8,0.734,0.0012,1.558,84.117,0.105055,0.642,S.Cerrado
3400,0.287,3.13,1.8,0.734,0.0012,1.559,84.117,0.105016,0.642,S.Cerrado
3405,0.287,3.13,1.8,0.734,0.0012,1.559,84.117,0.104991,0.642,S.Cerrado
3410,0.287,3.13,1.8,0.734,0.0012,1.558,84.117,0.104996,0.643,S.Cerrado
3415,0.287,3.13,1.8,0.734,0.0012,1.559,84.117,0.105024,0.643,S.Cerrado
3420,0.287,3.13,1.8,0.734,0.0012,1.559,84.117,0.104926,0.643,S.Cerrado
3425,0.287,3.13,1.8,0.734,0.0012,1.559,84.117,0.104969,0.644,S.Cerrado
3430,0.287,3.13,1.8,0.734,0.0012,1.558,84.117,0.104969,0.643,S.Cerrado
3435,0.287,3.13,1.8,0.734,0.0012,1.559,84.117,0.105045,0.644,S.Cerrado
3440,0.287,3.13,1.8,0.734,0.0012,1.559,84.117,0.105004,0.644,S.Cerrado
3445,0.287,3.13,1.8,0.734,0.0012,1.559,84.116,0.105075,0.644,S.Cerrado
3450,0.287,3.13,1.8,0.734,0.0012,1.559,84.116,0.105025,0.644,S.Cerrado
3455,0.287,3.13,1.8,0.734,0.0012,1.559,84.117,0.105070,0.644,S.Cerrado
3460,0.287,3.13,1.8,0.734,0.0012,1.559,84.116,0.105115,0.644,S.Cerrado
3465,0.287,3.13,1.8,0.734,0.0012,1.559,84.117,0.105006,0.644,S.Cerrado
3470,0.287,3.13,1.8,0.734,0.0012,1.558,84.117,0.104983,0.644,S.Cerrado
3475,0.287,3.13,1.8,0.734,0.0012,1.559,84.117,0.105063,0.644,S.Cerrado
3480,0.287,3.13,1.8,0.734,0.0012,1.559,84.117,0.104971,0.645,S.Cerrado
3485,0.287,3.13,1.8,0.734,0.0012,1.559,84.117,0.104973,0.645,S.Cerrado
3490,0.287,3.13,1.8,0.734,0.0012,1.559,84.117,0.105017,0.644,S.Cerrado
3495,0.287,3.13,1.8,0.734,0.0012,1.559,84.117,0.105092,0.645,S.Cerrado
3500,0.287,3.13,1.8,0.734,0.0012,1.558,84.117,0.105092,0.645,S.Cerrado
3505,0.287,3.13,1.8,0.734,0.0012,1.559,84.117,0.105105,0.645,S.Cerrado
3510,0.287,3.13,1.8,0.734,0.0012,1.559,84.117,0.104954,0.645,S.Cerrado
3515,0.287,3.13,1.8,0.734,0.0012,1.559,84.117,0.104984,0.644,S.Cerrado
3520,0.287,3.13,1.8,0.734,0.0012,1.558,84.117,0.105040,0.643,S.Cerrado
3525,0.287,3.13,1.8,0.734,0.0012,1.559,84.116,0.105013,0.643,S.Cerrado
3530,0.287,3.13,1.8,0.734,0.0012,1.559,84.116,0.105015,0.643,S.Cerrado
3535,0.287,3.13,1.8,0.734,0.0012,1.559,84.116,0.104992,0.643,S.Cerrado
3540,0.287,3.13,1.8,0.734,0.0012,1.559,84.116,0.105003,0.643,S.Cerrado
3545,0.287,3.13,1.8,0.734,0.0012,1.559,84.117,0.105083,0.644,S.Cerrado
3550,0.287,3.13,1.8,0.734,0.0012,1.558,84.117,0.105031,0.644,S.Cerrado
3555,0.287,3.13,1.8,0.734,0.0012,1.558,84.117,0.105005,0.644,S.Cerrado
3560,0.287,3.13,1.8,0.734,0.0012,1.559,84.117,0.105005,0.645,S.Cerrado
3565,0.287,3.13,1.8,0.734,0.0012,1.559,84.117,0.104948,0.644,S.Cerrado
3570,0.287,3.13,1.8,0.734,0.0012,1.558,84.117,0.105011,0.644,S.Cerrado
3575,0.287,3.13,1.8,0.734,0.0012,1.559,84.117,0.105038,0.644,S.Cerrado
3580,0.287,3.13,1.8,0.734,0.0012,1.558,84.117,0.105011,0.644,S.Cerrado
3585,0.287,3.13,1.8,0.734,0.0012,1.559,84.117,0.104945,0.644,S.Cerrado
3590,0.287,3.13,1.8,0.734,0.0012,1.559,84.116,0.104936,0.644,S.Cerrado
3595,0.287,3.13,1.8,0.734,0.0012,1.559,84.117,0.104993,0.644,S.Cerrado
3600,0.287,3.13,1.8,0.734,0.0012,1.559,84.117,0.104982,0.643,S.Cerrado
3605,0.287,3.13,1.8,0.734,0.0012,1.559,84.118,0.105073,0.644,S.Cerrado
3610,0.287,3.13,1.8,0.734,0.0012,1.559,84.117,0.104991,0.643,S.Cerrado
3615,0.287,3.13,1.8,0.734,0.0012,1.559,84.117,0.105058,0.643,S.Cerrado
3620,0.287,3.13,1.8,0.734,0.0012,1.559,84.117,0.105042,0.643,S.Cerrado
3625,0.287,3.13,1.8,0.734,0.0012,1.558,84.116,0.105080,0.644,S.Cerrado
3630,0.287,3.13,1.8,0.734,0.0012,1.559,84.116,0.105016,0.643,S.Cerrado
3635,0.287,3.13,1.8,0.734,0.0012,1.559,84.116,0.104962,0.643,S.Cerrado
3640,0.287,3.13,1.8,0.734,0.0012,1.559,84.116,0.104970,0.643,S.Cerrado
3645,0.287,3.13,1.8,0.734,0.0012,1.559,84.116,0.104957,0.644,S.Cerrado
3650,0.287,3.13,1.8,0.734,0.0012,1.559,84.116,0.105010,0.644,S.Cerrado
3655,0.287,3.13,1.8,0.734,0.0012,1.559,84.116,0.104993,0.644,S.Cerrado
3660,0.287,3.13,1.8,0.734,0.0012,1.559,84.117,0.104973,0.644,S.Cerrado
3665,0.287,3.13,1.8,0.734,0.0012,1.559,84.117,0.105077,0.644,S.Cerrado
3670,0.287,3.13,1.8,0.734,0.0012,1.559,84.116,0.105017,0.645,S.Cerrado
3675,0.287,3.13,1.8,0.734,0.0012,1.559,84.116,0.104979,0.645,S.Cerrado
3680,0.287,3.13,1.8,0.734,0.0012,1.559,84.115,0.105040,0.645,S.Cerrado
3685,0.287,3.13,1.8,0.734,0.0012,1.559,84.115,0.104999,0.645,S.Cerrado
3690,0.287,3.13,1.8,0.734,0.0012,1.558,84.115,0.105052,0.645,S.Cerrado
3695,0.287,3.13,1.8,0.734,0.0012,1.559,84.115,0.104960,0.645,S.Cerrado
3700,0.287,3.13,1.8,0.734,0.0012,1.559,84.115,0.104994,0.644,S.Cerrado
3705,0.287,3.13,1.8,0.734,0.0012,1.559,84.116,0.104977,0.644,S.Cerrado
3710,0.287,3.13,1.8,0.734,0.0012,1.559,84.116,0.105022,0.644,S.Cerrado
3715,0.287,3.13,1.8,0.734,0.0012,1.559,84.116,0.105013,0.645,S.Cerrado
3720,0.287,3.13,1.8,0.734,0.0012,1.559,84.116,0.105022,0.644,S.Cerrado
3725,0.287,3.13,1.8,0.734,0.0012,1.559,84.116,0.105031,0.644,S.Cerrado
3730,0.287,3.13,1.8,0.734,0.0012,1.559,84.116,0.105038,0.643,S.Cerrado
3735,0.287,3.13,1.8,0.734,0.0012,1.558,84.116,0.104982,0.644,S.Cerrado
3740,0.287,3.13,1.8,0.734,0.0012,1.559,84.117,0.105112,0.644,S.Cerrado
3745,0.287,3.13,1.8,0.734,0.0012,1.559,84.117,0.105006,0.643,S.Cerrado
3750,0.287,3.13,1.8,0.734,0.0012,1.559,84.117,0.105008,0.644,S.Cerrado
3755,0.287,3.13,1.8,0.734,0.0012,1.559,84.117,0.104945,0.644,S.Cerrado
3760,0.287,3.13,1.8,0.734,0.0012,1.559,84.116,0.105011,0.644,S.Cerrado
3765,0.287,3.13,1.8,0.734,0.0012,1.559,84.117,0.104973,0.644,S.Cerrado
3770,0.287,3.13,1.8,0.734,0.0012,1.559,84.117,0.104935,0.644,S.Cerrado
3775,0.287,3.13,1.8,0.734,0.0012,1.559,84.117,0.105007,0.644,S.Cerrado
3780,0.287,3.13,1.8,0.734,0.0012,1.559,84.117,0.105092,0.644,S.Cerrado
3785,0.287,3.13,1.8,0.734,0.0012,1.559,84.117,0.105021,0.644,S.Cerrado
3790,0.287,3.13,1.8,0.734,0.0012,1.558,84.117,0.105117,0.644,S.Cerrado
3795,0.287,3.13,1.8,0.734,0.0012,1.559,84.116,0.105147,0.644,S.Cerrado
3800,0.287,3.13,1.8,0.734,0.0012,1.558,84.117,0.105031,0.643,S.Cerrado
3805,0.287,3.13,1.8,0.734,0.0012,1.559,84.117,0.105023,0.643,S.Cerrado
3810,0.287,3.13,1.8,0.734,0.0012,1.559,84.117,0.105054,0.643,S.Cerrado
3815,0.287,3.13,1.8,0.734,0.0012,1.559,84.117,0.104960,0.643,S.Cerrado
3820,0.287,3.13,1.8,0.734,0.0012,1.559,84.117,0.105083,0.643,S.Cerrado
3825,0.287,3.13,1.8,0.734,0.0012,1.559,84.117,0.105064,0.644,S.Cerrado
3830,0.287,3.13,1.8,0.734,0.0012,1.558,84.117,0.105052,0.644,S.Cerrado
3835,0.287,3.13,1.8,0.734,0.0012,1.559,84.117,0.105048,0.644,S.Cerrado
3840,0.287,3.13,1.8,0.734,0.0012,1.559,84.117,0.105064,0.644,S.Cerrado
3845,0.287,3.13,1.8,0.734,0.0012,1.558,84.117,0.105050,0.644,S.Cerrado
3850,0.287,3.13,1.8,0.734,0.0012,1.559,84.117,0.105027,0.645,S.Cerrado
3855,0.287,3.13,1.8,0.734,0.0012,1.559,84.117,0.105045,0.644,S.Cerrado
3860,0.287,3.13,1.8,0.734,0.0012,1.558,84.117,0.105119,0.644,S.Cerrado
3865,0.287,3.13,1.8,0.734,0.0012,1.559,84.116,0.104987,0.644,S.Cerrado
3870,0.287,3.13,1.8,0.734,0.0012,1.559,84.116,0.105057,0.644,S.Cerrado
3875,0.287,3.13,1.8,0.734,0.0012,1.559,84.116,0.104948,0.644,S.Cerrado
3880,0.287,3.13,1.8,0.734,0.0012,1.558,84.116,0.105043,0.644,S.Cerrado
3885,0.287,3.13,1.8,0.734,0.0012,1.558,84.117,0.104956,0.644,S.Cerrado
3890,0.287,3.13,1.8,0.734,0.0012,1.558,84.117,0.104974,0.644,S.Cerrado
3895,0.287,3.13,1.8,0.734,0.0012,1.558,84.117,0.105053,0.644,S.Cerrado
3900,0.287,3.13,1.8,0.734,0.0012,1.558,84.117,0.105065,0.644,S.Cerrado
3905,0.287,3.13,1.8,0.734,0.0012,1.559,84.116,0.105102,0.644,S.Cerrado
3910,0.287,3.13,1.8,0.734,0.0012,1.558,84.116,0.105068,0.643,S.Cerrado
3915,0.287,3.13,1.8,0.734,0.0012,1.559,84.115,0.104981,0.643,S.Cerrado
3920,0.287,3.13,1.8,0.734,0.0012,1.558,84.115,0.105012,0.643,S.Cerrado
3925,0.287,3.13,1.8,0.734,0.0012,1.559,84.115,0.104975,0.644,S.Cerrado
3930,0.287,3.13,1.8,0.734,0.0012,1.558,84.116,0.104976,0.643,S.Cerrado
3935,0.287,3.13,1.8,0.734,0.0012,1.559,84.116,0.104993,0.643,S.Cerrado
3940,0.287,3.13,1.8,0.734,0.0012,1.559,84.116,0.104996,0.643,S.Cerrado
3945,0.287,3.13,1.8,0.734,0.0012,1.559,84.117,0.104975,0.642,S.Cerrado
3950,0.287,3.13,1.8,0.734,0.0012,1.559,84.116,0.105079,0.642,S.Cerrado
3955,0.287,3.13,1.8,0.734,0.0012,1.559,84.117,0.105095,0.643,S.Cerrado
3960,0.287,3.13,1.8,0.734,0.0012,1.559,84.116,0.105031,0.642,S.Cerrado
3965,0.287,3.13,1.8,0.734,0.0012,1.559,84.116,0.105015,0.642,S.Cerrado
3970,0.287,3.13,1.8,0.734,0.0012,1.559,84.116,0.105070,0.642,S.Cerrado
3975,0.287,3.13,1.8,0.734,0.0012,1.559,84.116,0.105052,0.643,S.Cerrado
3980,0.287,3.13,1.8,0.734,0.0012,1.559,84.116,0.105054,0.642,S.Cerrado
3985,0.287,3.13,1.8,0.734,0.0012,1.559,84.116,0.104984,0.643,S.Cerrado
3990,0.287,3.13,1.8,0.734,0.0012,1.559,84.116,0.104998,0.643,S.Cerrado
3995,0.287,3.13,1.8,0.734,0.0012,1.559,84.117,0.104942,0.643,S.Cerrado
4000,0.287,3.13,1.8,0.734,0.0012,1.559,84.116,0.105081,0.644,S.Cerrado
4005,0.287,3.13,1.8,0.734,0.0012,1.559,84.117,0.104931,0.644,S.Cerrado
4010,0.287,3.13,1.8,0.734,0.0012,1.559,84.117,0.105068,0.644,S.Cerrado
4015,0.287,3.13,1.8,0.734,0.0012,1.558,84.117,0.105109,0.644,S.Cerrado
4020,0.287,3.13,1.8,0.734,0.0012,1.559,84.117,0.105086,0.644,S.Cerrado
4025,0.287,3.13,1.8,0.734,0.0012,1.558,84.118,0.105072,0.644,S.Cerrado
4030,0.287,3.13,1.8,0.734,0.0012,1.558,84.117,0.105066,0.644,S.Cerrado
4035,0.287,3.13,1.8,0.734,0.0012,1.558,84.117,0.105092,0.644,S.Cerrado
4040,0.287,3.13,1.8,0.734,0.0012,1.558,84.117,0.105041,0.644,S.Cerrado
4045,0.287,3.13,1.8,0.734,0.0012,1.559,84.117,0.105112,0.644,S.Cerrado
4050,0.287,3.13,1.8,0.734,0.0012,1.559,84.117,0.105004,0.644,S.Cerrado
4055,0.287,3.13,1.8,0.734,0.0012,1.559,84.117,0.105054,0.643,S.Cerrado
4060,0.287,3.13,1.8,0.734,0.0012,1.558,84.117,0.104974,0.643,S.Cerrado
4065,0.287,3.13,1.8,0.734,0.0012,1.558,84.117,0.105032,0.642,S.Cerrado
4070,0.287,3.13,1.8,0.734,0.0012,1.559,84.117,0.104986,0.643,S.Cerrado
4075,0.287,3.13,1.8,0.734,0.0012,1.559,84.117,0.105029,0.643,S.Cerrado
4080,0.287,3.13,1.8,0.734,0.0012,1.559,84.117,0.104974,0.642,S.Cerrado
4085,0.287,3.13,1.8,0.734,0.0012,1.559,84.117,0.104949,0.642,S.Cerrado
4090,0.287,3.13,1.8,0.734,0.0012,1.559,84.116,0.105055,0.642,S.Cerrado
4095,0.287,3.13,1.8,0.734,0.0012,1.559,84.117,0.105114,0.642,S.Cerrado
4100,0.287,3.13,1.8,0.734,0.0012,1.559,84.116,0.105113,0.642,S.Cerrado
4105,0.287,3.13,1.8,0.734,0.0012,1.559,84.116,0.105054,0.642,S.Cerrado
4110,0.287,3.13,1.8,0.734,0.0012,1.559,84.116,0.105003,0.642,S.Cerrado
4115,0.287,3.13,1.8,0.734,0.0012,1.559,84.116,0.104979,0.642,S.Cerrado
4120,0.287,3.13,1.8,0.734,0.0012,1.559,84.116,0.105077,0.643,S.Cerrado
4125,0.287,3.13,1.8,0.734,0.0012,1.559,84.116,0.105075,0.644,S.Cerrado
4130,0.287,3.13,1.8,0.734,0.0012,1.559,84.116,0.105066,0.644,S.Cerrado
4135,0.287,3.13,1.8,0.734,0.0012,1.558,84.117,0.104927,0.644,S.Cerrado
4140,0.287,3.13,1.8,0.734,0.0012,1.559,84.117,0.105034,0.643,S.Cerrado
4145,0.287,3.13,1.8,0.734,0.0012,1.559,84.117,0.105019,0.644,S.Cerrado
4150,0.287,3.13,1.8,0.734,0.0012,1.558,84.117,0.104997,0.644,S.Cerrado
4155,0.287,3.13,1.8,0.734,0.0012,1.559,84.118,0.105069,0.644,S.Cerrado
4160,0.287,3.13,1.8,0.734,0.0012,1.558,84.118,0.105117,0.645,S.Cerrado
4165,0.287,3.13,1.8,0.734,0.0012,1.559,84.118,0.104988,0.645,S.Cerrado
4170,0.287,3.13,1.8,0.734,0.0012,1.559,84.118,0.105073,0.644,S.Cerrado
4175,0.287,3.13,1.8,0.734,0.0012,1.559,84.118,0.105135,0.645,S.Cerrado
4180,0.287,3.13,1.8,0.734,0.0012,1.558,84.118,0.105001,0.645,S.Cerrado
4185,0.287,3.13,1.8,0.734,0.0012,1.558,84.117,0.105079,0.645,S.Cerrado
4190,0.287,3.13,1.8,0.734,0.0012,1.558,84.117,0.105086,0.645,S.Cerrado
4195,0.287,3.13,1.8,0.734,0.0012,1.558,84.117,0.105019,0.644,S.Cerrado
4200,0.287,3.13,1.8,0.734,0.0012,1.559,84.117,0.105008,0.644,S.Cerrado
4205,0.287,3.13,1.8,0.734,0.0012,1.559,84.117,0.105049,0.644,S.Cerrado
4210,0.287,3.13,1.8,0.734,0.0012,1.559,84.117,0.105120,0.644,S.Cerrado
4215,0.287,3.13,1.8,0.734,0.0012,1.559,84.117,0.104998,0.644,S.Cerrado
4220,0.287,3.13,1.8,0.734,0.0012,1.559,84.117,0.104990,0.644,S.Cerrado
4225,0.287,3.13,1.8,0.734,0.0012,1.558,84.117,0.105087,0.644,S.Cerrado
4230,0.287,3.13,1.8,0.734,0.0012,1.559,84.116,0.105017,0.644,S.Cerrado
4235,0.287,3.13,1.8,0.734,0.0012,1.559,84.117,0.105085,0.644,S.Cerrado
4240,0.287,3.13,1.8,0.734,0.0012,1.559,84.117,0.105019,0.644,S.Cerrado
4245,0.287,3.13,1.8,0.734,0.0012,1.558,84.117,0.105047,0.644,S.Cerrado
4250,0.287,3.13,1.8,0.734,0.0012,1.558,84.117,0.105024,0.645,S.Cerrado
4255,0.287,3.13,1.8,0.734,0.0012,1.559,84.117,0.105059,0.644,S.Cerrado
4260,0.287,3.13,1.8,0.734,0.0012,1.559,84.117,0.105039,0.645,S.Cerrado
4265,0.287,3.13,1.8,0.734,0.0012,1.559,84.116,0.105110,0.645,S.Cerrado
4270,0.287,3.13,1.8,0.734,0.0012,1.559,84.116,0.105063,0.644,S.Cerrado
4275,0.287,3.13,1.8,0.734,0.0012,1.559,84.116,0.105029,0.644,S.Cerrado
4280,0.287,3.13,1.8,0.734,0.0012,1.559,84.116,0.105018,0.643,S.Cerrado
4285,0.287,3.13,1.8,0.734,0.0012,1.559,84.117,0.105073,0.644,S.Cerrado
4290,0.287,3.13,1.8,0.734,0.0012,1.559,84.117,0.104970,0.644,S.Cerrado
4295,0.287,3.13,1.8,0.734,0.0012,1.559,84.116,0.105017,0.644,S.Cerrado
4300,0.287,3.13,1.8,0.734,0.0012,1.559,84.116,0.104966,0.644,S.Cerrado
4305,0.287,3.13,1.8,0.734,0.0012,1.559,84.116,0.105065,0.644,S.Cerrado
4310,0.287,3.13,1.8,0.734,0.0012,1.559,84.116,0.105050,0.644,S.Cerrado
4315,0.287,3.13,1.8,0.734,0.0012,1.559,84.117,0.105042,0.644,S.Cerrado
4320,0.287,3.13,1.8,0.734,0.0012,1.559,84.116,0.105044,0.644,S.Cerrado
4325,0.287,3.13,1.8,0.734,0.0012,1.559,84.116,0.105069,0.643,S.Cerrado
4330,0.287,3.13,1.8,0.734,0.0012,1.559,84.115,0.104983,0.644,S.Cerrado
4335,0.287,3.13,1.8,0.734,0.0012,1.559,84.115,0.104985,0.644,S.Cerrado
4340,0.287,3.13,1.8,0.734,0.0012,1.559,84.115,0.105015,0.644,S.Cerrado
4345,0.287,3.13,1.8,0.734,0.0012,1.559,84.116,0.105010,0.644,S.Cerrado
4350,0.287,3.13,1.8,0.734,0.0012,1.559,84.116,0.105051,0.644,S.Cerrado
4355,0.287,3.13,1.8,0.734,0.0012,1.559,84.115,0.105101,0.644,S.Cerrado
4360,0.287,3.13,1.8,0.734,0.0012,1.559,84.115,0.105178,0.644,S.Cerrado
4365,0.287,3.13,1.8,0.734,0.0012,1.559,84.115,0.104974,0.644,S.Cerrado
4370,0.287,3.13,1.8,0.734,0.0012,1.559,84.116,0.105015,0.644,S.Cerrado
4375,0.287,3.13,1.8,0.734,0.0012,1.559,84.116,0.105031,0.643,S.Cerrado
4380,0.287,3.13,1.8,0.734,0.0012,1.559,84.116,0.104960,0.644,S.Cerrado
4385,0.287,3.13,1.8,0.734,0.0012,1.559,84.116,0.104919,0.644,S.Cerrado
4390,0.287,3.13,1.8,0.734,0.0012,1.559,84.116,0.104970,0.644,S.Cerrado
4395,0.287,3.13,1.8,0.734,0.0012,1.559,84.117,0.104993,0.643,S.Cerrado
4400,0.287,3.13,1.8,0.734,0.0012,1.558,84.117,0.105014,0.643,S.Cerrado
4405,0.287,3.13,1.8,0.734,0.0012,1.559,84.116,0.105011,0.643,S.Cerrado
4410,0.287,3.13,1.8,0.734,0.0012,1.558,84.117,0.105022,0.644,S.Cerrado
4415,0.287,3.13,1.8,0.734,0.0012,1.559,84.116,0.105030,0.643,S.Cerrado
4420,0.287,3.13,1.8,0.734,0.0012,1.559,84.117,0.105064,0.644,S.Cerrado
4425,0.287,3.13,1.8,0.734,0.0012,1.559,84.116,0.105010,0.644,S.Cerrado
4430,0.287,3.13,1.8,0.734,0.0012,1.559,84.116,0.105060,0.645,S.Cerrado
4435,0.287,3.13,1.8,0.734,0.0012,1.559,84.116,0.105029,0.644,S.Cerrado
4440,0.287,3.13,1.8,0.734,0.0012,1.559,84.115,0.104998,0.644,S.Cerrado
4445,0.287,3.13,1.8,0.734,0.0012,1.559,84.116,0.105001,0.644,S.Cerrado
4450,0.287,3.13,1.8,0.734,0.0012,1.559,84.116,0.104902,0.644,S.Cerrado
4455,0.287,3.13,1.8,0.734,0.0012,1.559,84.116,0.104953,0.644,S.Cerrado
4460,0.287,3.13,1.8,0.734,0.0012,1.559,84.115,0.105014,0.644,S.Cerrado
4465,0.287,3.13,1.8,0.734,0.0012,1.559,84.116,0.104993,0.644,S.Cerrado
4470,0.287,3.13,1.8,0.734,0.0012,1.559,84.116,0.105003,0.644,S.Cerrado
4475,0.287,3.13,1.8,0.734,0.0012,1.558,84.116,0.104922,0.644,S.Cerrado
4480,0.287,3.13,1.8,0.734,0.0012,1.559,84.116,0.104987,0.644,S.Cerrado
4485,0.287,3.13,1.8,0.734,0.0012,1.559,84.116,0.105009,0.643,S.Cerrado
4490,0.287,3.13,1.8,0.734,0.0012,1.559,84.117,0.104951,0.644,S.Cerrado
4495,0.287,3.13,1.8,0.734,0.0012,1.559,84.117,0.104983,0.644,S.Cerrado
4500,0.287,3.13,1.8,0.734,0.0012,1.558,84.117,0.105014,0.644,S.Cerrado
4505,0.287,3.13,1.8,0.734,0.0012,1.559,84.117,0.105096,0.644,S.Cerrado
4510,0.287,3.13,1.8,0.734,0.0012,1.559,84.117,0.105064,0.644,S.Cerrado
4515,0.287,3.13,1.8,0.734,0.0012,1.559,84.117,0.105120,0.643,S.Cerrado
4520,0.287,3.13,1.8,0.734,0.0012,1.559,84.117,0.105109,0.644,S.Cerrado
4525,0.287,3.13,1.8,0.734,0.0012,1.558,84.117,0.105110,0.644,S.Cerrado
4530,0.287,3.13,1.8,0.734,0.0012,1.558,84.116,0.105062,0.644,S.Cerrado
4535,0.287,3.13,1.8,0.734,0.0012,1.559,84.116,0.105003,0.643,S.Cerrado
4540,0.287,3.13,1.8,0.734,0.0012,1.558,84.116,0.105003,0.644,S.Cerrado
4545,0.287,3.13,1.8,0.734,0.0012,1.559,84.117,0.104978,0.643,S.Cerrado
4550,0.287,3.13,1.8,0.734,0.0012,1.559,84.117,0.105038,0.642,S.Cerrado
4555,0.287,3.13,1.8,0.734,0.0012,1.559,84.117,0.105121,0.642,S.Cerrado
4560,0.287,3.13,1.8,0.734,0.0012,1.558,84.116,0.105051,0.643,S.Cerrado
4565,0.287,3.13,1.8,0.734,0.0012,1.559,84.116,0.105007,0.643,S.Cerrado
4570,0.287,3.13,1.8,0.734,0.0012,1.559,84.116,0.105056,0.642,S.Cerrado
4575,0.287,3.13,1.8,0.734,0.0012,1.558,84.116,0.105060,0.643,S.Cerrado
4580,0.287,3.13,1.8,0.734,0.0012,1.559,84.116,0.104958,0.644,S.Cerrado
4585,0.287,3.13,1.8,0.734,0.0012,1.559,84.116,0.104990,0.644,S.Cerrado
4590,0.287,3.13,1.8,0.734,0.0012,1.559,84.116,0.105017,0.644,S.Cerrado
4595,0.287,3.13,1.8,0.734,0.0012,1.559,84.116,0.105028,0.643,S.Cerrado
4600,0.287,3.13,1.8,0.734,0.0012,1.559,84.116,0.104999,0.643,S.Cerrado
4605,0.287,3.13,1.8,0.734,0.0012,1.559,84.116,0.105050,0.643,S.Cerrado
4610,0.287,3.13,1.8,0.734,0.0012,1.558,84.116,0.105100,0.642,S.Cerrado
4615,0.287,3.13,1.8,0.734,0.0012,1.559,84.116,0.105016,0.643,S.Cerrado
4620,0.287,3.13,1.8,0.734,0.0012,1.559,84.116,0.104980,0.644,S.Cerrado
4625,0.287,3.13,1.8,0.734,0.0012,1.559,84.116,0.105066,0.643,S.Cerrado
4630,0.287,3.13,1.8,0.734,0.0012,1.559,84.116,0.105069,0.644,S.Cerrado
4635,0.287,3.13,1.8,0.734,0.0012,1.559,84.116,0.105007,0.644,S.Cerrado
4640,0.287,3.13,1.8,0.734,0.0012,1.559,84.115,0.105009,0.644,S.Cerrado
4645,0.287,3.13,1.8,0.734,0.0012,1.559,84.115,0.105031,0.644,S.Cerrado
4650,0.287,3.13,1.8,0.734,0.0012,1.559,84.115,0.105004,0.644,S.Cerrado
4655,0.287,3.13,1.8,0.734,0.0012,1.559,84.115,0.104962,0.644,S.Cerrado
4660,0.287,3.13,1.8,0.734,0.0012,1.559,84.115,0.104928,0.644,S.Cerrado
4665,0.287,3.13,1.8,0.734,0.0012,1.559,84.115,0.104956,0.644,S.Cerrado
4670,0.287,3.13,1.8,0.734,0.0012,1.559,84.115,0.104998,0.644,S.Cerrado
4675,0.287,3.13,1.8,0.734,0.0012,1.559,84.115,0.105064,0.643,S.Cerrado
4680,0.287,3.13,1.8,0.734,0.0012,1.559,84.115,0.105035,0.643,S.Cerrado
4685,0.287,3.13,1.8,0.734,0.0012,1.559,84.115,0.104990,0.643,S.Cerrado
4690,0.287,3.13,1.8,0.734,0.0012,1.559,84.116,0.105057,0.643,S.Cerrado
4695,0.287,3.13,1.8,0.734,0.0012,1.559,84.116,0.105109,0.643,S.Cerrado
4700,0.287,3.13,1.8,0.734,0.0012,1.558,84.116,0.105000,0.644,S.Cerrado
4705,0.287,3.13,1.8,0.734,0.0012,1.558,84.116,0.105137,0.643,S.Cerrado
4710,0.287,3.13,1.8,0.734,0.0012,1.559,84.116,0.105002,0.643,S.Cerrado
4715,0.287,3.13,1.8,0.734,0.0012,1.559,84.116,0.105036,0.643,S.Cerrado
4720,0.287,3.13,1.8,0.734,0.0012,1.559,84.116,0.104976,0.643,S.Cerrado
4725,0.287,3.13,1.8,0.734,0.0012,1.559,84.116,0.105032,0.642,S.Cerrado
4730,0.279,3.13,1.8,0.734,0.0012,1.567,83.918,0.103835,0.643,S.Cerrado
4735,0.277,3.13,1.8,0.734,0.0012,1.581,83.534,0.101313,0.643,S.Cerrado
4740,0.276,3.13,1.8,0.734,0.0012,1.593,83.160,0.098459,0.642,S.Cerrado
4745,0.274,3.13,1.8,0.734,0.0012,1.606,82.757,0.095214,0.642,S.Cerrado
4750,0.273,3.13,1.8,0.734,0.0012,1.621,82.292,0.091124,0.641,S.Cerrado
4755,0.273,3.13,1.8,0.734,0.0012,1.634,81.879,0.087102,0.641,S.Cerrado
4760,0.273,3.13,1.8,0.734,0.0012,1.646,81.511,0.083067,0.639,S.Cerrado
4765,0.273,3.13,1.8,0.734,0.0012,1.657,81.185,0.079281,0.639,S.Cerrado
4770,0.273,3.13,1.8,0.734,0.0012,1.669,80.896,0.075614,0.638,S.Cerrado
4775,0.273,3.13,1.8,0.734,0.0012,1.680,80.642,0.072072,0.638,S.Cerrado
4780,0.273,3.13,1.8,0.734,0.0012,1.692,80.419,0.068875,0.638,S.Cerrado
4785,0.273,3.13,1.8,0.734,0.0012,1.703,80.228,0.065855,0.638,S.Cerrado
4790,0.273,3.13,1.8,0.734,0.0012,1.714,80.064,0.063111,0.636,S.Cerrado
4795,0.273,3.13,1.8,0.734,0.0012,1.725,79.924,0.060786,0.634,S.Cerrado
4800,0.273,3.13,1.8,0.734,0.0012,1.735,79.805,0.058740,0.633,S.Cerrado
4805,0.273,3.13,1.8,0.734,0.0012,1.745,79.705,0.056949,0.632,S.Cerrado
4810,0.273,3.13,1.8,0.734,0.0012,1.754,79.621,0.055526,0.630,S.Cerrado
4815,0.273,3.13,1.8,0.734,0.0012,1.762,79.552,0.054425,0.628,S.Cerrado
4820,0.272,3.13,1.8,0.734,0.0012,1.769,79.477,0.053576,0.626,S.Cerrado
4825,0.269,3.13,1.8,0.734,0.0012,1.779,79.287,0.052515,0.623,S.Cerrado
4830,0.269,3.13,1.8,0.734,0.0012,1.793,78.937,0.051041,0.620,S.Cerrado
4835,0.269,3.13,1.8,0.734,0.0012,1.805,78.614,0.049772,0.616,S.Cerrado
4840,0.269,3.13,1.8,0.734,0.0012,1.816,78.315,0.048770,0.612,S.Cerrado
4845,0.269,3.13,1.8,0.734,0.0012,1.826,78.036,0.047670,0.608,S.Cerrado
4850,0.269,3.13,1.8,0.734,0.0012,1.835,77.775,0.046687,0.603,S.Cerrado
4855,0.269,3.13,1.8,0.734,0.0012,1.844,77.530,0.045706,0.598,S.Cerrado
4860,0.269,3.13,1.8,0.734,0.0012,1.851,77.299,0.044828,0.593,S.Cerrado
4865,0.269,3.13,1.8,0.734,0.0012,1.858,77.081,0.043990,0.588,S.Cerrado
4870,0.269,3.13,1.8,0.734,0.0012,1.865,76.877,0.043169,0.582,S.Cerrado
4875,0.269,3.13,1.8,0.734,0.0012,1.871,76.684,0.042428,0.576,S.Cerrado
4880,0.269,3.13,1.8,0.734,0.0012,1.876,76.502,0.041713,0.569,S.Cerrado
4885,0.269,3.13,1.8,0.734,0.0012,1.881,76.331,0.041133,0.563,S.Cerrado
4890,0.269,3.13,1.8,0.734,0.0012,1.886,76.169,0.040437,0.555,S.Cerrado
4895,0.269,3.13,1.8,0.734,0.0012,1.890,76.015,0.039920,0.548,S.Cerrado
4900,0.269,3.13,1.8,0.734,0.0012,1.894,75.870,0.039387,0.541,S.Cerrado
4905,0.269,3.13,1.8,0.734,0.0012,1.898,75.732,0.038891,0.533,S.Cerrado
4910,0.269,3.13,1.8,0.734,0.0012,1.901,75.601,0.038531,0.525,S.Cerrado
4915,0.269,3.13,1.8,0.734,0.0012,1.905,75.477,0.038112,0.519,S.Cerrado
4920,0.269,3.13,1.8,0.734,0.0012,1.907,75.358,0.037658,0.512,S.Cerrado
4925,0.269,3.13,1.8,0.734,0.0012,1.910,75.244,0.037267,0.507,S.Cerrado
4930,0.269,3.13,1.8,0.734,0.0012,1.912,75.136,0.036978,0.500,S.Cerrado
4935,0.269,3.13,1.8,0.734,0.0012,1.914,75.033,0.036658,0.495,S.Cerrado
4940,0.269,3.13,1.8,0.734,0.0012,1.916,74.934,0.036200,0.488,S.Cerrado
4945,0.269,3.13,1.8,0.734,0.0012,1.918,74.840,0.036017,0.481,S.Cerrado
4950,0.269,3.13,1.8,0.734,0.0012,1.920,74.751,0.035779,0.474,S.Cerrado
4955,0.269,3.13,1.8,0.734,0.0012,1.922,74.666,0.035550,0.467,S.Cerrado
4960,0.269,3.13,1.8,0.734,0.0012,1.924,74.585,0.035182,0.461,S.Cerrado
4965,0.269,3.13,1.8,0.734,0.0012,1.925,74.507,0.034878,0.455,S.Cerrado
4970,0.269,3.13,1.8,0.734,0.0012,1.927,74.432,0.034729,0.449,S.Cerrado
4975,0.269,3.13,1.8,0.734,0.0012,1.928,74.361,0.034468,0.443,S.Cerrado
4980,0.269,3.13,1.8,0.734,0.0012,1.930,74.293,0.034209,0.437,S.Cerrado
4985,0.269,3.13,1.8,0.734,0.0012,1.931,74.228,0.034098,0.431,S.Cerrado
4990,0.269,3.13,1.8,0.734,0.0012,1.932,74.165,0.033838,0.425,S.Cerrado
4995,0.269,3.13,1.8,0.734,0.0012,1.933,74.106,0.033704,0.420,S.Cerrado