t,alpha,theta,sigma,beta,noise,CTX,OUT,CHIRAL,N9_eff,e_R,Delta_struct,A_sys_env,LF,LambdaCos,LambdaRaw,ErrorFitness,Regimen
0,0.62,1.2,4,0.82,0.0012,0.781,9.816,0.000000,0.001,0.120895,0.023536,0.235316,0.527000,0.002919,0.024143,0.999937,Transición
5,0.62,1.2,4,0.82,0.0012,1.538,30.238,0.000383,0.007,0.000300,0.009620,0.433461,0.527287,0.000718,7.323069,0.326483,Transición
10,0.62,1.2,4,0.82,0.0012,1.985,55.661,0.004678,0.035,0.000251,0.011787,0.084893,0.530509,0.000173,2.116123,0.326182,Transición
15,0.62,1.2,4,0.82,0.0012,1.506,83.382,0.047486,0.251,0.000168,0.016884,0.099162,0.562614,0.000307,5.615990,0.325674,S.Cerrado
20,0.62,1.2,4,0.82,0.0012,0.493,96.997,0.087337,0.589,0.000085,0.003924,0.112446,0.592502,0.000085,3.079225,0.325169,S.Cerrado
25,0.62,1.2,4,0.82,0.0012,0.042,99.926,0.016930,0.697,0.000027,0.005972,0.088977,0.539697,0.000093,10.595916,0.324817,S.Cerrado
30,0.62,1.2,4,0.77,0.0012,0.000,100.000,0.000000,0.707,0.000000,0.000000,0.083333,0.527000,0.000000,0.000000,0.324652,S.Cerrado
35,0.62,1.2,4,0.72,0.0012,0.000,100.000,0.000000,0.707,0.000000,0.000000,0.083333,0.527000,0.000000,0.000000,0.324652,S.Cerrado
40,0.62,1.2,4,0.67,0.0012,0.000,100.000,0.000000,0.707,0.000000,0.000000,0.083333,0.527000,0.000000,0.000000,0.324652,S.Cerrado
45,0.62,1.2,4,0.62,0.0012,0.031,99.964,0.015696,0.707,0.000030,0.000371,0.088565,0.538772,0.000006,0.580590,0.324838,S.Cerrado
50,0.62,1.2,4,0.57,0.0012,0.171,99.686,0.068418,0.705,0.000061,0.001426,0.106139,0.578314,0.000028,1.444295,0.325022,S.Cerrado
55,0.62,1.2,4,0.52,0.0012,0.384,98.919,0.132096,0.703,0.000094,0.002273,0.127365,0.626072,0.000059,1.932112,0.325224,S.Cerrado
60,0.62,1.2,4,0.47,0.0012,0.630,97.447,0.192726,0.700,0.000110,0.002688,0.147575,0.671544,0.000087,2.411738,0.325325,S.Cerrado
65,0.62,1.2,4,0.42,0.0012,0.894,94.751,0.237354,0.697,0.000140,0.002562,0.162451,0.677000,0.000092,2.014207,0.325505,S.Cerrado
70,0.62,1.2,2,0.42,0.0012,1.160,93.709,0.305550,0.691,0.000132,0.001526,0.185183,0.677000,0.000062,1.447766,0.325458,S.Cerrado
75,0.62,1.2,2,0.42,0.0012,1.217,92.808,0.304163,0.686,0.000130,0.000848,0.184721,0.677000,0.000035,0.815807,0.325444,S.Cerrado
80,0.62,1.2,2,0.42,0.0012,1.242,92.085,0.293372,0.681,0.000132,0.000982,0.181124,0.677000,0.000039,0.909928,0.325458,S.Cerrado
85,0.62,1.2,2,0.42,0.0012,1.257,91.519,0.281661,0.678,0.000137,0.000905,0.177220,0.677000,0.000035,0.790463,0.325489,S.Cerrado
90,0.62,1.2,2,0.42,0.0012,1.268,91.082,0.270777,0.675,0.000144,0.000771,0.173592,0.677000,0.000029,0.627636,0.325532,S.Cerrado
95,0.62,1.2,2,0.42,0.0012,1.276,90.750,0.261353,0.672,0.000151,0.000640,0.170451,0.677000,0.000024,0.489044,0.325573,S.Cerrado
100,0.62,1.2,0.7,0.42,0.0012,1.442,90.381,0.278353,0.669,0.000131,0.000617,0.176118,0.677000,0.000024,0.561292,0.325451,S.Cerrado
105,0.62,1.2,0.7,0.42,0.0012,1.470,89.843,0.266022,0.666,0.000125,0.001092,0.172007,0.677000,0.000041,1.020380,0.325412,S.Cerrado
110,0.62,1.2,0.7,0.42,0.0012,1.483,89.247,0.251102,0.664,0.000134,0.001156,0.167034,0.677000,0.000043,0.976425,0.325468,S.Cerrado
115,0.62,1.2,0.7,0.42,0.0012,1.494,88.654,0.236403,0.661,0.000127,0.001112,0.162134,0.677000,0.000040,0.958258,0.325429,S.Cerrado
120,0.62,1.2,0.7,0.42,0.0012,1.506,88.098,0.222093,0.660,0.000135,0.001059,0.157364,0.677000,0.000037,0.836308,0.325474,S.Cerrado
125,0.62,1.2,0.7,0.42,0.0012,1.519,87.597,0.208441,0.657,0.000136,0.001014,0.152814,0.677000,0.000034,0.771050,0.325482,S.Cerrado
130,0.62,1.2,0.7,0.42,0.0012,1.534,87.162,0.195332,0.655,0.000139,0.000940,0.148444,0.673499,0.000031,0.675533,0.325500,S.Cerrado
135,0.62,1.2,0.7,0.42,0.0012,1.550,86.799,0.183060,0.654,0.000141,0.000855,0.144353,0.664295,0.000027,0.583342,0.325509,S.Cerrado
140,0.62,1.2,0.7,0.42,0.0012,1.566,86.508,0.172013,0.652,0.000138,0.000739,0.140671,0.656010,0.000022,0.492485,0.325496,S.Cerrado
145,0.62,1.2,0.7,0.42,0.0012,1.581,86.286,0.162331,0.651,0.000146,0.000642,0.137444,0.648749,0.000019,0.391965,0.325542,S.Cerrado
150,0.62,1.2,0.7,0.42,0.0012,1.595,86.123,0.154292,0.650,0.000145,0.000520,0.134764,0.642719,0.000015,0.310655,0.325536,S.Cerrado
155,0.62,1.2,0.7,0.42,0.0012,1.607,86.012,0.147912,0.649,0.000144,0.000390,0.132637,0.637934,0.000011,0.228786,0.325530,S.Cerrado
160,0.62,1.2,0.7,0.42,0.0012,1.616,85.942,0.143023,0.648,0.000149,0.000287,0.131008,0.634267,0.000008,0.160393,0.325559,S.Cerrado
165,0.62,1.2,0.7,0.422,0.0012,1.622,85.944,0.139991,0.648,0.000141,0.000158,0.129997,0.631994,0.000004,0.092077,0.325513,S.Cerrado
170,0.62,1.2,0.7,0.424,0.0012,1.624,86.000,0.138329,0.648,0.000150,0.000100,0.129443,0.630747,0.000003,0.054615,0.325564,S.Cerrado
175,0.62,1.2,0.7,0.426,0.0012,1.623,86.096,0.138152,0.648,0.000138,0.000039,0.129384,0.630614,0.000001,0.023151,0.325496,S.Cerrado
180,0.62,1.2,0.7,0.428,0.0012,1.619,86.221,0.138837,0.649,0.000145,0.000102,0.129612,0.631128,0.000003,0.057204,0.325537,S.Cerrado
185,0.62,1.2,0.7,0.43,0.0012,1.615,86.364,0.140175,0.648,0.000143,0.000143,0.130058,0.632131,0.000004,0.082467,0.325524,S.Cerrado
190,0.62,1.2,0.7,0.432,0.0012,1.609,86.523,0.141886,0.649,0.000140,0.000176,0.130629,0.633415,0.000005,0.104063,0.325504,S.Cerrado
195,0.62,1.2,0.7,0.434,0.0012,1.604,86.693,0.143911,0.648,0.000140,0.000181,0.131304,0.634933,0.000005,0.107979,0.325503,S.Cerrado
200,0.62,1.2,0.7,0.436,0.0012,1.598,86.870,0.145976,0.649,0.000139,0.000184,0.131992,0.636482,0.000005,0.111106,0.325501,S.Cerrado
205,0.62,1.2,0.7,0.438,0.0012,1.592,87.054,0.148175,0.649,0.000140,0.000204,0.132725,0.638132,0.000006,0.123647,0.325505,S.Cerrado
210,0.62,1.2,0.7,0.437,0.0012,1.588,87.191,0.150318,0.649,0.000141,0.000178,0.133439,0.639738,0.000005,0.107907,0.325511,S.Cerrado
215,0.62,1.2,0.7,0.436,0.0012,1.586,87.292,0.152248,0.649,0.000136,0.000162,0.134083,0.641186,0.000005,0.102222,0.325481,S.Cerrado
220,0.62,1.2,0.7,0.435,0.0012,1.584,87.361,0.153987,0.649,0.000135,0.000130,0.134662,0.642490,0.000004,0.082896,0.325477,S.Cerrado
225,0.62,1.2,0.7,0.434,0.0012,1.583,87.402,0.155442,0.649,0.000135,0.000087,0.135147,0.643581,0.000002,0.056014,0.325476,S.Cerrado
230,0.62,1.2,0.7,0.433,0.0012,1.582,87.420,0.156610,0.649,0.000136,0.000078,0.135537,0.644458,0.000002,0.050191,0.325482,S.Cerrado
235,0.62,1.2,0.7,0.432,0.0012,1.582,87.415,0.157655,0.649,0.000135,0.000061,0.135885,0.645241,0.000002,0.039573,0.325472,S.Cerrado
240,0.62,1.2,0.7,0.431,0.0012,1.582,87.391,0.158299,0.648,0.000143,0.000024,0.136100,0.645725,0.000001,0.014516,0.325526,S.Cerrado
245,0.62,1.2,0.7,0.43,0.0012,1.582,87.349,0.158732,0.648,0.000136,0.000026,0.136244,0.646049,0.000001,0.016898,0.325478,S.Cerrado
250,0.62,1.2,0.7,0.429,0.0012,1.583,87.292,0.158755,0.649,0.000138,0.000031,0.136252,0.646066,0.000001,0.019675,0.325494,S.Cerrado
255,0.62,1.2,0.7,0.428,0.0012,1.584,87.223,0.158559,0.649,0.000140,0.000050,0.136186,0.645919,0.000001,0.031694,0.325503,S.Cerrado
260,0.62,1.2,0.7,0.427,0.0012,1.586,87.143,0.158060,0.649,0.000140,0.000068,0.136020,0.645545,0.000002,0.042823,0.325503,S.Cerrado
265,0.62,1.2,0.7,0.426,0.0012,1.588,87.054,0.157302,0.648,0.000141,0.000089,0.135767,0.644976,0.000003,0.055178,0.325509,S.Cerrado
270,0.62,1.2,0.7,0.425,0.0012,1.591,86.957,0.156365,0.648,0.000134,0.000085,0.135455,0.644273,0.000002,0.055559,0.325468,S.Cerrado
275,0.62,1.2,0.7,0.424,0.0012,1.593,86.855,0.155162,0.648,0.000137,0.000105,0.135054,0.643371,0.000003,0.066890,0.325486,S.Cerrado
280,0.62,1.2,0.7,0.423,0.0012,1.597,86.749,0.153717,0.648,0.000142,0.000135,0.134572,0.642288,0.000004,0.082586,0.325515,S.Cerrado
285,0.62,1.2,0.7,0.423,0.0012,1.599,86.658,0.152297,0.648,0.000145,0.000125,0.134099,0.641223,0.000004,0.074297,0.325534,S.Cerrado
290,0.62,1.2,0.7,0.423,0.0012,1.602,86.581,0.150974,0.648,0.000140,0.000099,0.133658,0.640231,0.000003,0.060063,0.325508,S.Cerrado
295,0.62,1.2,0.7,0.423,0.0012,1.604,86.516,0.149769,0.647,0.000137,0.000097,0.133256,0.639327,0.000003,0.060277,0.325489,S.Cerrado
300,0.62,1.2,0.7,0.423,0.0012,1.606,86.460,0.148494,0.648,0.000150,0.000114,0.132831,0.638371,0.000003,0.064678,0.325566,S.Cerrado
305,0.62,1.2,0.7,0.423,0.0012,1.608,86.415,0.147468,0.647,0.000137,0.000071,0.132489,0.637601,0.000002,0.043865,0.325487,S.Cerrado
310,0.62,1.2,0.7,0.423,0.0012,1.609,86.378,0.146423,0.647,0.000145,0.000072,0.132141,0.636817,0.000002,0.041938,0.325537,S.Cerrado
315,0.62,1.2,0.7,0.423,0.0012,1.611,86.348,0.145497,0.647,0.000153,0.000079,0.131832,0.636123,0.000002,0.043283,0.325586,S.Cerrado
320,0.62,1.2,0.7,0.423,0.0012,1.612,86.323,0.144882,0.647,0.000137,0.000017,0.131627,0.635662,0.000000,0.010269,0.325489,S.Cerrado
325,0.62,1.2,0.7,0.423,0.0012,1.613,86.305,0.144234,0.647,0.000140,0.000031,0.131411,0.635175,0.000001,0.018414,0.325506,S.Cerrado
330,0.62,1.2,0.7,0.423,0.0012,1.614,86.292,0.143775,0.648,0.000136,0.000019,0.131258,0.634831,0.000001,0.011638,0.325478,S.Cerrado
335,0.62,1.2,0.7,0.423,0.0012,1.615,86.282,0.143304,0.648,0.000142,0.000036,0.131101,0.634478,0.000001,0.021013,0.325520,S.Cerrado
340,0.62,1.2,0.7,0.423,0.0012,1.616,86.274,0.142991,0.648,0.000144,0.000033,0.130997,0.634243,0.000001,0.019239,0.325528,S.Cerrado
345,0.62,1.2,0.7,0.423,0.0012,1.616,86.270,0.142646,0.648,0.000149,0.000021,0.130882,0.633984,0.000001,0.011918,0.325561,S.Cerrado
350,0.62,1.2,0.7,0.423,0.0012,1.617,86.266,0.142480,0.648,0.000147,0.000028,0.130827,0.633860,0.000001,0.015779,0.325546,S.Cerrado
355,0.62,1.2,0.7,0.423,0.0012,1.617,86.264,0.142351,0.648,0.000147,0.000013,0.130784,0.633763,0.000000,0.007254,0.325547,S.Cerrado
360,0.62,1.2,0.7,0.423,0.0012,1.617,86.263,0.142349,0.647,0.000139,0.000003,0.130783,0.633762,0.000000,0.002038,0.325497,S.Cerrado
365,0.62,1.2,0.7,0.423,0.0012,1.617,86.263,0.142292,0.647,0.000134,0.000020,0.130764,0.633719,0.000001,0.012335,0.325471,S.Cerrado
370,0.62,1.2,0.7,0.423,0.0012,1.617,86.262,0.142276,0.646,0.000142,0.000005,0.130759,0.633707,0.000000,0.003072,0.325516,S.Cerrado
375,0.62,1.2,0.7,0.423,0.0012,1.617,86.263,0.142230,0.647,0.000149,0.000012,0.130743,0.633672,0.000000,0.006787,0.325558,S.Cerrado
380,0.62,1.2,0.7,0.423,0.0012,1.617,86.263,0.142297,0.647,0.000136,0.000019,0.130766,0.633723,0.000001,0.011516,0.325484,S.Cerrado
385,0.62,1.2,0.7,0.423,0.0012,1.617,86.262,0.142202,0.647,0.000147,0.000005,0.130734,0.633652,0.000000,0.002743,0.325551,S.Cerrado
390,0.62,1.2,0.7,0.423,0.0012,1.617,86.263,0.142234,0.647,0.000145,0.000007,0.130745,0.633676,0.000000,0.004113,0.325534,S.Cerrado
395,0.62,1.2,0.7,0.423,0.0012,1.617,86.263,0.142272,0.647,0.000140,0.000006,0.130757,0.633704,0.000000,0.003696,0.325503,S.Cerrado
400,0.62,1.2,0.7,0.423,0.0012,1.617,86.263,0.142246,0.648,0.000141,0.000012,0.130749,0.633684,0.000000,0.007061,0.325514,S.Cerrado
405,0.62,1.2,0.7,0.423,0.0012,1.617,86.263,0.142209,0.649,0.000145,0.000000,0.130736,0.633657,0.000000,0.000204,0.325536,S.Cerrado
410,0.62,1.2,0.7,0.423,0.0012,1.617,86.263,0.142234,0.649,0.000145,0.000003,0.130745,0.633675,0.000000,0.001533,0.325536,S.Cerrado
415,0.62,1.2,0.7,0.423,0.0012,1.617,86.264,0.142250,0.649,0.000137,0.000021,0.130750,0.633687,0.000001,0.012858,0.325489,S.Cerrado
420,0.62,1.2,0.7,0.423,0.0012,1.617,86.264,0.142238,0.649,0.000139,0.000012,0.130746,0.633679,0.000000,0.007001,0.325497,S.Cerrado
425,0.62,1.2,0.7,0.423,0.0012,1.617,86.264,0.142202,0.649,0.000145,0.000009,0.130734,0.633652,0.000000,0.005355,0.325537,S.Cerrado
430,0.62,1.2,0.7,0.423,0.0012,1.617,86.264,0.142212,0.648,0.000144,0.000003,0.130737,0.633659,0.000000,0.001497,0.325531,S.Cerrado
435,0.62,1.2,0.7,0.423,0.0012,1.617,86.264,0.142238,0.648,0.000143,0.000008,0.130746,0.633679,0.000000,0.004373,0.325526,S.Cerrado
440,0.62,1.2,0.7,0.423,0.0012,1.617,86.264,0.142287,0.647,0.000138,0.000011,0.130762,0.633716,0.000000,0.006548,0.325491,S.Cerrado
445,0.62,1.2,0.7,0.423,0.0012,1.617,86.264,0.142229,0.647,0.000145,0.000002,0.130743,0.633672,0.000000,0.001267,0.325534,S.Cerrado
450,0.62,1.2,0.7,0.423,0.0012,1.617,86.264,0.142306,0.647,0.000140,0.000014,0.130769,0.633730,0.000000,0.008056,0.325506,S.Cerrado
455,0.62,1.2,0.7,0.423,0.0012,1.617,86.264,0.142342,0.647,0.000139,0.000012,0.130781,0.633757,0.000000,0.007244,0.325496,S.Cerrado
460,0.62,1.2,0.7,0.423,0.0012,1.617,86.264,0.142286,0.647,0.000144,0.000010,0.130762,0.633715,0.000000,0.006037,0.325527,S.Cerrado
465,0.62,1.2,0.7,0.423,0.0012,1.617,86.263,0.142209,0.647,0.000143,0.000002,0.130736,0.633657,0.000000,0.001088,0.325523,S.Cerrado
470,0.62,1.2,0.7,0.423,0.0012,1.617,86.263,0.142226,0.647,0.000146,0.000012,0.130742,0.633670,0.000000,0.006665,0.325543,S.Cerrado
475,0.62,1.2,0.7,0.423,0.0012,1.617,86.263,0.142244,0.648,0.000142,0.000003,0.130748,0.633683,0.000000,0.001952,0.325517,S.Cerrado
480,0.62,1.2,0.7,0.423,0.0012,1.617,86.263,0.142221,0.648,0.000141,0.000016,0.130740,0.633666,0.000000,0.009288,0.325509,S.Cerrado
485,0.62,1.2,0.7,0.423,0.0012,1.617,86.264,0.142261,0.648,0.000137,0.000016,0.130754,0.633696,0.000000,0.009577,0.325490,S.Cerrado
490,0.62,1.2,0.7,0.423,0.0012,1.617,86.264,0.142246,0.648,0.000137,0.000018,0.130749,0.633684,0.000000,0.011048,0.325485,S.Cerrado
495,0.62,1.2,0.7,0.423,0.0012,1.617,86.264,0.142232,0.648,0.000139,0.000009,0.130744,0.633674,0.000000,0.005092,0.325499,S.Cerrado
500,0.62,1.2,0.7,0.423,0.0012,1.617,86.264,0.142165,0.648,0.000152,0.000021,0.130722,0.633624,0.000001,0.011719,0.325577,S.Cerrado
505,0.62,1.2,0.7,0.423,0.0012,1.617,86.265,0.142301,0.648,0.000137,0.000016,0.130767,0.633726,0.000000,0.009818,0.325486,S.Cerrado
510,0.62,1.2,0.7,0.423,0.0012,1.617,86.264,0.142289,0.649,0.000140,0.000009,0.130763,0.633717,0.000000,0.005324,0.325508,S.Cerrado
515,0.62,1.2,0.7,0.423,0.0012,1.617,86.264,0.142304,0.649,0.000144,0.000005,0.130768,0.633728,0.000000,0.003021,0.325529,S.Cerrado
520,0.62,1.2,0.7,0.423,0.0012,1.617,86.263,0.142289,0.649,0.000148,0.000011,0.130763,0.633717,0.000000,0.006027,0.325555,S.Cerrado
525,0.62,1.2,0.7,0.423,0.0012,1.617,86.263,0.142291,0.649,0.000139,0.000009,0.130764,0.633718,0.000000,0.005219,0.325502,S.Cerrado
530,0.62,1.2,0.7,0.423,0.0012,1.617,86.263,0.142231,0.649,0.000145,0.000007,0.130744,0.633673,0.000000,0.003850,0.325535,S.Cerrado
535,0.62,1.2,0.7,0.423,0.0012,1.617,86.262,0.142219,0.649,0.000144,0.000002,0.130740,0.633664,0.000000,0.000867,0.325528,S.Cerrado
540,0.62,1.2,0.7,0.423,0.0012,1.617,86.263,0.142281,0.648,0.000136,0.000010,0.130760,0.633711,0.000000,0.006188,0.325483,S.Cerrado
545,0.62,1.2,0.7,0.423,0.0012,1.617,86.263,0.142267,0.649,0.000141,0.000001,0.130756,0.633700,0.000000,0.000633,0.325511,S.Cerrado
550,0.62,1.2,0.7,0.423,0.0012,1.617,86.263,0.142225,0.649,0.000145,0.000013,0.130742,0.633669,0.000000,0.007662,0.325538,S.Cerrado
555,0.62,1.2,0.7,0.423,0.0012,1.617,86.263,0.142309,0.648,0.000137,0.000010,0.130770,0.633732,0.000000,0.005979,0.325485,S.Cerrado
560,0.62,1.2,0.7,0.423,0.0012,1.617,86.262,0.142243,0.648,0.000140,0.000008,0.130748,0.633682,0.000000,0.004490,0.325503,S.Cerrado
565,0.62,1.2,0.7,0.423,0.0012,1.617,86.262,0.142215,0.648,0.000147,0.000005,0.130738,0.633661,0.000000,0.002723,0.325548,S.Cerrado
570,0.62,1.2,0.7,0.423,0.0012,1.617,86.262,0.142230,0.647,0.000139,0.000006,0.130743,0.633673,0.000000,0.003349,0.325496,S.Cerrado
575,0.62,1.2,0.7,0.423,0.0012,1.617,86.263,0.142187,0.647,0.000147,0.000000,0.130729,0.633640,0.000000,0.000152,0.325545,S.Cerrado
580,0.62,1.2,0.7,0.423,0.0012,1.617,86.263,0.142306,0.647,0.000135,0.000012,0.130769,0.633729,0.000000,0.007636,0.325475,S.Cerrado
585,0.62,1.2,0.7,0.423,0.0012,1.617,86.263,0.142255,0.647,0.000139,0.000001,0.130752,0.633691,0.000000,0.000832,0.325502,S.Cerrado
590,0.62,1.2,0.7,0.423,0.0012,1.617,86.263,0.142193,0.647,0.000146,0.000009,0.130731,0.633645,0.000000,0.004935,0.325542,S.Cerrado
595,0.62,1.2,0.7,0.423,0.0012,1.618,86.263,0.142215,0.648,0.000141,0.000003,0.130738,0.633661,0.000000,0.001713,0.325514,S.Cerrado
600,0.62,1.2,0.7,0.423,0.0012,1.617,86.264,0.142273,0.648,0.000140,0.000014,0.130758,0.633705,0.000000,0.008453,0.325503,S.Cerrado
605,0.62,1.2,0.7,0.423,0.0012,1.617,86.264,0.142283,0.648,0.000138,0.000013,0.130761,0.633713,0.000000,0.007735,0.325490,S.Cerrado
610,0.62,1.2,0.7,0.423,0.0012,1.617,86.264,0.142225,0.648,0.000150,0.000018,0.130742,0.633669,0.000000,0.009748,0.325566,S.Cerrado
615,0.62,1.2,0.7,0.423,0.0012,1.617,86.264,0.142282,0.647,0.000147,0.000012,0.130761,0.633711,0.000000,0.006821,0.325547,S.Cerrado
620,0.62,1.2,0.7,0.423,0.0012,1.617,86.264,0.142278,0.647,0.000145,0.000003,0.130759,0.633709,0.000000,0.001922,0.325534,S.Cerrado
625,0.62,1.2,0.7,0.423,0.0012,1.617,86.264,0.142242,0.647,0.000148,0.000018,0.130747,0.633681,0.000000,0.010369,0.325552,S.Cerrado
630,0.62,1.2,0.7,0.423,0.0012,1.617,86.264,0.142266,0.646,0.000140,0.000001,0.130755,0.633700,0.000000,0.000666,0.325507,S.Cerrado
635,0.62,1.2,0.7,0.423,0.0012,1.617,86.263,0.142194,0.645,0.000145,0.000006,0.130731,0.633646,0.000000,0.003305,0.325534,S.Cerrado
640,0.617,1.2,0.7,0.423,0.0012,1.618,86.239,0.142077,0.646,0.000148,0.000065,0.130692,0.631008,0.000002,0.036393,0.325554,S.Cerrado
645,0.617,1.2,0.7,0.423,0.0012,1.620,86.189,0.141715,0.646,0.000146,0.000052,0.130572,0.630736,0.000001,0.029096,0.325544,S.Cerrado
650,0.6,1.2,0.7,0.423,0.0012,1.629,85.975,0.140179,0.646,0.000148,0.000342,0.130060,0.615134,0.000009,0.185317,0.325552,S.Cerrado
655,0.594,1.2,0.7,0.423,0.0012,1.646,85.477,0.136423,0.646,0.000153,0.000435,0.128808,0.607217,0.000011,0.221940,0.325587,S.Cerrado
660,0.564,1.2,0.7,0.423,0.0012,1.705,83.603,0.129036,0.646,0.000400,0.003614,0.126345,0.576177,0.000086,0.658212,0.327091,S.Cerrado
665,0.533,1.2,0.7,0.423,0.0012,1.403,66.677,0.097861,0.645,0.000394,0.008463,0.115954,0.526445,0.000169,1.310861,0.327056,Ciclo Quieto
670,0.533,1.2,0.7,0.423,0.0012,1.142,52.710,0.073122,0.645,0.000397,0.006641,0.107707,0.507892,0.000119,0.916039,0.327072,Transición
675,0.533,1.2,0.7,0.423,0.0012,0.931,41.689,0.054415,0.644,0.000390,0.005207,0.263071,0.493861,0.000221,1.734922,0.327031,Ciclo Límite
680,0.533,1.2,0.7,0.423,0.0012,0.762,32.990,0.040330,0.643,0.000385,0.004075,0.427524,0.483298,0.000275,2.187596,0.327000,Ciclo Límite
685,0.533,1.2,0.7,0.423,0.0012,0.625,26.118,0.029741,0.642,0.000386,0.003187,0.443247,0.475356,0.000220,1.740346,0.327006,Ciclo Límite
690,0.533,1.2,0.7,0.423,0.0012,0.516,20.688,0.021821,0.639,0.000390,0.002496,0.440607,0.469416,0.000169,1.324412,0.327030,Ciclo Límite
695,0.533,1.2,0.7,0.423,0.0012,0.427,16.396,0.016048,0.638,0.000380,0.001947,0.368597,0.465086,0.000109,0.878410,0.326971,Ciclo Límite
700,0.533,1.2,0.7,0.423,0.0012,0.356,12.999,0.011687,0.632,0.000386,0.001523,0.301089,0.461815,0.000069,0.547998,0.327010,Transición
705,0.533,1.2,0.7,0.423,0.0012,0.299,10.311,0.008533,0.632,0.000387,0.001187,0.247783,0.459450,0.000044,0.349597,0.327011,Transición
710,0.533,1.2,0.7,0.423,0.0012,0.253,8.183,0.006215,0.624,0.000383,0.000943,0.205624,0.457711,0.000029,0.231377,0.326991,Transición
715,0.533,1.2,0.7,0.423,0.0012,0.216,6.497,0.004534,0.624,0.000386,0.000732,0.172280,0.456450,0.000019,0.148984,0.327010,Transición
720,0.539,1.2,0.7,0.423,0.0012,0.189,5.297,0.003408,0.626,0.000384,0.000521,0.148574,0.460706,0.000012,0.092865,0.326994,Transición
725,0.539,1.2,0.7,0.423,0.0012,0.168,4.342,0.002547,0.618,0.000382,0.000412,0.129720,0.460060,0.000008,0.064351,0.326984,Colapso
730,0.547,1.2,0.7,0.423,0.0012,0.154,3.711,0.002079,0.611,0.000380,0.000253,0.117304,0.466509,0.000005,0.036531,0.326968,Colapso
735,0.547,1.2,0.7,0.423,0.0012,0.142,3.175,0.001625,0.621,0.000388,0.000219,0.106715,0.466169,0.000004,0.028129,0.327016,Colapso
740,0.547,1.2,0.7,0.423,0.0012,0.132,2.715,0.001275,0.623,0.000389,0.000192,0.097655,0.465906,0.000003,0.022468,0.327022,Colapso
745,0.547,1.2,0.7,0.423,0.0012,0.123,2.324,0.001007,0.643,0.000396,0.000184,0.089967,0.465705,0.000003,0.019447,0.327069,Colapso
750,0.547,1.2,0.7,0.423,0.0012,0.116,1.990,0.000844,0.605,0.000394,0.000142,0.083615,0.465583,0.000002,0.014034,0.327057,Colapso
755,0.549,1.2,0.7,0.423,0.0012,0.109,1.708,0.000684,0.629,0.000401,0.000127,0.083561,0.467163,0.000002,0.012337,0.327098,Colapso
760,0.554,1.2,0.7,0.423,0.0012,0.105,1.513,0.000666,0.578,0.000389,0.000082,0.083555,0.471399,0.000001,0.008336,0.327024,Colapso
765,0.555,1.2,0.7,0.423,0.0012,0.101,1.351,0.000535,0.509,0.000402,0.000084,0.083512,0.472151,0.000001,0.008260,0.327105,Colapso
770,0.561,1.2,0.7,0.423,0.0012,0.099,1.229,0.000539,0.489,0.000400,0.000055,0.083513,0.477255,0.000001,0.005442,0.327090,Colapso
775,0.561,1.2,0.7,0.423,0.0012,0.097,1.132,0.000536,0.551,0.000395,0.000050,0.083512,0.477252,0.000001,0.005068,0.327060,Colapso
780,0.561,1.2,0.7,0.423,0.0012,0.095,1.042,0.000522,0.540,0.000393,0.000047,0.083507,0.477242,0.000001,0.004802,0.327049,Colapso
785,0.564,1.2,0.7,0.423,0.0012,0.093,0.966,0.000447,0.550,0.000397,0.000031,0.083482,0.479735,0.000000,0.003158,0.327073,Colapso
790,0.565,1.2,0.7,0.423,0.0012,0.093,0.908,0.000373,0.503,0.000412,0.000048,0.083458,0.480530,0.000001,0.004628,0.327169,Colapso
795,0.565,1.2,0.7,0.423,0.0012,0.091,0.853,0.000405,0.533,0.000403,0.000025,0.083468,0.480554,0.000000,0.002492,0.327113,Colapso
800,0.569,1.2,0.7,0.423,0.0012,0.091,0.816,0.000501,0.525,0.000392,0.000031,0.083500,0.484026,0.000000,0.003197,0.327044,Colapso
805,0.573,1.2,0.7,0.423,0.0012,0.090,0.792,0.000431,0.616,0.000403,0.000010,0.083477,0.487373,0.000000,0.000996,0.327111,Colapso
810,0.573,1.2,0.7,0.423,0.0012,0.090,0.775,0.000475,0.535,0.000404,0.000025,0.083492,0.487406,0.000000,0.002467,0.327118,Colapso
815,0.573,1.2,0.7,0.423,0.0012,0.090,0.757,0.000526,0.543,0.000398,0.000010,0.083509,0.487444,0.000000,0.001002,0.327082,Colapso
820,0.573,1.2,0.7,0.423,0.0012,0.090,0.742,0.000462,0.498,0.000401,0.000015,0.083487,0.487397,0.000000,0.001480,0.327099,Colapso
825,0.573,1.2,0.7,0.423,0.0012,0.090,0.725,0.000446,0.481,0.000405,0.000012,0.083482,0.487384,0.000000,0.001229,0.327125,Colapso
830,0.573,1.2,0.7,0.423,0.0012,0.089,0.709,0.000407,0.503,0.000405,0.000013,0.083469,0.487356,0.000000,0.001286,0.327120,Colapso
835,0.573,1.2,0.7,0.423,0.0012,0.089,0.694,0.000468,0.386,0.000401,0.000017,0.083489,0.487401,0.000000,0.001696,0.327097,Colapso
840,0.573,1.2,0.7,0.423,0.0012,0.089,0.679,0.000467,0.371,0.000407,0.000013,0.083489,0.487400,0.000000,0.001320,0.327133,Colapso
845,0.573,1.2,0.7,0.423,0.0012,0.089,0.664,0.000471,0.345,0.000402,0.000009,0.083490,0.487403,0.000000,0.000917,0.327108,Colapso
850,0.573,1.2,0.7,0.423,0.0012,0.089,0.649,0.000428,0.190,0.000411,0.000019,0.083476,0.487371,0.000000,0.001842,0.327163,Colapso
855,0.573,1.2,0.7,0.423,0.0012,0.089,0.635,0.000483,0.221,0.000405,0.000013,0.083494,0.487412,0.000000,0.001269,0.327123,Colapso
860,0.573,1.2,0.7,0.423,0.0012,0.088,0.621,0.000456,0.221,0.000397,0.000020,0.083485,0.487392,0.000000,0.002029,0.327076,Colapso
865,0.573,1.2,0.7,0.423,0.0012,0.087,0.606,0.000384,0.229,0.000408,0.000011,0.083461,0.487338,0.000000,0.001119,0.327142,Colapso
870,0.573,1.22,0.7,0.423,0.0012,0.088,0.594,0.000378,0.266,0.000411,0.000009,0.083459,0.487334,0.000000,0.000902,0.327161,Colapso
875,0.573,1.24,0.7,0.423,0.0012,0.087,0.581,0.000401,0.236,0.000403,0.000014,0.083467,0.487351,0.000000,0.001386,0.327113,Colapso
880,0.573,1.25,0.7,0.423,0.0012,0.087,0.569,0.000461,0.190,0.000397,0.000020,0.083487,0.487396,0.000000,0.002057,0.327072,Colapso
885,0.573,1.56,0.7,0.423,0.0012,0.086,0.556,0.000377,0.154,0.000407,0.000010,0.083459,0.487333,0.000000,0.000975,0.327136,Colapso
890,0.573,1.56,0.7,0.423,0.0012,0.086,0.543,0.000353,0.104,0.000414,0.000026,0.083451,0.487315,0.000000,0.002577,0.327175,Colapso
895,0.573,1.73,0.7,0.423,0.0012,0.086,0.530,0.000369,0.175,0.000407,0.000010,0.083456,0.487327,0.000000,0.001013,0.327136,Colapso
900,0.573,1.75,0.7,0.423,0.0012,0.086,0.518,0.000332,0.186,0.000411,0.000008,0.083444,0.487299,0.000000,0.000792,0.327161,Colapso
905,0.573,1.74,0.7,0.423,0.0012,0.086,0.507,0.000358,0.252,0.000408,0.000005,0.083453,0.487318,0.000000,0.000546,0.327144,Colapso
910,0.573,1.74,0.7,0.423,0.0012,0.086,0.495,0.000434,0.160,0.000399,0.000025,0.083478,0.487376,0.000000,0.002575,0.327084,Colapso
915,0.573,1.74,0.7,0.423,0.0012,0.086,0.484,0.000343,0.123,0.000413,0.000019,0.083448,0.487308,0.000000,0.001918,0.327173,Colapso
920,0.573,1.74,0.7,0.423,0.0012,0.085,0.472,0.000280,0.126,0.000419,0.000027,0.083427,0.487260,0.000000,0.002620,0.327209,Colapso
925,0.573,1.74,0.7,0.423,0.0012,0.085,0.462,0.000315,0.120,0.000416,0.000017,0.083438,0.487286,0.000000,0.001641,0.327191,Colapso
930,0.573,1.74,0.7,0.423,0.0012,0.085,0.453,0.000372,0.111,0.000406,0.000014,0.083457,0.487329,0.000000,0.001367,0.327128,Colapso
935,0.573,1.74,0.7,0.423,0.0012,0.086,0.444,0.000362,0.138,0.000407,0.000014,0.083454,0.487322,0.000000,0.001408,0.327133,Colapso
940,0.573,1.74,0.7,0.423,0.0012,0.085,0.435,0.000329,0.183,0.000412,0.000005,0.083443,0.487297,0.000000,0.000507,0.327165,Colapso
945,0.573,1.74,0.7,0.423,0.0012,0.085,0.426,0.000316,0.223,0.000415,0.000018,0.083439,0.487287,0.000000,0.001768,0.327181,Colapso
950,0.573,1.74,0.7,0.423,0.0012,0.085,0.417,0.000342,0.195,0.000409,0.000011,0.083447,0.487307,0.000000,0.001090,0.327148,Colapso
955,0.573,1.74,2.8,0.423,0.0012,0.084,0.406,0.000237,0.179,0.000418,0.000028,0.083412,0.487228,0.000000,0.002754,0.327201,Colapso
960,0.573,1.74,3,0.423,0.0012,0.083,0.393,0.000252,0.202,0.000410,0.000013,0.083417,0.487239,0.000000,0.001295,0.327155,Colapso
965,0.573,1.74,4.3,0.423,0.0012,0.083,0.379,0.000310,0.074,0.000405,0.000020,0.083437,0.487283,0.000000,0.001973,0.327126,Colapso
970,0.573,1.74,4.3,0.423,0.0012,0.083,0.363,0.000360,0.204,0.000406,0.000014,0.083453,0.487320,0.000000,0.001374,0.327130,Colapso
975,0.573,1.74,4.3,0.423,0.0012,0.083,0.346,0.000354,0.351,0.000412,0.000017,0.083451,0.487316,0.000000,0.001702,0.327165,Colapso
980,0.573,1.74,4.3,0.423,0.0012,0.083,0.331,0.000372,0.317,0.000407,0.000009,0.083457,0.487329,0.000000,0.000921,0.327134,Colapso
985,0.573,1.74,4.3,0.461,0.0012,0.085,0.348,0.000437,0.373,0.000403,0.000039,0.083479,0.487378,0.000001,0.003910,0.327112,Colapso
990,0.573,1.74,4.3,0.477,0.0012,0.086,0.422,0.000460,0.351,0.000407,0.000040,0.083487,0.487395,0.000001,0.003966,0.327137,Colapso
995,0.573,1.74,4.3,0.516,0.0012,0.088,0.567,0.000647,0.184,0.000406,0.000096,0.083549,0.487535,0.000001,0.009644,0.327128,Colapso
1000,0.573,1.74,4.3,0.52,0.0012,0.091,0.861,0.000991,0.378,0.000397,0.000179,0.083664,0.487793,0.000002,0.018377,0.327074,Colapso
1005,0.573,1.74,4.3,0.523,0.0012,0.094,1.324,0.001595,0.350,0.000389,0.000266,0.083865,0.488246,0.000004,0.028070,0.327023,Colapso
1010,0.573,1.74,4.3,0.523,0.0012,0.102,2.039,0.002373,0.343,0.000383,0.000392,0.084878,0.488830,0.000005,0.042382,0.326991,Colapso
1015,0.573,1.74,4.3,0.523,0.0012,0.119,3.140,0.003537,0.391,0.000368,0.000635,0.106682,0.489702,0.000011,0.090222,0.326894,Colapso
1020,0.573,1.74,4.3,0.523,0.0012,0.153,4.840,0.005262,0.425,0.000353,0.000971,0.140306,0.490996,0.000022,0.189668,0.326802,Colapso
1025,0.573,1.74,4.3,0.533,0.0012,0.222,7.704,0.007957,0.443,0.000340,0.001688,0.196899,0.493018,0.000054,0.482616,0.326723,Transición
1030,0.573,1.74,4.3,0.533,0.0012,0.345,12.437,0.012503,0.469,0.000330,0.002753,0.290435,0.496427,0.000130,1.204707,0.326662,Transición
1035,0.573,1.74,4.3,0.533,0.0012,0.551,20.083,0.019657,0.484,0.000323,0.004436,0.439886,0.501793,0.000320,3.033158,0.326621,Transición
1040,0.573,1.74,4.3,0.533,0.0012,0.891,32.438,0.031023,0.498,0.000319,0.007154,0.435167,0.510317,0.000519,4.987533,0.326595,Transición
1045,0.573,1.74,4.3,0.533,0.0012,1.443,52.402,0.049315,0.511,0.000320,0.011566,0.099772,0.524036,0.000197,1.890045,0.326603,Ciclo Límite
1050,0.573,1.74,4.3,0.533,0.0012,1.594,72.115,0.078590,0.541,0.000246,0.008604,0.109530,0.545993,0.000168,2.088416,0.326154,S.Cerrado
1055,0.573,1.74,4.3,0.533,0.0012,1.339,83.657,0.122625,0.611,0.000186,0.006314,0.124208,0.579019,0.000148,2.442500,0.325785,S.Cerrado
1060,0.573,1.74,4.3,0.533,0.0012,1.110,89.482,0.157481,0.642,0.000161,0.003787,0.135827,0.605161,0.000101,1.933405,0.325633,S.Cerrado
1065,0.573,1.74,4.3,0.533,0.0012,0.960,92.729,0.181506,0.660,0.000141,0.002388,0.143835,0.623180,0.000070,1.517443,0.325512,S.Cerrado
1070,0.573,1.74,4.3,0.533,0.0012,0.864,94.550,0.197234,0.672,0.000128,0.001424,0.149078,0.634975,0.000044,1.052084,0.325433,S.Cerrado
1075,0.573,1.74,4.3,0.533,0.0012,0.805,95.539,0.206968,0.680,0.000119,0.000810,0.152323,0.637050,0.000026,0.658473,0.325379,S.Cerrado
1080,0.573,1.74,4.3,0.524,0.0012,0.787,95.896,0.214036,0.685,0.000112,0.000500,0.154679,0.637050,0.000016,0.438776,0.325337,S.Cerrado
1085,0.573,1.74,4.3,0.517,0.0012,0.809,95.741,0.222234,0.688,0.000118,0.000505,0.157411,0.637050,0.000016,0.430384,0.325369,S.Cerrado
1090,0.573,1.74,4.3,0.514,0.0012,0.830,95.538,0.227847,0.689,0.000118,0.000343,0.159282,0.637050,0.000011,0.294215,0.325374,S.Cerrado
1095,0.573,1.74,4.3,0.514,0.0012,0.842,95.416,0.230462,0.689,0.000125,0.000142,0.160154,0.637050,0.000005,0.115959,0.325411,S.Cerrado
1100,0.573,1.74,4.3,0.514,0.0012,0.847,95.347,0.231475,0.688,0.000121,0.000063,0.160492,0.637050,0.000002,0.053141,0.325392,S.Cerrado
1105,0.573,1.74,4.3,0.51,0.0012,0.853,95.267,0.232044,0.688,0.000127,0.000185,0.160681,0.637050,0.000006,0.148782,0.325429,S.Cerrado
1110,0.573,1.74,4.3,0.495,0.0012,0.896,94.719,0.235709,0.687,0.000133,0.000619,0.161903,0.637050,0.000021,0.480245,0.325462,S.Cerrado
1115,0.573,1.74,4.3,0.489,0.0012,0.952,93.912,0.239626,0.685,0.000135,0.000452,0.163209,0.637050,0.000015,0.347218,0.325477,S.Cerrado
1120,0.573,1.74,4.3,0.483,0.0012,0.986,93.335,0.240317,0.683,0.000141,0.000352,0.163439,0.637050,0.000012,0.259873,0.325512,S.Cerrado
1125,0.573,1.74,4.3,0.483,0.0012,1.016,92.769,0.239504,0.682,0.000143,0.000290,0.163168,0.637050,0.000010,0.210612,0.325524,S.Cerrado
1130,0.573,1.74,4.3,0.483,0.0012,1.033,92.411,0.237684,0.680,0.000144,0.000250,0.162561,0.637050,0.000008,0.179342,0.325532,S.Cerrado
1135,0.573,1.74,4.3,0.482,0.0012,1.045,92.143,0.235523,0.679,0.000150,0.000256,0.161841,0.637050,0.000009,0.176259,0.325564,S.Cerrado
1140,0.573,1.74,4.3,0.478,0.0012,1.063,91.734,0.233268,0.678,0.000150,0.000280,0.161089,0.637050,0.000009,0.191149,0.325568,S.Cerrado
1145,0.573,1.74,4.3,0.478,0.0012,1.075,91.463,0.231262,0.677,0.000154,0.000241,0.160421,0.637050,0.000008,0.159612,0.325594,S.Cerrado
1150,0.573,1.74,4.3,0.478,0.0012,1.082,91.285,0.229365,0.676,0.000154,0.000184,0.159788,0.637050,0.000006,0.121695,0.325590,S.Cerrado
1155,0.573,1.74,4.3,0.478,0.0012,1.086,91.167,0.227755,0.676,0.000152,0.000135,0.159252,0.637050,0.000004,0.089861,0.325579,S.Cerrado
1160,0.573,1.74,4.3,0.478,0.0012,1.089,91.089,0.226485,0.675,0.000156,0.000085,0.158828,0.637050,0.000003,0.055242,0.325603,S.Cerrado
1165,0.573,1.74,4.3,0.478,0.0012,1.090,91.039,0.225545,0.675,0.000156,0.000068,0.158515,0.637050,0.000002,0.043937,0.325605,S.Cerrado
1170,0.573,1.74,4.3,0.475,0.0012,1.094,90.962,0.224723,0.675,0.000162,0.000153,0.158241,0.637050,0.000005,0.094633,0.325642,S.Cerrado
1175,0.573,1.74,4.3,0.458,0.0012,1.138,89.919,0.221504,0.674,0.000167,0.000816,0.157168,0.637050,0.000027,0.489343,0.325670,S.Cerrado
1180,0.573,1.74,4.3,0.439,0.0012,1.229,87.348,0.210695,0.671,0.000199,0.001802,0.153565,0.637050,0.000057,0.886650,0.325864,S.Cerrado
1185,0.573,1.74,4.3,0.441,0.0012,1.287,85.289,0.198186,0.668,0.000204,0.001466,0.149395,0.635689,0.000045,0.682212,0.325896,S.Cerrado
1190,0.573,1.74,4.3,0.441,0.0012,1.323,83.789,0.185594,0.666,0.000210,0.001333,0.145198,0.626246,0.000039,0.577805,0.325930,S.Cerrado
1195,0.573,1.74,4.3,0.441,0.0012,1.350,82.580,0.173340,0.663,0.000220,0.001205,0.141113,0.617055,0.000034,0.476351,0.325995,S.Cerrado
1200,0.573,1.74,4.3,0.441,0.0012,1.372,81.605,0.161996,0.661,0.000222,0.001029,0.137332,0.608547,0.000028,0.387220,0.326005,S.Cerrado
1205,0.573,1.74,4.3,0.441,0.0012,1.390,80.818,0.152005,0.658,0.000225,0.000889,0.134002,0.601054,0.000023,0.318724,0.326021,S.Cerrado
1210,0.573,1.74,4.3,0.441,0.0012,1.406,80.187,0.143373,0.656,0.000227,0.000729,0.131124,0.594580,0.000019,0.250758,0.326033,S.Cerrado
1215,0.573,1.74,4.3,0.441,0.0012,1.419,79.683,0.136184,0.654,0.000230,0.000586,0.128728,0.589188,0.000014,0.193157,0.326054,S.Cerrado
1220,0.573,1.74,4.3,0.432,0.0012,1.446,78.467,0.127317,0.652,0.000251,0.001467,0.125772,0.582538,0.000035,0.429025,0.326180,S.Cerrado
1225,0.573,1.74,4.3,0.422,0.0012,1.476,74.865,0.113654,0.648,0.000342,0.002793,0.121218,0.572290,0.000063,0.566639,0.326737,S.Cerrado
1230,0.573,1.74,4.3,0.422,0.0012,1.451,70.403,0.100243,0.644,0.000339,0.002490,0.116748,0.562232,0.000053,0.482538,0.326718,S.Cerrado
1235,0.573,1.74,4.3,0.422,0.0012,1.420,66.296,0.088813,0.638,0.000328,0.002253,0.112938,0.553660,0.000046,0.429518,0.326652,Ciclo Límite
1240,0.573,1.74,4.3,0.422,0.0012,1.385,62.502,0.079220,0.632,0.000329,0.002033,0.109740,0.546465,0.000040,0.370739,0.326658,Ciclo Límite
1245,0.573,1.74,4.3,0.422,0.0012,1.347,58.986,0.071024,0.626,0.000324,0.001866,0.107008,0.540318,0.000035,0.333329,0.326626,Ciclo Límite
1250,0.573,1.74,4.3,0.422,0.0012,1.307,55.720,0.064130,0.620,0.000325,0.001699,0.104710,0.535148,0.000031,0.293076,0.326633,Ciclo Límite
1255,0.573,1.74,4.3,0.422,0.0012,1.266,52.678,0.058399,0.613,0.000322,0.001561,0.102800,0.530849,0.000028,0.264710,0.326615,Ciclo Límite
1260,0.573,1.74,4.3,0.422,0.0012,1.223,49.839,0.053602,0.606,0.000327,0.001409,0.104329,0.527251,0.000025,0.237216,0.326644,Ciclo Límite
1265,0.573,1.74,4.3,0.422,0.0012,1.180,47.183,0.049402,0.598,0.000320,0.001303,0.154584,0.524102,0.000034,0.329413,0.326607,Ciclo Límite
1270,0.573,1.74,4.3,0.422,0.0012,1.136,44.691,0.045858,0.588,0.000319,0.001219,0.201852,0.521443,0.000042,0.402689,0.326595,Ciclo Límite
1275,0.573,1.74,4.3,0.422,0.0012,1.093,42.351,0.042711,0.579,0.000320,0.001126,0.246307,0.519083,0.000047,0.450217,0.326602,Ciclo Límite
1280,0.573,1.74,4.3,0.422,0.0012,1.049,40.149,0.039918,0.569,0.000317,0.001055,0.288183,0.516989,0.000051,0.495837,0.326586,Ciclo Límite
1285,0.573,1.74,4.3,0.422,0.0012,1.007,38.078,0.037464,0.560,0.000320,0.000994,0.327647,0.515148,0.000055,0.523788,0.326605,Ciclo Límite
1290,0.573,1.74,4.3,0.422,0.0012,0.965,36.123,0.035117,0.549,0.000325,0.000958,0.364864,0.513388,0.000059,0.552434,0.326633,Ciclo Límite
1295,0.573,1.74,4.3,0.422,0.0012,0.925,34.279,0.033060,0.537,0.000323,0.000867,0.400037,0.511845,0.000058,0.548792,0.326624,Ciclo Límite
1300,0.573,1.74,4.3,0.422,0.0012,0.885,32.537,0.031064,0.528,0.000318,0.000828,0.433239,0.510348,0.000060,0.575649,0.326592,Ciclo Límite
1305,0.573,1.74,4.3,0.422,0.0012,0.847,30.890,0.029235,0.517,0.000324,0.000793,0.443078,0.508977,0.000058,0.551594,0.326630,Ciclo Límite
1310,0.573,1.74,4.3,0.422,0.0012,0.810,29.331,0.027566,0.505,0.000321,0.000760,0.442522,0.507724,0.000056,0.532481,0.326607,Ciclo Límite
1315,0.573,1.74,4.3,0.422,0.0012,0.774,27.856,0.026008,0.493,0.000322,0.000704,0.442003,0.506556,0.000051,0.488727,0.326618,Ciclo Límite
1320,0.573,1.74,4.3,0.426,0.0012,0.742,26.567,0.024594,0.483,0.000323,0.000384,0.441531,0.505495,0.000028,0.264771,0.326625,Ciclo Límite
1325,0.573,1.74,4.3,0.433,0.0012,0.738,26.301,0.024204,0.469,0.000321,0.000052,0.441401,0.505203,0.000004,0.036051,0.326610,Ciclo Límite
1330,0.573,1.74,4.3,0.434,0.0012,0.747,26.489,0.024266,0.456,0.000323,0.000114,0.441422,0.505249,0.000008,0.078997,0.326623,Ciclo Límite
1335,0.573,1.74,4.3,0.434,0.0012,0.756,26.735,0.024264,0.444,0.000322,0.000114,0.441421,0.505248,0.000008,0.079186,0.326618,Ciclo Límite
1340,0.573,1.74,4.3,0.434,0.0012,0.766,26.985,0.024395,0.434,0.000320,0.000122,0.441465,0.505346,0.000009,0.085280,0.326606,Ciclo Límite
1345,0.573,1.74,4.3,0.434,0.0012,0.776,27.240,0.024545,0.423,0.000321,0.000125,0.441515,0.505459,0.000009,0.086861,0.326612,Ciclo Límite
1350,0.573,1.74,4.3,0.434,0.0012,0.785,27.502,0.024654,0.414,0.000318,0.000125,0.441551,0.505541,0.000009,0.087804,0.326591,Ciclo Límite
1355,0.573,1.74,4.3,0.434,0.0012,0.795,27.766,0.024858,0.405,0.000323,0.000131,0.441619,0.505694,0.000010,0.090496,0.326621,Ciclo Límite
1360,0.573,1.74,4.3,0.434,0.0012,0.804,28.036,0.025013,0.398,0.000324,0.000142,0.441671,0.505810,0.000010,0.097874,0.326629,Ciclo Límite
1365,0.573,1.74,4.3,0.434,0.0012,0.813,28.309,0.025153,0.383,0.000321,0.000140,0.441718,0.505914,0.000010,0.097369,0.326610,Ciclo Límite
1370,0.573,1.74,4.3,0.434,0.0012,0.823,28.587,0.025288,0.375,0.000321,0.000133,0.441763,0.506016,0.000010,0.092522,0.326612,Ciclo Límite
1375,0.573,1.74,4.3,0.434,0.0012,0.832,28.870,0.025549,0.364,0.000320,0.000139,0.441850,0.506212,0.000010,0.097285,0.326606,Ciclo Límite
1380,0.573,1.74,4.3,0.434,0.0012,0.841,29.155,0.025734,0.356,0.000323,0.000159,0.441911,0.506351,0.000012,0.110153,0.326625,Ciclo Límite
1385,0.573,1.74,4.3,0.434,0.0012,0.851,29.444,0.025931,0.348,0.000320,0.000132,0.441977,0.506498,0.000010,0.092430,0.326601,Ciclo Límite
1390,0.573,1.74,4.3,0.434,0.0012,0.860,29.737,0.026094,0.341,0.000319,0.000152,0.442031,0.506620,0.000011,0.106726,0.326599,Ciclo Límite
1395,0.573,1.74,4.3,0.434,0.0012,0.870,30.035,0.026386,0.334,0.000321,0.000147,0.442129,0.506840,0.000011,0.102767,0.326607,Ciclo Límite
1400,0.573,1.74,4.3,0.434,0.0012,0.879,30.336,0.026594,0.331,0.000325,0.000149,0.442198,0.506996,0.000011,0.102842,0.326636,Ciclo Límite
1405,0.573,1.74,4.3,0.434,0.0012,0.889,30.642,0.026765,0.325,0.000328,0.000133,0.442255,0.507124,0.000010,0.090842,0.326654,Ciclo Límite
1410,0.573,1.74,4.3,0.434,0.0012,0.898,30.950,0.027161,0.321,0.000324,0.000156,0.442387,0.507421,0.000011,0.108284,0.326630,Ciclo Límite
1415,0.573,1.74,4.3,0.434,0.0012,0.908,31.264,0.027340,0.315,0.000319,0.000148,0.442447,0.507555,0.000011,0.104620,0.326596,Ciclo Límite
1420,0.573,1.74,4.3,0.434,0.0012,0.918,31.581,0.027651,0.312,0.000328,0.000173,0.442550,0.507788,0.000013,0.118352,0.326651,Ciclo Límite
1425,0.573,1.74,4.3,0.434,0.0012,0.927,31.902,0.027847,0.310,0.000317,0.000154,0.442616,0.507935,0.000011,0.108949,0.326585,Ciclo Límite
1430,0.573,1.74,4.3,0.434,0.0012,0.937,32.226,0.028052,0.308,0.000322,0.000144,0.438297,0.508089,0.000010,0.099917,0.326613,Ciclo Límite
1435,0.573,1.74,4.3,0.434,0.0012,0.947,32.554,0.028361,0.305,0.000317,0.000160,0.432023,0.508321,0.000012,0.110996,0.326587,Ciclo Límite
1440,0.573,1.74,4.3,0.434,0.0012,0.957,32.885,0.028634,0.305,0.000317,0.000158,0.425678,0.508525,0.000011,0.107876,0.326588,Ciclo Límite
1445,0.573,1.74,4.3,0.434,0.0012,0.967,33.220,0.028868,0.305,0.000319,0.000169,0.419233,0.508701,0.000012,0.113154,0.326600,Ciclo Límite
1450,0.573,1.74,4.3,0.434,0.0012,0.977,33.559,0.029208,0.302,0.000319,0.000168,0.412752,0.508956,0.000011,0.110314,0.326598,Ciclo Límite
1455,0.573,1.74,4.3,0.434,0.0012,0.987,33.902,0.029481,0.303,0.000321,0.000181,0.406169,0.509160,0.000012,0.116766,0.326608,Ciclo Límite
1460,0.573,1.74,4.3,0.434,0.0012,0.998,34.249,0.029724,0.303,0.000321,0.000158,0.399517,0.509343,0.000011,0.100247,0.326612,Ciclo Límite
1465,0.573,1.74,4.3,0.434,0.0012,1.008,34.599,0.030077,0.301,0.000319,0.000164,0.392824,0.509607,0.000011,0.102776,0.326595,Ciclo Límite
1470,0.573,1.74,4.3,0.434,0.0012,1.019,34.952,0.030353,0.303,0.000316,0.000171,0.386052,0.509815,0.000011,0.106393,0.326578,Ciclo Límite
1475,0.573,1.74,4.3,0.434,0.0012,1.029,35.310,0.030679,0.306,0.000324,0.000192,0.379207,0.510059,0.000012,0.114315,0.326629,Ciclo Límite
1480,0.573,1.74,4.3,0.434,0.0012,1.040,35.672,0.030926,0.309,0.000319,0.000165,0.372250,0.510245,0.000010,0.098222,0.326598,Ciclo Límite
1485,0.573,1.74,4.3,0.443,0.0012,1.076,36.908,0.031987,0.310,0.000319,0.000971,0.348570,0.511040,0.000056,0.541609,0.326599,Ciclo Límite
1490,0.573,1.74,4.3,0.465,0.0012,1.184,40.633,0.035221,0.314,0.000321,0.003114,0.277214,0.513466,0.000145,1.382334,0.326607,Ciclo Límite
1495,0.573,1.74,4.3,0.492,0.0012,1.439,49.559,0.042995,0.316,0.000315,0.006687,0.106236,0.519297,0.000120,1.170066,0.326575,Ciclo Límite
1500,0.573,1.74,4.3,0.543,0.0012,1.617,70.561,0.072730,0.383,0.000260,0.009289,0.107577,0.541598,0.000177,2.079830,0.326239,S.Cerrado
1505,0.573,1.74,4.3,0.543,0.0012,1.350,83.539,0.120827,0.507,0.000187,0.007174,0.123609,0.577670,0.000167,2.733296,0.325794,S.Cerrado
1510,0.573,1.74,4.3,0.543,0.0012,1.089,89.915,0.158511,0.585,0.000150,0.004008,0.136170,0.605933,0.000108,2.212191,0.325563,S.Cerrado
1515,0.573,1.74,4.3,0.543,0.0012,0.920,93.350,0.181541,0.629,0.000129,0.002323,0.143847,0.623205,0.000068,1.611740,0.325439,S.Cerrado
1520,0.573,1.74,4.3,0.537,0.0012,0.817,95.156,0.195503,0.657,0.000117,0.001293,0.148501,0.633677,0.000040,1.040917,0.325365,S.Cerrado
1525,0.573,1.74,4.3,0.523,0.0012,0.803,95.612,0.208717,0.672,0.000115,0.000808,0.152906,0.637050,0.000026,0.685416,0.325352,S.Cerrado
1530,0.573,1.74,4.3,0.514,0.0012,0.825,95.519,0.220145,0.680,0.000120,0.000665,0.156715,0.637050,0.000022,0.553620,0.325382,S.Cerrado
1535,0.573,1.74,4.3,0.498,0.0012,0.868,95.064,0.229335,0.683,0.000126,0.000960,0.159778,0.637050,0.000032,0.775435,0.325420,S.Cerrado
1540,0.573,1.74,4.3,0.498,0.0012,0.910,94.528,0.235723,0.685,0.000127,0.000463,0.161908,0.637050,0.000016,0.376044,0.325427,S.Cerrado
1545,0.573,1.74,4.3,0.497,0.0012,0.934,94.177,0.238097,0.685,0.000136,0.000229,0.162699,0.637050,0.000008,0.173906,0.325482,S.Cerrado
1550,0.573,1.74,4.3,0.491,0.0012,0.963,93.717,0.239061,0.684,0.000134,0.000217,0.163020,0.637050,0.000007,0.168328,0.325466,S.Cerrado
1555,0.573,1.74,4.3,0.491,0.0012,0.980,93.405,0.238837,0.683,0.000139,0.000148,0.162946,0.637050,0.000005,0.110432,0.325501,S.Cerrado
1560,0.573,1.74,4.3,0.491,0.0012,0.990,93.211,0.237805,0.682,0.000143,0.000147,0.162602,0.637050,0.000005,0.105987,0.325526,S.Cerrado
1565,0.573,1.74,4.3,0.491,0.0012,0.995,93.090,0.236655,0.681,0.000151,0.000146,0.162218,0.637050,0.000005,0.100047,0.325572,S.Cerrado
1570,0.573,1.74,4.3,0.49,0.0012,1.002,92.965,0.235771,0.680,0.000140,0.000100,0.161924,0.637050,0.000003,0.073897,0.325505,S.Cerrado
1575,0.573,1.74,4.3,0.49,0.0012,1.005,92.889,0.235000,0.680,0.000145,0.000085,0.161667,0.637050,0.000003,0.060658,0.325535,S.Cerrado
1580,0.573,1.74,4.3,0.479,0.0012,1.025,92.512,0.234361,0.680,0.000149,0.000319,0.161454,0.637050,0.000011,0.219569,0.325562,S.Cerrado
1585,0.573,1.74,4.3,0.479,0.0012,1.050,92.030,0.233874,0.678,0.000157,0.000220,0.161291,0.637050,0.000007,0.144201,0.325606,S.Cerrado
1590,0.573,1.74,4.3,0.479,0.0012,1.064,91.720,0.232473,0.678,0.000150,0.000198,0.160824,0.637050,0.000007,0.135180,0.325566,S.Cerrado
1595,0.573,1.74,4.3,0.451,0.0012,1.133,90.133,0.227651,0.676,0.000169,0.001279,0.159217,0.637050,0.000042,0.765601,0.325685,S.Cerrado
1600,0.573,1.74,4.3,0.451,0.0012,1.193,88.487,0.220140,0.674,0.000179,0.001113,0.156713,0.637050,0.000036,0.619228,0.325745,S.Cerrado
1605,0.573,1.74,4.3,0.451,0.0012,1.230,87.273,0.211316,0.671,0.000187,0.001022,0.153772,0.637050,0.000033,0.535284,0.325792,S.Cerrado
1610,0.573,1.74,4.3,0.451,0.0012,1.254,86.355,0.202241,0.668,0.000188,0.000880,0.150747,0.637050,0.000028,0.448374,0.325801,S.Cerrado
1615,0.573,1.74,4.3,0.451,0.0012,1.272,85.658,0.193759,0.666,0.000196,0.000748,0.147920,0.632369,0.000023,0.356515,0.325848,S.Cerrado
1620,0.573,1.74,4.3,0.451,0.0012,1.285,85.128,0.186072,0.664,0.000198,0.000615,0.145357,0.626604,0.000018,0.283445,0.325856,S.Cerrado
1625,0.573,1.74,4.3,0.451,0.0012,1.295,84.728,0.179797,0.663,0.000201,0.000504,0.143266,0.621897,0.000015,0.223757,0.325876,S.Cerrado
1630,0.573,1.74,4.3,0.451,0.0012,1.303,84.430,0.174576,0.661,0.000205,0.000385,0.141525,0.617982,0.000011,0.164425,0.325901,S.Cerrado
1635,0.573,1.74,4.3,0.451,0.0012,1.309,84.210,0.170327,0.660,0.000199,0.000314,0.140109,0.614796,0.000009,0.135571,0.325868,S.Cerrado
1640,0.573,1.74,4.3,0.451,0.0012,1.313,84.050,0.167192,0.659,0.000204,0.000222,0.139064,0.612444,0.000006,0.092692,0.325897,S.Cerrado
1645,0.573,1.74,4.3,0.451,0.0012,1.317,83.934,0.164709,0.658,0.000199,0.000163,0.138236,0.610582,0.000004,0.068952,0.325867,S.Cerrado
1650,0.573,1.74,4.3,0.451,0.0012,1.319,83.853,0.162984,0.659,0.000201,0.000132,0.137661,0.609288,0.000004,0.054976,0.325875,S.Cerrado
1655,0.573,1.74,4.3,0.451,0.0012,1.321,83.795,0.161694,0.658,0.000200,0.000094,0.137231,0.608321,0.000003,0.039267,0.325869,S.Cerrado
1660,0.573,1.74,4.3,0.451,0.0012,1.322,83.755,0.160787,0.658,0.000203,0.000059,0.136929,0.607640,0.000002,0.024321,0.325887,S.Cerrado
1665,0.573,1.74,4.3,0.451,0.0012,1.323,83.727,0.160157,0.658,0.000206,0.000026,0.136719,0.607168,0.000001,0.010293,0.325907,S.Cerrado
1670,0.573,1.74,4.3,0.451,0.0012,1.324,83.708,0.159676,0.658,0.000202,0.000041,0.136559,0.606807,0.000001,0.016691,0.325886,S.Cerrado
1675,0.573,1.74,4.3,0.451,0.0012,1.325,83.695,0.159347,0.658,0.000203,0.000031,0.136449,0.606560,0.000001,0.012574,0.325888,S.Cerrado
1680,0.573,1.74,4.3,0.451,0.0012,1.325,83.686,0.159085,0.658,0.000211,0.000042,0.136362,0.606363,0.000001,0.016497,0.325939,S.Cerrado
1685,0.573,1.74,4.3,0.455,0.0012,1.316,83.989,0.160429,0.658,0.000200,0.000262,0.136810,0.607372,0.000007,0.109155,0.325869,S.Cerrado
1690,0.573,1.74,4.3,0.448,0.0012,1.325,83.692,0.159255,0.657,0.000203,0.000258,0.136418,0.606491,0.000007,0.105200,0.325888,S.Cerrado
1695,0.573,1.74,4.3,0.444,0.0012,1.342,83.087,0.156518,0.658,0.000210,0.000544,0.135506,0.604438,0.000015,0.212004,0.325934,S.Cerrado
1700,0.573,1.74,4.3,0.443,0.0012,1.362,82.316,0.152439,0.657,0.000217,0.000542,0.134146,0.601379,0.000014,0.201684,0.325973,S.Cerrado
1705,0.573,1.74,4.3,0.436,0.0012,1.384,81.404,0.147181,0.655,0.000226,0.001190,0.132394,0.597436,0.000031,0.415954,0.326031,S.Cerrado
1710,0.573,1.74,4.3,0.435,0.0012,1.421,79.819,0.138525,0.653,0.000248,0.001119,0.129508,0.590944,0.000028,0.345778,0.326162,S.Cerrado
1715,0.573,1.74,4.3,0.435,0.0012,1.448,78.482,0.129977,0.650,0.000252,0.001040,0.126659,0.584533,0.000025,0.305639,0.326188,S.Cerrado
1720,0.573,1.74,4.3,0.435,0.0012,1.468,77.325,0.122106,0.647,0.000259,0.000915,0.124035,0.578629,0.000021,0.254039,0.326229,S.Cerrado
1725,0.573,1.74,4.3,0.441,0.0012,1.473,77.303,0.117897,0.644,0.000245,0.000249,0.122632,0.575473,0.000006,0.071764,0.326143,S.Cerrado
1730,0.573,1.74,4.3,0.441,0.0012,1.475,77.332,0.114543,0.641,0.000241,0.000189,0.121514,0.572958,0.000004,0.054415,0.326123,S.Cerrado
1735,0.573,1.74,4.3,0.441,0.0012,1.477,77.346,0.111921,0.639,0.000245,0.000142,0.120640,0.570990,0.000003,0.039739,0.326148,S.Cerrado
1740,0.573,1.74,4.3,0.441,0.0012,1.479,77.362,0.110015,0.636,0.000246,0.000110,0.120005,0.569562,0.000002,0.030725,0.326149,S.Cerrado
1745,0.573,1.74,4.3,0.441,0.0012,1.481,77.381,0.108713,0.634,0.000243,0.000063,0.119571,0.568585,0.000001,0.017658,0.326136,S.Cerrado
1750,0.573,1.74,4.3,0.441,0.0012,1.481,77.404,0.108014,0.632,0.000244,0.000054,0.119338,0.568061,0.000001,0.014953,0.326140,S.Cerrado
1755,0.573,1.74,4.3,0.441,0.0012,1.482,77.430,0.107808,0.630,0.000246,0.000012,0.119269,0.567906,0.000000,0.003379,0.326149,S.Cerrado
1760,0.573,1.74,4.3,0.441,0.0012,1.482,77.457,0.107855,0.629,0.000245,0.000028,0.119285,0.567941,0.000001,0.007631,0.326149,S.Cerrado
1765,0.573,1.74,4.3,0.441,0.0012,1.482,77.482,0.108027,0.627,0.000245,0.000012,0.119342,0.568070,0.000000,0.003269,0.326147,S.Cerrado
1770,0.573,1.74,4.3,0.441,0.0012,1.482,77.505,0.108253,0.626,0.000245,0.000027,0.119418,0.568240,0.000001,0.007552,0.326147,S.Cerrado
1775,0.573,1.74,4.3,0.441,0.0012,1.481,77.527,0.108581,0.623,0.000245,0.000022,0.119527,0.568486,0.000000,0.006062,0.326147,S.Cerrado
1780,0.573,1.74,4.3,0.441,0.0012,1.481,77.546,0.108874,0.622,0.000242,0.000019,0.119625,0.568706,0.000000,0.005321,0.326125,S.Cerrado
1785,0.573,1.74,4.3,0.441,0.0012,1.480,77.561,0.109124,0.621,0.000244,0.000021,0.119708,0.568893,0.000000,0.005903,0.326137,S.Cerrado
1790,0.573,1.74,4.3,0.441,0.0012,1.480,77.574,0.109313,0.621,0.000244,0.000016,0.119771,0.569035,0.000000,0.004356,0.326140,S.Cerrado
1795,0.573,1.74,4.3,0.441,0.0012,1.480,77.584,0.109436,0.620,0.000245,0.000019,0.119812,0.569127,0.000000,0.005169,0.326144,S.Cerrado
1800,0.573,1.74,4.3,0.441,0.0012,1.480,77.593,0.109467,0.621,0.000242,0.000026,0.119822,0.569150,0.000001,0.007263,0.326126,S.Cerrado
1805,0.573,1.74,4.3,0.441,0.0012,1.479,77.600,0.109614,0.619,0.000241,0.000004,0.119871,0.569261,0.000000,0.001161,0.326122,S.Cerrado
1810,0.573,1.74,4.3,0.441,0.0012,1.479,77.606,0.109663,0.619,0.000245,0.000025,0.119888,0.569297,0.000001,0.006951,0.326146,S.Cerrado
1815,0.573,1.74,4.3,0.441,0.0012,1.479,77.611,0.109636,0.619,0.000246,0.000012,0.119879,0.569277,0.000000,0.003407,0.326152,S.Cerrado
1820,0.573,1.74,4.3,0.441,0.0012,1.479,77.615,0.109743,0.618,0.000247,0.000020,0.119914,0.569357,0.000000,0.005662,0.326156,S.Cerrado
1825,0.573,1.74,4.3,0.441,0.0012,1.479,77.618,0.109699,0.617,0.000248,0.000030,0.119900,0.569324,0.000001,0.008198,0.326164,S.Cerrado
1830,0.573,1.74,4.3,0.441,0.0012,1.479,77.621,0.109722,0.617,0.000241,0.000005,0.119907,0.569342,0.000000,0.001520,0.326121,S.Cerrado
1835,0.573,1.74,4.3,0.441,0.0012,1.479,77.622,0.109763,0.617,0.000246,0.000014,0.119921,0.569373,0.000000,0.003822,0.326149,S.Cerrado
1840,0.573,1.74,4.3,0.441,0.0012,1.479,77.624,0.109801,0.618,0.000247,0.000009,0.119934,0.569401,0.000000,0.002497,0.326160,S.Cerrado
1845,0.573,1.74,4.3,0.441,0.0012,1.479,77.626,0.109829,0.618,0.000247,0.000004,0.119943,0.569421,0.000000,0.001053,0.326156,S.Cerrado
1850,0.573,1.74,4.3,0.441,0.0012,1.479,77.626,0.109727,0.618,0.000243,0.000001,0.119909,0.569345,0.000000,0.000191,0.326133,S.Cerrado
1855,0.573,1.74,4.3,0.441,0.0012,1.479,77.627,0.109792,0.617,0.000247,0.000015,0.119931,0.569394,0.000000,0.004292,0.326155,S.Cerrado
1860,0.573,1.74,4.3,0.441,0.0012,1.479,77.627,0.109715,0.617,0.000250,0.000022,0.119905,0.569336,0.000000,0.005987,0.326177,S.Cerrado
1865,0.573,1.74,4.3,0.441,0.0012,1.479,77.628,0.109754,0.617,0.000240,0.000003,0.119918,0.569365,0.000000,0.000909,0.326117,S.Cerrado
1870,0.573,1.74,4.3,0.441,0.0012,1.479,77.629,0.109816,0.617,0.000249,0.000022,0.119939,0.569412,0.000000,0.006073,0.326168,S.Cerrado
1875,0.573,1.74,4.3,0.441,0.0012,1.479,77.629,0.109792,0.618,0.000243,0.000018,0.119931,0.569394,0.000000,0.004953,0.326135,S.Cerrado
1880,0.573,1.74,4.3,0.441,0.0012,1.478,77.630,0.109730,0.617,0.000245,0.000002,0.119910,0.569347,0.000000,0.000462,0.326149,S.Cerrado
1885,0.573,1.74,4.3,0.441,0.0012,1.479,77.631,0.109843,0.617,0.000244,0.000008,0.119948,0.569432,0.000000,0.002163,0.326142,S.Cerrado
1890,0.573,1.74,4.3,0.441,0.0012,1.478,77.631,0.109758,0.617,0.000247,0.000024,0.119919,0.569368,0.000001,0.006770,0.326157,S.Cerrado
1895,0.573,1.74,4.3,0.441,0.0012,1.478,77.631,0.109763,0.618,0.000240,0.000006,0.119921,0.569372,0.000000,0.001743,0.326118,S.Cerrado
1900,0.573,1.74,4.3,0.441,0.0012,1.478,77.631,0.109735,0.618,0.000248,0.000011,0.119912,0.569351,0.000000,0.002997,0.326164,S.Cerrado
1905,0.573,1.74,4.3,0.441,0.0012,1.478,77.631,0.109766,0.618,0.000243,0.000005,0.119922,0.569375,0.000000,0.001469,0.326131,S.Cerrado
1910,0.573,1.74,4.3,0.441,0.0012,1.479,77.631,0.109807,0.617,0.000242,0.000004,0.119936,0.569405,0.000000,0.001239,0.326130,S.Cerrado
1915,0.573,1.74,4.3,0.441,0.0012,1.479,77.631,0.109774,0.618,0.000242,0.000013,0.119925,0.569381,0.000000,0.003572,0.326130,S.Cerrado
1920,0.573,1.74,4.3,0.441,0.0012,1.478,77.632,0.109801,0.618,0.000241,0.000010,0.119934,0.569400,0.000000,0.002896,0.326119,S.Cerrado
1925,0.573,1.74,4.3,0.441,0.0012,1.478,77.633,0.109770,0.618,0.000242,0.000003,0.119923,0.569377,0.000000,0.000817,0.326129,S.Cerrado
1930,0.573,1.74,4.3,0.441,0.0012,1.478,77.633,0.109724,0.618,0.000244,0.000014,0.119908,0.569343,0.000000,0.004051,0.326137,S.Cerrado
1935,0.573,1.74,4.3,0.441,0.0012,1.478,77.633,0.109778,0.618,0.000240,0.000001,0.119926,0.569384,0.000000,0.000335,0.326117,S.Cerrado
1940,0.573,1.74,4.3,0.441,0.0012,1.478,77.634,0.109825,0.618,0.000242,0.000015,0.119942,0.569418,0.000000,0.004124,0.326130,S.Cerrado
1945,0.573,1.74,4.3,0.441,0.0012,1.478,77.633,0.109827,0.618,0.000243,0.000009,0.119942,0.569420,0.000000,0.002565,0.326135,S.Cerrado
1950,0.573,1.74,4.3,0.441,0.0012,1.478,77.634,0.109804,0.617,0.000239,0.000001,0.119935,0.569403,0.000000,0.000385,0.326108,S.Cerrado
1955,0.573,1.74,4.3,0.441,0.0012,1.478,77.633,0.109729,0.617,0.000245,0.000003,0.119910,0.569346,0.000000,0.000851,0.326146,S.Cerrado
1960,0.573,1.74,4.3,0.441,0.0012,1.478,77.632,0.109809,0.617,0.000242,0.000001,0.119936,0.569406,0.000000,0.000337,0.326129,S.Cerrado
1965,0.573,1.74,4.3,0.441,0.0012,1.478,77.632,0.109776,0.617,0.000245,0.000018,0.119925,0.569382,0.000000,0.004936,0.326147,S.Cerrado
1970,0.573,1.74,4.3,0.441,0.0012,1.478,77.632,0.109748,0.617,0.000244,0.000013,0.119916,0.569361,0.000000,0.003621,0.326142,S.Cerrado
1975,0.573,1.74,4.3,0.441,0.0012,1.478,77.632,0.109777,0.617,0.000242,0.000006,0.119926,0.569383,0.000000,0.001678,0.326129,S.Cerrado
1980,0.573,1.74,4.3,0.441,0.0012,1.478,77.632,0.109805,0.617,0.000241,0.000004,0.119935,0.569404,0.000000,0.001166,0.326121,S.Cerrado
1985,0.573,1.74,4.3,0.441,0.0012,1.478,77.632,0.109848,0.617,0.000249,0.000015,0.119949,0.569436,0.000000,0.004215,0.326167,S.Cerrado
1990,0.573,1.74,4.3,0.441,0.0012,1.478,77.631,0.109845,0.617,0.000247,0.000014,0.119948,0.569434,0.000000,0.003792,0.326158,S.Cerrado
1995,0.573,1.74,4.3,0.446,0.0012,1.470,78.226,0.111767,0.619,0.000238,0.000457,0.120589,0.570875,0.000010,0.132021,0.326105,S.Cerrado
2000,0.573,1.74,4.3,0.443,0.0012,1.460,78.694,0.113898,0.621,0.000237,0.000143,0.121299,0.572474,0.000003,0.041933,0.326100,S.Cerrado
2005,0.573,1.74,4.3,0.437,0.0012,1.470,77.981,0.112094,0.621,0.000246,0.000454,0.120698,0.571120,0.000010,0.127262,0.326152,S.Cerrado
2010,0.573,1.74,4.3,0.427,0.0012,1.507,75.214,0.104537,0.618,0.000339,0.001534,0.118179,0.565453,0.000034,0.302566,0.326719,S.Cerrado
2015,0.573,1.74,4.3,0.425,0.0012,1.501,71.945,0.096391,0.613,0.000331,0.001782,0.115464,0.559343,0.000038,0.347827,0.326670,S.Cerrado
2020,0.573,1.74,4.3,0.416,0.0012,1.423,65.760,0.084817,0.608,0.000328,0.003114,0.111606,0.550663,0.000063,0.582629,0.326655,Ciclo Quieto
2025,0.573,1.74,4.3,0.416,0.0012,1.345,60.168,0.074538,0.601,0.000332,0.002832,0.108179,0.542954,0.000054,0.501533,0.326675,Transición
2030,0.573,1.74,4.3,0.416,0.0012,1.268,55.103,0.065748,0.596,0.000328,0.002524,0.105249,0.536361,0.000047,0.434449,0.326653,Transición
2035,0.573,1.74,4.3,0.416,0.0012,1.193,50.508,0.057953,0.589,0.000326,0.002287,0.102651,0.530514,0.000041,0.382357,0.326639,Transición
2040,0.573,1.74,4.3,0.416,0.0012,1.120,46.330,0.051398,0.582,0.000330,0.002083,0.171832,0.525599,0.000061,0.569811,0.326665,Ciclo Límite
2045,0.573,1.74,4.3,0.416,0.0012,1.049,42.526,0.045843,0.576,0.000323,0.001829,0.243943,0.521432,0.000076,0.719514,0.326624,Ciclo Límite
2050,0.573,1.74,4.3,0.416,0.0012,0.982,39.057,0.041035,0.569,0.000323,0.001694,0.309796,0.517826,0.000089,0.840513,0.326623,Ciclo Límite
2055,0.573,1.74,4.3,0.416,0.0012,0.917,35.892,0.036854,0.558,0.000327,0.001538,0.369946,0.514690,0.000096,0.895035,0.326647,Ciclo Límite
2060,0.573,1.74,4.3,0.416,0.0012,0.856,32.996,0.033259,0.548,0.000323,0.001384,0.425046,0.511994,0.000098,0.932101,0.326622,Ciclo Límite
2065,0.573,1.74,4.3,0.416,0.0012,0.798,30.348,0.030241,0.538,0.000324,0.001258,0.443414,0.509731,0.000093,0.878110,0.326627,Ciclo Límite
2070,0.573,1.74,4.3,0.416,0.0012,0.743,27.921,0.027424,0.529,0.000323,0.001142,0.442475,0.507618,0.000084,0.793045,0.326624,Ciclo Límite
2075,0.573,1.74,4.3,0.416,0.0012,0.691,25.697,0.024914,0.521,0.000320,0.001055,0.441638,0.505735,0.000077,0.735290,0.326606,Ciclo Límite
2080,0.573,1.74,4.3,0.416,0.0012,0.642,23.656,0.022696,0.511,0.000321,0.000967,0.440899,0.504072,0.000070,0.669662,0.326608,Ciclo Límite
2085,0.573,1.74,4.3,0.416,0.0012,0.597,21.782,0.020795,0.499,0.000330,0.000867,0.440265,0.502646,0.000063,0.581638,0.326665,Ciclo Límite
2090,0.573,1.74,4.3,0.416,0.0012,0.554,20.061,0.018952,0.491,0.000323,0.000803,0.439651,0.501264,0.000058,0.547552,0.326623,Ciclo Límite
2095,0.573,1.74,4.3,0.416,0.0012,0.515,18.482,0.017297,0.481,0.000327,0.000751,0.409582,0.500023,0.000050,0.471049,0.326643,Ciclo Límite
2100,0.573,1.74,4.3,0.416,0.0012,0.478,17.028,0.015751,0.470,0.000330,0.000690,0.380792,0.498863,0.000043,0.397622,0.326662,Ciclo Límite
2105,0.573,1.74,4.3,0.416,0.0012,0.443,15.692,0.014460,0.457,0.000329,0.000645,0.354378,0.497895,0.000037,0.346111,0.326657,Transición
2110,0.573,1.74,4.3,0.416,0.0012,0.412,14.462,0.013237,0.447,0.000327,0.000579,0.330057,0.496978,0.000031,0.290284,0.326647,Transición
2115,0.573,1.74,4.3,0.417,0.0012,0.382,13.342,0.012212,0.438,0.000332,0.000485,0.307951,0.496209,0.000024,0.223440,0.326674,Transición
2120,0.573,1.74,4.3,0.419,0.0012,0.359,12.462,0.011336,0.427,0.000328,0.000404,0.290547,0.495552,0.000019,0.177180,0.326655,Transición
2125,0.573,1.74,4.3,0.424,0.0012,0.345,11.892,0.010742,0.418,0.000326,0.000243,0.279261,0.495106,0.000011,0.103099,0.326640,Transición
2130,0.573,1.74,4.3,0.428,0.0012,0.338,11.604,0.010410,0.407,0.000331,0.000131,0.273549,0.494857,0.000006,0.053498,0.326669,Transición
2135,0.573,1.74,4.3,0.429,0.0012,0.332,11.378,0.010191,0.394,0.000328,0.000095,0.269086,0.494693,0.000004,0.038328,0.326655,Transición
2140,0.573,1.74,4.3,0.446,0.0012,0.356,12.193,0.010848,0.380,0.000331,0.000388,0.285151,0.495186,0.000018,0.165496,0.326674,Transición
2145,0.573,1.74,4.3,0.446,0.0012,0.381,13.067,0.011633,0.372,0.000324,0.000428,0.302403,0.495775,0.000021,0.197774,0.326629,Transición
2150,0.573,1.74,4.3,0.446,0.0012,0.408,14.004,0.012481,0.367,0.000327,0.000460,0.320902,0.496411,0.000024,0.223994,0.326648,Transición
2155,0.573,1.74,4.3,0.446,0.0012,0.437,15.010,0.013337,0.357,0.000324,0.000492,0.340751,0.497053,0.000027,0.257230,0.326628,Transición
2160,0.573,1.74,4.3,0.446,0.0012,0.468,16.088,0.014161,0.346,0.000332,0.000510,0.361995,0.497671,0.000030,0.277348,0.326674,Transición
2165,0.573,1.74,4.3,0.446,0.0012,0.502,17.244,0.015175,0.340,0.000327,0.000557,0.384806,0.498431,0.000035,0.326647,0.326649,Ciclo Límite
2170,0.573,1.74,4.3,0.446,0.0012,0.538,18.483,0.016227,0.335,0.000328,0.000593,0.409248,0.499220,0.000040,0.370066,0.326649,Ciclo Límite
2175,0.573,1.74,4.3,0.446,0.0012,0.576,19.812,0.017350,0.325,0.000324,0.000661,0.435464,0.500063,0.000047,0.443964,0.326630,Ciclo Límite
2180,0.573,1.74,4.3,0.446,0.0012,0.617,21.238,0.018645,0.318,0.000321,0.000707,0.439548,0.501034,0.000051,0.485410,0.326609,Ciclo Límite
2185,0.573,1.74,4.3,0.446,0.0012,0.662,22.767,0.019990,0.313,0.000323,0.000758,0.439997,0.502042,0.000055,0.519407,0.326619,Ciclo Límite
2190,0.573,1.74,4.3,0.446,0.0012,0.710,24.406,0.021481,0.311,0.000331,0.000823,0.440494,0.503161,0.000060,0.551903,0.326668,Ciclo Límite
2195,0.573,1.74,4.3,0.446,0.0012,0.761,26.164,0.022913,0.304,0.000324,0.000882,0.440971,0.504235,0.000064,0.605740,0.326627,Ciclo Límite
2200,0.573,1.74,4.3,0.446,0.0012,0.815,28.049,0.024523,0.304,0.000321,0.000942,0.441508,0.505442,0.000069,0.654480,0.326612,Ciclo Límite
2205,0.573,1.74,4.3,0.446,0.0012,0.874,30.071,0.026156,0.302,0.000330,0.000972,0.442052,0.506667,0.000071,0.658929,0.326667,Ciclo Límite
2210,0.573,1.74,4.3,0.446,0.0012,0.937,32.239,0.028214,0.300,0.000330,0.001092,0.438081,0.508211,0.000079,0.737064,0.326663,Ciclo Límite
2215,0.573,1.74,4.3,0.446,0.0012,1.005,34.564,0.030069,0.299,0.000324,0.001137,0.393497,0.509602,0.000074,0.702435,0.326631,Ciclo Límite
2220,0.573,1.74,4.3,0.446,0.0012,1.078,37.057,0.032258,0.297,0.000317,0.001241,0.345750,0.511244,0.000072,0.692527,0.326584,Ciclo Límite
2225,0.573,1.74,4.3,0.446,0.0012,1.155,39.731,0.034606,0.298,0.000317,0.001313,0.294536,0.513005,0.000065,0.626724,0.326583,Ciclo Límite
2230,0.573,1.74,4.3,0.446,0.0012,1.239,42.598,0.037007,0.299,0.000324,0.001401,0.239592,0.514805,0.000056,0.533715,0.326627,Ciclo Límite
2235,0.573,1.74,4.3,0.446,0.0012,1.328,45.673,0.039695,0.301,0.000318,0.001520,0.180701,0.516821,0.000046,0.446948,0.326589,Ciclo Límite
2240,0.573,1.74,4.3,0.446,0.0012,1.423,48.969,0.042571,0.302,0.000318,0.001600,0.117580,0.518978,0.000032,0.307262,0.326589,Ciclo Límite
2245,0.573,1.74,4.3,0.446,0.0012,1.489,52.251,0.045645,0.307,0.000308,0.001541,0.098548,0.521284,0.000026,0.256600,0.326533,Ciclo Límite
2250,0.573,1.74,4.3,0.446,0.0012,1.536,55.354,0.049003,0.314,0.000308,0.001475,0.099668,0.523802,0.000025,0.250238,0.326529,Ciclo Límite
2255,0.573,1.74,4.3,0.446,0.0012,1.569,58.276,0.052420,0.325,0.000296,0.001376,0.100807,0.526365,0.000024,0.246722,0.326456,Ciclo Límite
2260,0.573,1.74,4.3,0.446,0.0012,1.591,61.017,0.056183,0.338,0.000286,0.001333,0.102061,0.529187,0.000023,0.251503,0.326397,Ciclo Límite
2265,0.573,1.74,4.3,0.446,0.0012,1.605,63.573,0.060222,0.352,0.000278,0.001252,0.103407,0.532216,0.000022,0.248039,0.326346,Ciclo Límite
2270,0.573,1.74,4.3,0.446,0.0012,1.609,65.941,0.064531,0.369,0.000276,0.001171,0.104844,0.535448,0.000021,0.237836,0.326338,Ciclo Límite
2275,0.573,1.74,4.3,0.446,0.0012,1.607,68.117,0.069202,0.386,0.000267,0.001111,0.106401,0.538951,0.000021,0.238769,0.326279,Ciclo Límite
2280,0.573,1.74,4.3,0.446,0.0012,1.598,70.098,0.074129,0.405,0.000265,0.001075,0.108043,0.542647,0.000021,0.237564,0.326270,S.Cerrado
2285,0.573,1.74,4.3,0.446,0.0012,1.584,71.883,0.079250,0.426,0.000257,0.001010,0.109750,0.546487,0.000020,0.236018,0.326216,S.Cerrado
2290,0.573,1.74,4.3,0.446,0.0012,1.567,73.471,0.084578,0.445,0.000254,0.000945,0.111526,0.550483,0.000019,0.228548,0.326200,S.Cerrado
2295,0.573,1.74,4.3,0.446,0.0012,1.547,74.866,0.090000,0.466,0.000249,0.000878,0.113333,0.554550,0.000018,0.222051,0.326168,S.Cerrado
2300,0.573,1.74,4.3,0.446,0.0012,1.527,76.076,0.095388,0.487,0.000242,0.000789,0.115129,0.558591,0.000017,0.209920,0.326126,S.Cerrado
2305,0.573,1.74,4.3,0.446,0.0012,1.506,77.109,0.100685,0.506,0.000241,0.000731,0.116895,0.562564,0.000016,0.199548,0.326121,S.Cerrado
2310,0.573,1.74,4.3,0.446,0.0012,1.487,77.978,0.105722,0.525,0.000240,0.000629,0.118574,0.566341,0.000014,0.176419,0.326113,S.Cerrado
2315,0.573,1.74,4.3,0.446,0.0012,1.468,78.696,0.110591,0.544,0.000231,0.000548,0.120197,0.569993,0.000012,0.162489,0.326062,S.Cerrado
2320,0.573,1.74,4.3,0.446,0.0012,1.452,79.281,0.114901,0.560,0.000230,0.000479,0.121634,0.573225,0.000011,0.145269,0.326055,S.Cerrado
2325,0.573,1.74,4.3,0.446,0.0012,1.438,79.747,0.118830,0.575,0.000227,0.000403,0.122943,0.576173,0.000009,0.125570,0.326038,S.Cerrado
2330,0.573,1.74,4.3,0.446,0.0012,1.426,80.110,0.122214,0.591,0.000223,0.000344,0.124071,0.578710,0.000008,0.110965,0.326010,S.Cerrado
2335,0.573,1.74,4.3,0.446,0.0012,1.417,80.389,0.125098,0.605,0.000223,0.000269,0.125033,0.580873,0.000006,0.087581,0.326011,S.Cerrado
2340,0.573,1.74,4.3,0.446,0.0012,1.410,80.603,0.127476,0.614,0.000222,0.000225,0.125825,0.582657,0.000005,0.074439,0.326006,S.Cerrado
2345,0.573,1.74,4.3,0.446,0.0012,1.405,80.766,0.129400,0.622,0.000221,0.000176,0.126467,0.584100,0.000004,0.058573,0.326001,S.Cerrado
2350,0.573,1.74,4.3,0.446,0.0012,1.401,80.891,0.131063,0.629,0.000223,0.000161,0.127021,0.585347,0.000004,0.053561,0.326012,S.Cerrado
2355,0.573,1.74,4.3,0.446,0.0012,1.398,80.985,0.132414,0.634,0.000218,0.000103,0.127471,0.586360,0.000003,0.035181,0.325981,S.Cerrado
2360,0.573,1.74,4.3,0.446,0.0012,1.396,81.056,0.133474,0.638,0.000222,0.000094,0.127825,0.587156,0.000002,0.031900,0.326003,S.Cerrado
2365,0.573,1.74,4.3,0.446,0.0012,1.394,81.108,0.134237,0.641,0.000222,0.000050,0.128079,0.587728,0.000001,0.016868,0.326008,S.Cerrado
2370,0.573,1.74,4.3,0.446,0.0012,1.393,81.147,0.134955,0.644,0.000223,0.000063,0.128318,0.588266,0.000002,0.021239,0.326013,S.Cerrado
2375,0.573,1.74,4.3,0.446,0.0012,1.392,81.176,0.135335,0.646,0.000226,0.000015,0.128445,0.588551,0.000000,0.004870,0.326030,S.Cerrado
2380,0.573,1.74,4.3,0.446,0.0012,1.391,81.197,0.135679,0.648,0.000222,0.000035,0.128560,0.588809,0.000001,0.011802,0.326005,S.Cerrado
2385,0.573,1.74,4.3,0.446,0.0012,1.391,81.212,0.136077,0.649,0.000222,0.000041,0.128692,0.589107,0.000001,0.013928,0.326007,S.Cerrado
2390,0.573,1.74,4.3,0.446,0.0012,1.390,81.222,0.136186,0.650,0.000227,0.000015,0.128729,0.589190,0.000000,0.005012,0.326036,S.Cerrado
2395,0.573,1.74,4.3,0.446,0.0012,1.390,81.230,0.136362,0.650,0.000221,0.000004,0.128787,0.589321,0.000000,0.001452,0.326000,S.Cerrado
2400,0.573,1.74,4.3,0.446,0.0012,1.390,81.236,0.136552,0.651,0.000217,0.000009,0.128851,0.589464,0.000000,0.003287,0.325972,S.Cerrado
2405,0.573,1.74,4.3,0.446,0.0012,1.390,81.240,0.136566,0.653,0.000220,0.000006,0.128855,0.589474,0.000000,0.002146,0.325995,S.Cerrado
2410,0.573,1.74,4.3,0.446,0.0012,1.390,81.243,0.136607,0.653,0.000228,0.000033,0.128869,0.589505,0.000001,0.011041,0.326044,S.Cerrado
2415,0.573,1.74,4.3,0.446,0.0012,1.390,81.244,0.136712,0.653,0.000218,0.000005,0.128904,0.589584,0.000000,0.001833,0.325978,S.Cerrado
2420,0.573,1.74,4.3,0.446,0.0012,1.389,81.245,0.136691,0.653,0.000219,0.000001,0.128897,0.589568,0.000000,0.000205,0.325989,S.Cerrado
2425,0.573,1.74,4.3,0.446,0.0012,1.389,81.247,0.136734,0.653,0.000219,0.000010,0.128911,0.589601,0.000000,0.003450,0.325988,S.Cerrado
2430,0.573,1.74,4.3,0.446,0.0012,1.389,81.248,0.136775,0.654,0.000223,0.000012,0.128925,0.589631,0.000000,0.004074,0.326009,S.Cerrado
2435,0.573,1.74,4.3,0.446,0.0012,1.389,81.248,0.136801,0.655,0.000225,0.000020,0.128934,0.589651,0.000000,0.006768,0.326021,S.Cerrado