t,PowerBase,PowerLive,beta,sigma,noise,band,Th,Tc,Tf,envTemp,stress,LF,deltaStruct,A_sys_env,LF_exp,Lambda_exp,Regimen
18155,0.688,0.992,0.763,6.8,0.0079,1.276,15.001,14.343,14.003,0.000,14.092,0.202,0.444,0.814,0.293,0.046,TRANSICIÓN
18160,0.678,0.979,0.763,6.8,0.0079,1.266,14.984,14.343,13.955,0.000,14.003,0.200,0.465,0.817,0.291,0.050,TRANSICIÓN
18165,0.668,0.966,0.763,6.8,0.0079,1.256,14.960,14.338,13.840,0.000,13.955,0.197,0.490,0.824,0.288,0.055,TRANSICIÓN
18170,0.659,0.953,0.763,6.8,0.0079,1.247,14.929,14.328,13.734,0.000,13.840,0.193,0.516,0.831,0.285,0.062,TRANSICIÓN
18175,0.650,0.940,0.763,6.8,0.0079,1.238,14.894,14.314,13.647,0.000,13.734,0.189,0.544,0.837,0.281,0.070,TRANSICIÓN
18180,0.642,0.927,0.763,6.8,0.0079,1.228,14.855,14.297,13.574,0.000,13.647,0.185,0.570,0.841,0.277,0.077,TRANSICIÓN
18185,0.634,0.914,0.763,6.8,0.0079,1.218,14.817,14.279,13.546,0.000,13.574,0.181,0.592,0.842,0.272,0.084,TRANSICIÓN
18190,0.626,0.902,0.763,6.8,0.0079,1.209,14.779,14.261,13.509,0.000,13.546,0.176,0.611,0.844,0.268,0.087,TRANSICIÓN
18195,0.619,0.890,0.763,6.8,0.0079,1.200,14.739,14.240,13.439,0.000,13.509,0.172,0.629,0.849,0.264,0.091,TRANSICIÓN
18200,0.612,0.878,0.763,6.8,0.0079,1.190,14.694,14.215,13.353,0.000,13.439,0.167,0.648,0.854,0.259,0.099,TRANSICIÓN
18205,0.605,0.867,0.763,6.8,0.0079,1.180,14.647,14.188,13.268,0.000,13.353,0.163,0.668,0.860,0.255,0.110,TRANSICIÓN
18210,0.599,0.855,0.763,6.8,0.0079,1.171,14.600,14.160,13.232,0.000,13.268,0.158,0.684,0.862,0.250,0.122,TRANSICIÓN
18215,0.593,0.845,0.763,6.8,0.0079,1.161,14.549,14.129,13.138,0.000,13.232,0.154,0.701,0.869,0.246,0.128,TRANSICIÓN
18220,0.587,0.834,0.763,6.8,0.0079,1.152,14.498,14.097,13.094,0.000,13.138,0.149,0.716,0.872,0.241,0.146,TRANSICIÓN
18225,0.582,0.824,0.763,6.8,0.0079,1.142,14.448,14.065,13.055,0.000,13.094,0.145,0.727,0.874,0.237,0.155,TRANSICIÓN
18230,0.577,0.814,0.763,6.8,0.0079,1.133,14.396,14.031,12.977,0.000,13.055,0.140,0.740,0.880,0.232,0.164,TRANSICIÓN
18235,0.572,0.804,0.763,6.8,0.0079,1.123,14.346,13.997,12.946,0.000,12.977,0.135,0.749,0.881,0.227,0.187,TRANSICIÓN
18240,0.567,0.794,0.763,6.8,0.0079,1.114,14.295,13.961,12.895,0.000,12.946,0.131,0.756,0.885,0.222,0.197,TRANSICIÓN
18245,0.563,0.785,0.763,6.8,0.0079,1.105,14.242,13.924,12.810,0.000,12.895,0.127,0.766,0.892,0.218,0.220,TRANSICIÓN
18250,0.559,0.777,0.763,6.8,0.0079,1.105,14.186,13.884,12.731,0.000,12.810,0.123,0.776,0.899,0.214,0.276,TRANSICIÓN
18255,0.555,0.768,0.763,6.8,0.0079,1.105,14.129,13.843,12.666,0.000,12.731,0.118,0.785,0.905,0.209,0.364,TRANSICIÓN
18260,0.551,0.760,0.763,6.8,0.0079,1.105,14.074,13.802,12.626,0.000,12.666,0.115,0.791,0.908,0.205,0.497,TRANSICIÓN
18265,0.547,0.752,0.763,6.8,0.0079,1.105,14.020,13.762,12.594,0.000,12.626,0.111,0.796,0.911,0.201,0.639,TRANSICIÓN
18270,0.544,0.744,0.763,6.8,0.0079,1.105,13.966,13.721,12.541,0.000,12.594,0.108,0.799,0.916,0.197,0.841,TRANSICIÓN
18275,0.541,0.737,0.763,6.8,0.0079,1.105,13.911,13.679,12.477,0.000,12.541,0.104,0.803,0.922,0.193,1.865,TRANSICIÓN
18280,0.538,0.730,0.763,6.8,0.0079,1.105,13.856,13.636,12.414,0.000,12.477,0.100,0.807,0.927,0.189,3.215,TRANSICIÓN
18285,0.535,0.723,0.763,6.8,0.0079,1.105,13.805,13.595,12.423,0.000,12.414,0.097,0.806,0.926,0.185,0.846,TRANSICIÓN
18290,0.532,0.717,0.763,6.8,0.0079,1.105,13.756,13.554,12.383,0.000,12.423,0.094,0.804,0.930,0.182,0.908,TRANSICIÓN
18295,0.529,0.710,0.763,6.8,0.0079,1.105,13.706,13.514,12.340,0.000,12.383,0.091,0.803,0.934,0.178,0.584,TRANSICIÓN
18300,0.527,0.704,0.763,6.8,0.0079,1.105,13.660,13.474,12.329,0.000,12.340,0.088,0.798,0.935,0.175,0.413,TRANSICIÓN
18305,0.525,0.699,0.763,6.8,0.0079,1.105,13.615,13.436,12.304,0.000,12.329,0.085,0.793,0.937,0.172,0.370,TRANSICIÓN
18310,0.523,0.693,0.763,6.8,0.0079,1.105,13.568,13.396,12.241,0.000,12.304,0.082,0.790,0.943,0.168,0.313,TRANSICIÓN
18315,0.521,0.688,0.763,6.8,0.0079,1.105,13.524,13.357,12.217,0.000,12.241,0.080,0.786,0.945,0.165,0.229,TRANSICIÓN
18320,0.519,0.683,0.763,6.8,0.0079,1.105,13.480,13.319,12.190,0.000,12.217,0.077,0.781,0.947,0.162,0.202,TRANSICIÓN
18325,0.517,0.678,0.763,6.8,0.0079,1.105,13.436,13.280,12.139,0.000,12.190,0.075,0.777,0.952,0.159,0.179,TRANSICIÓN
18330,0.515,0.673,0.763,6.8,0.0079,1.105,13.393,13.242,12.119,0.000,12.139,0.073,0.772,0.954,0.156,0.149,TRANSICIÓN
18335,0.513,0.669,0.763,6.8,0.0079,1.105,13.352,13.204,12.085,0.000,12.119,0.071,0.767,0.957,0.154,0.136,TRANSICIÓN
18340,0.523,0.665,0.763,6.8,0.0079,1.120,13.312,13.167,12.073,0.000,12.085,0.069,0.761,0.958,0.152,0.121,RÍGIDO
18345,0.533,0.662,0.763,6.8,0.0079,1.130,13.272,13.131,12.034,0.000,12.073,0.059,0.755,0.962,0.139,0.101,RÍGIDO
18350,0.543,0.660,0.763,6.8,0.0079,1.140,13.236,13.096,12.035,0.000,12.034,0.051,0.748,0.962,0.127,0.078,RÍGIDO
18355,0.553,0.659,0.763,6.8,0.0079,1.150,13.198,13.060,11.984,0.000,12.035,0.043,0.743,0.967,0.116,0.067,RÍGIDO
18360,0.563,0.660,0.763,6.8,0.0079,1.160,13.162,13.026,11.971,0.000,11.984,0.037,0.736,0.968,0.107,0.051,RÍGIDO
18365,0.573,0.661,0.763,6.8,0.0079,1.170,13.130,12.994,11.988,0.000,11.971,0.032,0.728,0.967,0.098,0.042,RÍGIDO
18370,0.583,0.663,0.763,6.8,0.0079,1.180,13.102,12.964,12.004,0.000,11.988,0.027,0.716,0.966,0.090,0.037,RÍGIDO
18375,0.593,0.666,0.763,6.8,0.0079,1.190,13.076,12.937,12.007,0.000,12.004,0.023,0.705,0.966,0.083,0.032,RÍGIDO
18380,0.603,0.670,0.763,6.8,0.0079,1.200,13.053,12.911,12.018,0.000,12.007,0.020,0.692,0.965,0.077,0.027,RÍGIDO
18385,0.613,0.674,0.763,6.8,0.0079,1.210,13.032,12.887,12.031,0.000,12.018,0.018,0.679,0.964,0.071,0.024,RÍGIDO
18390,0.623,0.679,0.763,6.8,0.0079,1.220,13.013,12.863,12.022,0.000,12.031,0.015,0.667,0.966,0.066,0.021,RÍGIDO
18395,0.633,0.684,0.763,6.8,0.0079,1.230,12.997,12.843,12.047,0.000,12.022,0.013,0.653,0.964,0.061,0.018,RÍGIDO
18400,0.643,0.690,0.763,6.8,0.0079,1.240,12.985,12.825,12.091,0.000,12.047,0.012,0.637,0.961,0.057,0.016,RÍGIDO
18405,0.653,0.697,0.763,6.8,0.0079,1.250,12.974,12.808,12.083,0.000,12.091,0.010,0.623,0.961,0.054,0.015,RÍGIDO
18410,0.663,0.704,0.763,6.8,0.0079,1.260,12.967,12.794,12.123,0.000,12.083,0.009,0.608,0.958,0.051,0.013,RÍGIDO
18415,0.673,0.711,0.763,6.8,0.0079,1.270,12.961,12.781,12.135,0.000,12.123,0.008,0.593,0.958,0.048,0.013,RÍGIDO
18420,0.683,0.719,0.763,6.8,0.0079,1.280,12.957,12.769,12.153,0.000,12.135,0.008,0.579,0.957,0.046,0.012,RÍGIDO
18425,0.693,0.727,0.763,6.8,0.0079,1.290,12.956,12.761,12.195,0.000,12.153,0.007,0.564,0.954,0.044,0.011,RÍGIDO
18430,0.703,0.735,0.763,6.8,0.0079,1.300,12.955,12.752,12.186,0.000,12.195,0.007,0.551,0.955,0.042,0.011,RÍGIDO
18435,0.713,0.744,0.763,6.8,0.0079,1.310,12.955,12.744,12.202,0.000,12.186,0.006,0.539,0.954,0.041,0.010,RÍGIDO
18440,0.723,0.753,0.763,6.8,0.0079,1.320,12.958,12.739,12.240,0.000,12.202,0.006,0.526,0.952,0.040,0.010,RÍGIDO
18445,0.733,0.762,0.763,6.8,0.0079,1.330,12.965,12.737,12.295,0.000,12.240,0.006,0.512,0.948,0.039,0.011,RÍGIDO
18450,0.743,0.771,0.763,6.8,0.0079,1.340,12.974,12.737,12.331,0.000,12.295,0.005,0.498,0.945,0.038,0.013,RÍGIDO
18455,0.753,0.781,0.763,6.8,0.0079,1.350,12.986,12.739,12.385,0.000,12.331,0.005,0.482,0.942,0.038,0.014,RÍGIDO
18460,0.763,0.791,0.763,6.8,0.0079,1.360,13.002,12.744,12.443,0.000,12.385,0.005,0.466,0.938,0.038,0.020,RÍGIDO
18465,0.773,0.801,0.763,6.8,0.0079,1.370,13.019,12.751,12.475,0.000,12.443,0.005,0.451,0.936,0.038,0.040,RÍGIDO
18470,0.783,0.811,0.763,6.8,0.0079,1.380,13.040,12.760,12.539,0.000,12.475,0.005,0.436,0.932,0.038,0.086,RÍGIDO
18475,0.793,0.821,0.763,6.8,0.0079,1.390,13.060,12.770,12.553,0.000,12.539,0.005,0.423,0.931,0.038,0.054,RÍGIDO
18480,0.803,0.832,0.763,6.8,0.0079,1.400,13.084,12.782,12.615,0.000,12.553,0.006,0.409,0.927,0.039,0.040,RÍGIDO
18485,0.813,0.842,0.763,6.8,0.0079,1.410,13.112,12.798,12.703,0.000,12.615,0.006,0.393,0.921,0.039,0.018,RÍGIDO
18490,0.823,0.853,0.763,6.8,0.0079,1.420,13.145,12.818,12.787,0.000,12.703,0.006,0.377,0.916,0.040,0.010,RÍGIDO
18495,0.833,0.864,0.763,6.8,0.0079,1.430,13.181,12.840,12.861,0.000,12.787,0.006,0.360,0.911,0.041,0.007,RÍGIDO
18500,0.843,0.875,0.763,6.8,0.0079,1.440,13.219,12.864,12.923,0.000,12.861,0.006,0.345,0.908,0.042,0.006,RÍGIDO
18505,0.853,0.886,0.763,6.8,0.0079,1.450,13.257,12.890,12.975,0.000,12.923,0.007,0.331,0.905,0.043,0.005,RÍGIDO
18510,0.863,0.897,0.763,6.8,0.0079,1.460,13.295,12.915,12.999,0.000,12.975,0.007,0.319,0.904,0.044,0.004,RÍGIDO
18515,0.873,0.908,0.763,6.8,0.0079,1.470,13.331,12.940,13.015,0.000,12.999,0.007,0.311,0.903,0.045,0.004,RÍGIDO
18520,0.883,0.919,0.763,6.8,0.0079,1.480,13.368,12.966,13.068,0.000,13.015,0.008,0.302,0.900,0.046,0.004,RÍGIDO
18525,0.893,0.930,0.763,6.8,0.0079,1.490,13.408,12.995,13.143,0.000,13.068,0.008,0.294,0.896,0.047,0.004,RÍGIDO
18530,0.903,0.941,0.763,6.8,0.0079,1.500,13.446,13.024,13.170,0.000,13.143,0.009,0.286,0.895,0.048,0.003,RÍGIDO
18535,0.913,0.953,0.763,6.8,0.0079,1.510,13.487,13.055,13.241,0.000,13.170,0.009,0.279,0.891,0.050,0.003,RÍGIDO
18540,0.923,0.964,0.763,6.8,0.0079,1.520,13.530,13.087,13.300,0.000,13.241,0.010,0.272,0.888,0.051,0.003,RÍGIDO
18545,0.933,0.976,0.763,6.8,0.0079,1.530,13.571,13.119,13.328,0.000,13.300,0.010,0.266,0.887,0.053,0.003,RÍGIDO
18550,0.943,0.987,0.763,6.8,0.0079,1.540,13.613,13.152,13.380,0.000,13.328,0.011,0.261,0.884,0.054,0.003,RÍGIDO
18555,0.953,0.999,0.763,6.8,0.0079,1.550,13.657,13.187,13.455,0.000,13.380,0.011,0.255,0.880,0.056,0.003,RÍGIDO
18560,0.963,1.010,0.763,6.8,0.0079,1.560,13.706,13.225,13.547,0.000,13.455,0.012,0.249,0.875,0.057,0.003,RÍGIDO
18565,0.973,1.022,0.763,6.8,0.0079,1.570,13.753,13.264,13.593,0.000,13.547,0.012,0.243,0.872,0.059,0.003,RÍGIDO
18570,0.983,1.034,0.763,6.8,0.0079,1.580,13.803,13.303,13.659,0.000,13.593,0.013,0.238,0.869,0.061,0.002,RÍGIDO
18575,0.993,1.045,0.763,6.8,0.0079,1.590,13.853,13.345,13.725,0.000,13.659,0.014,0.233,0.866,0.062,0.002,RÍGIDO
18580,1.000,1.057,0.763,6.8,0.0079,1.600,13.905,13.387,13.797,0.000,13.725,0.014,0.228,0.862,0.064,0.002,RÍGIDO
18585,1.000,1.068,0.763,6.8,0.0079,1.610,13.958,13.431,13.862,0.000,13.797,0.016,0.224,0.859,0.068,0.002,RÍGIDO
18590,1.000,1.079,0.763,6.8,0.0079,1.620,14.012,13.476,13.929,0.000,13.862,0.021,0.220,0.856,0.079,0.003,RÍGIDO
18595,1.000,1.089,0.763,6.8,0.0079,1.630,14.064,13.520,13.966,0.000,13.929,0.026,0.217,0.854,0.089,0.003,RÍGIDO
18600,1.000,1.098,0.763,6.8,0.0079,1.640,14.118,13.566,14.033,0.000,13.966,0.032,0.214,0.851,0.098,0.004,RÍGIDO
18605,1.000,1.106,0.763,6.8,0.0079,1.650,14.169,13.611,14.059,0.000,14.033,0.036,0.212,0.850,0.106,0.004,RÍGIDO
18610,1.000,1.113,0.763,6.8,0.0079,1.660,14.222,13.657,14.132,0.000,14.059,0.041,0.211,0.847,0.113,0.005,RÍGIDO
18615,1.000,1.120,0.763,6.8,0.0079,1.670,14.275,13.703,14.190,0.000,14.132,0.046,0.210,0.844,0.120,0.005,RÍGIDO
18620,1.000,1.127,0.763,6.8,0.0079,1.680,14.328,13.750,14.247,0.000,14.190,0.050,0.208,0.842,0.127,0.005,RÍGIDO
18625,1.000,1.132,0.763,6.8,0.0079,1.690,14.377,13.795,14.251,0.000,14.247,0.055,0.208,0.842,0.132,0.005,RÍGIDO
18630,1.000,1.138,0.763,6.8,0.0079,1.700,14.426,13.840,14.295,0.000,14.251,0.058,0.208,0.841,0.138,0.006,RÍGIDO
18635,0.974,1.143,0.763,6.8,0.0079,1.665,14.472,13.884,14.314,0.000,14.295,0.062,0.208,0.840,0.143,0.006,TRANSICIÓN
18640,0.949,1.145,0.763,6.8,0.0079,1.636,14.520,13.929,14.376,0.000,14.314,0.085,0.208,0.834,0.171,0.008,TRANSICIÓN
18645,0.926,1.144,0.763,6.8,0.0079,1.608,14.564,13.972,14.391,0.000,14.376,0.106,0.209,0.830,0.195,0.010,TRANSICIÓN
18650,0.904,1.142,0.763,6.8,0.0079,1.580,14.607,14.014,14.409,0.000,14.391,0.125,0.210,0.826,0.216,0.011,TRANSICIÓN
18655,0.883,1.137,0.763,6.8,0.0079,1.551,14.645,14.053,14.406,0.000,14.409,0.141,0.213,0.823,0.233,0.013,TRANSICIÓN
18660,0.863,1.131,0.763,6.8,0.0079,1.522,14.682,14.092,14.426,0.000,14.406,0.156,0.215,0.818,0.248,0.014,TRANSICIÓN
18665,0.844,1.123,0.763,6.8,0.0079,1.494,14.715,14.128,14.410,0.000,14.426,0.168,0.220,0.815,0.260,0.016,TRANSICIÓN
18670,0.826,1.115,0.763,6.8,0.0079,1.466,14.743,14.161,14.382,0.000,14.410,0.179,0.225,0.813,0.271,0.017,TRANSICIÓN
18675,0.809,1.105,0.763,6.8,0.0079,1.446,14.763,14.189,14.323,0.000,14.382,0.187,0.234,0.815,0.279,0.019,TRANSICIÓN
18680,0.793,1.094,0.763,6.8,0.0079,1.427,14.779,14.214,14.287,0.000,14.323,0.194,0.244,0.815,0.285,0.021,TRANSICIÓN
18685,0.777,1.083,0.763,6.8,0.0079,1.408,14.791,14.235,14.247,0.000,14.287,0.199,0.256,0.815,0.290,0.023,TRANSICIÓN
18690,0.762,1.071,0.763,6.8,0.0079,1.389,14.797,14.253,14.192,0.000,14.247,0.203,0.271,0.816,0.294,0.026,TRANSICIÓN
18695,0.748,1.058,0.763,6.8,0.0079,1.370,14.802,14.270,14.187,0.000,14.192,0.205,0.284,0.814,0.296,0.028,TRANSICIÓN
18700,0.735,1.045,0.763,6.8,0.0079,1.352,14.801,14.283,14.127,0.000,14.187,0.207,0.300,0.816,0.297,0.030,TRANSICIÓN
18705,0.722,1.032,0.763,6.8,0.0079,1.333,14.797,14.293,14.080,0.000,14.127,0.207,0.317,0.816,0.297,0.033,TRANSICIÓN
18710,0.710,1.019,0.763,6.8,0.0079,1.314,14.787,14.298,14.003,0.000,14.080,0.206,0.337,0.819,0.297,0.036,TRANSICIÓN
18715,0.699,1.006,0.763,6.8,0.0079,1.294,14.777,14.303,13.992,0.000,14.003,0.205,0.354,0.818,0.296,0.040,TRANSICIÓN
18720,0.688,0.992,0.763,6.8,0.0079,1.276,14.764,14.305,13.950,0.000,13.992,0.202,0.371,0.818,0.293,0.041,TRANSICIÓN
18725,0.678,0.979,0.763,6.8,0.0079,1.266,14.745,14.303,13.871,0.000,13.950,0.200,0.391,0.823,0.291,0.044,TRANSICIÓN
18730,0.668,0.966,0.763,6.8,0.0079,1.256,14.724,14.299,13.815,0.000,13.871,0.197,0.410,0.826,0.288,0.049,TRANSICIÓN
18735,0.659,0.953,0.763,6.8,0.0079,1.247,14.702,14.293,13.784,0.000,13.815,0.193,0.427,0.827,0.285,0.052,TRANSICIÓN
18740,0.650,0.940,0.763,6.8,0.0079,1.238,14.674,14.283,13.695,0.000,13.784,0.189,0.447,0.833,0.281,0.055,TRANSICIÓN
18745,0.642,0.927,0.763,6.8,0.0079,1.228,14.641,14.269,13.605,0.000,13.695,0.185,0.468,0.838,0.277,0.061,TRANSICIÓN
18750,0.634,0.914,0.763,6.8,0.0079,1.218,14.607,14.254,13.555,0.000,13.605,0.181,0.487,0.841,0.272,0.067,TRANSICIÓN
18755,0.626,0.902,0.763,6.8,0.0079,1.209,14.567,14.234,13.455,0.000,13.555,0.176,0.508,0.848,0.268,0.072,TRANSICIÓN
18760,0.619,0.890,0.763,6.8,0.0079,1.200,14.526,14.212,13.401,0.000,13.455,0.172,0.528,0.851,0.264,0.081,TRANSICIÓN
18765,0.612,0.878,0.763,6.8,0.0079,1.190,14.486,14.190,13.377,0.000,13.401,0.167,0.543,0.852,0.259,0.086,TRANSICIÓN
18770,0.605,0.867,0.763,6.8,0.0079,1.180,14.442,14.165,13.283,0.000,13.377,0.163,0.560,0.859,0.255,0.089,TRANSICIÓN
18775,0.599,0.855,0.763,6.8,0.0079,1.171,14.397,14.138,13.233,0.000,13.283,0.158,0.576,0.862,0.250,0.100,TRANSICIÓN
18780,0.593,0.845,0.763,6.8,0.0079,1.161,14.349,14.109,13.143,0.000,13.233,0.154,0.592,0.868,0.246,0.108,TRANSICIÓN
18785,0.587,0.834,0.763,6.8,0.0079,1.152,14.297,14.076,13.049,0.000,13.143,0.149,0.610,0.875,0.241,0.124,TRANSICIÓN
18790,0.582,0.824,0.763,6.8,0.0079,1.142,14.243,14.041,12.980,0.000,13.049,0.145,0.626,0.880,0.237,0.145,TRANSICIÓN
18795,0.577,0.814,0.763,6.8,0.0079,1.133,14.190,14.005,12.933,0.000,12.980,0.140,0.639,0.883,0.232,0.165,TRANSICIÓN
18800,0.572,0.804,0.763,6.8,0.0079,1.123,14.138,13.970,12.898,0.000,12.933,0.135,0.650,0.885,0.227,0.180,TRANSICIÓN
18805,0.567,0.794,0.763,6.8,0.0079,1.114,14.088,13.935,12.870,0.000,12.898,0.131,0.658,0.887,0.222,0.192,TRANSICIÓN
18810,0.563,0.785,0.763,6.8,0.0079,1.105,14.037,13.899,12.812,0.000,12.870,0.127,0.665,0.891,0.218,0.204,TRANSICIÓN
18815,0.559,0.777,0.763,6.8,0.0079,1.105,13.985,13.862,12.754,0.000,12.812,0.123,0.672,0.896,0.214,0.237,TRANSICIÓN
18820,0.555,0.768,0.763,6.8,0.0079,1.105,13.933,13.823,12.696,0.000,12.754,0.118,0.678,0.901,0.209,0.285,TRANSICIÓN
18825,0.551,0.760,0.763,6.8,0.0079,1.105,13.883,13.786,12.676,0.000,12.696,0.115,0.681,0.903,0.205,0.360,TRANSICIÓN
18830,0.547,0.752,0.763,6.8,0.0079,1.105,13.834,13.748,12.627,0.000,12.676,0.111,0.684,0.908,0.201,0.391,TRANSICIÓN
18835,0.544,0.744,0.763,6.8,0.0079,1.105,13.781,13.708,12.539,0.000,12.627,0.108,0.689,0.915,0.197,0.536,TRANSICIÓN
18840,0.541,0.737,0.763,6.8,0.0079,1.105,13.732,13.669,12.538,0.000,12.539,0.104,0.690,0.916,0.193,1.669,TRANSICIÓN
18845,0.538,0.730,0.763,6.8,0.0079,1.105,13.685,13.631,12.508,0.000,12.538,0.100,0.689,0.918,0.189,1.682,TRANSICIÓN
18850,0.535,0.723,0.763,6.8,0.0079,1.105,13.639,13.594,12.482,0.000,12.508,0.097,0.688,0.921,0.185,4.000,TRANSICIÓN
18855,0.532,0.717,0.763,6.8,0.0079,1.105,13.592,13.555,12.431,0.000,12.482,0.094,0.686,0.925,0.182,3.261,TRANSICIÓN
18860,0.529,0.710,0.763,6.8,0.0079,1.105,13.544,13.516,12.365,0.000,12.431,0.091,0.686,0.931,0.178,0.841,TRANSICIÓN
18865,0.527,0.704,0.763,6.8,0.0079,1.105,13.495,13.475,12.300,0.000,12.365,0.088,0.688,0.937,0.175,0.423,TRANSICIÓN
18870,0.525,0.699,0.763,6.8,0.0079,1.105,13.447,13.435,12.276,0.000,12.300,0.085,0.687,0.939,0.172,0.275,TRANSICIÓN
18875,0.523,0.693,0.763,6.8,0.0079,1.105,13.402,13.396,12.257,0.000,12.276,0.082,0.685,0.941,0.168,0.237,TRANSICIÓN
18880,0.521,0.688,0.763,6.8,0.0079,1.105,13.354,13.356,12.183,0.000,12.257,0.080,0.684,0.948,0.165,0.212,TRANSICIÓN
18885,0.519,0.683,0.763,6.8,0.0079,1.105,13.310,13.317,12.183,0.000,12.183,0.077,0.681,0.947,0.162,0.157,TRANSICIÓN
18890,0.517,0.678,0.763,6.8,0.0079,1.105,13.264,13.277,12.114,0.000,12.183,0.075,0.680,0.954,0.159,0.154,TRANSICIÓN
18895,0.515,0.673,0.763,6.8,0.0079,1.105,13.218,13.237,12.073,0.000,12.114,0.073,0.679,0.957,0.156,0.123,TRANSICIÓN
18900,0.513,0.669,0.763,6.8,0.0079,1.105,13.173,13.197,12.041,0.000,12.073,0.071,0.677,0.960,0.154,0.108,TRANSICIÓN
18905,0.523,0.665,0.763,6.8,0.0079,1.120,13.129,13.157,12.001,0.000,12.041,0.069,0.674,0.964,0.152,0.098,RÍGIDO
18910,0.533,0.662,0.763,6.8,0.0079,1.130,13.085,13.117,11.963,0.000,12.001,0.059,0.672,0.968,0.139,0.077,RÍGIDO
18915,0.543,0.660,0.763,6.8,0.0079,1.140,13.041,13.078,11.920,0.000,11.963,0.051,0.670,0.972,0.127,0.061,RÍGIDO
18920,0.553,0.659,0.763,6.8,0.0079,1.150,13.003,13.041,11.951,0.000,11.920,0.043,0.663,0.969,0.116,0.048,RÍGIDO
18925,0.563,0.660,0.763,6.8,0.0079,1.160,12.964,13.005,11.913,0.000,11.951,0.037,0.657,0.973,0.107,0.043,RÍGIDO
18930,0.573,0.661,0.763,6.8,0.0079,1.170,12.930,12.971,11.926,0.000,11.913,0.032,0.648,0.972,0.098,0.034,RÍGIDO
18935,0.583,0.663,0.763,6.8,0.0079,1.180,12.899,12.939,11.935,0.000,11.926,0.027,0.638,0.971,0.090,0.029,RÍGIDO
18940,0.593,0.666,0.763,6.8,0.0079,1.190,12.869,12.908,11.912,0.000,11.935,0.023,0.629,0.974,0.083,0.025,RÍGIDO
18945,0.603,0.670,0.763,6.8,0.0079,1.200,12.845,12.880,11.963,0.000,11.912,0.020,0.616,0.969,0.077,0.021,RÍGIDO
18950,0.613,0.674,0.763,6.8,0.0079,1.210,12.826,12.856,11.999,0.000,11.963,0.018,0.600,0.967,0.071,0.019,RÍGIDO
18955,0.623,0.679,0.763,6.8,0.0079,1.220,12.806,12.832,11.973,0.000,11.999,0.015,0.587,0.969,0.066,0.017,RÍGIDO
18960,0.633,0.684,0.763,6.8,0.0079,1.230,12.788,12.810,11.986,0.000,11.973,0.013,0.574,0.968,0.061,0.014,RÍGIDO
18965,0.643,0.690,0.763,6.8,0.0079,1.240,12.777,12.792,12.044,0.000,11.986,0.012,0.557,0.964,0.057,0.012,RÍGIDO
18970,0.653,0.697,0.763,6.8,0.0079,1.250,12.768,12.776,12.072,0.000,12.044,0.010,0.541,0.962,0.054,0.012,RÍGIDO
18975,0.663,0.704,0.763,6.8,0.0079,1.260,12.762,12.761,12.085,0.000,12.072,0.009,0.525,0.961,0.051,0.011,RÍGIDO
18980,0.673,0.711,0.763,6.8,0.0079,1.270,12.758,12.749,12.122,0.000,12.085,0.008,0.508,0.958,0.048,0.010,RÍGIDO
18985,0.683,0.719,0.763,6.8,0.0079,1.280,12.755,12.738,12.119,0.000,12.122,0.008,0.494,0.959,0.046,0.010,RÍGIDO
18990,0.693,0.727,0.763,6.8,0.0079,1.290,12.754,12.728,12.152,0.000,12.119,0.007,0.479,0.957,0.044,0.009,RÍGIDO
18995,0.703,0.735,0.763,6.8,0.0079,1.300,12.759,12.723,12.212,0.000,12.152,0.007,0.463,0.953,0.042,0.008,RÍGIDO
19000,0.713,0.744,0.763,6.8,0.0079,1.310,12.767,12.720,12.270,0.000,12.212,0.006,0.445,0.948,0.041,0.009,RÍGIDO
19005,0.723,0.753,0.763,6.8,0.0079,1.320,12.776,12.718,12.287,0.000,12.270,0.006,0.430,0.948,0.040,0.010,RÍGIDO
19010,0.733,0.762,0.763,6.8,0.0079,1.330,12.788,12.719,12.336,0.000,12.287,0.006,0.414,0.944,0.039,0.010,RÍGIDO
19015,0.743,0.771,0.763,6.8,0.0079,1.340,12.801,12.721,12.355,0.000,12.336,0.005,0.400,0.943,0.038,0.013,RÍGIDO
19020,0.753,0.781,0.763,6.8,0.0079,1.350,12.816,12.725,12.403,0.000,12.355,0.005,0.386,0.940,0.038,0.013,RÍGIDO
19025,0.763,0.791,0.763,6.8,0.0079,1.360,12.835,12.732,12.463,0.000,12.403,0.005,0.371,0.936,0.038,0.019,RÍGIDO
19030,0.773,0.801,0.763,6.8,0.0079,1.370,12.855,12.740,12.502,0.000,12.463,0.005,0.357,0.934,0.038,0.047,RÍGIDO
19035,0.783,0.811,0.763,6.8,0.0079,1.380,12.877,12.750,12.543,0.000,12.502,0.005,0.344,0.931,0.038,0.878,RÍGIDO
19040,0.793,0.821,0.763,6.8,0.0079,1.390,12.902,12.763,12.600,0.000,12.543,0.005,0.331,0.927,0.038,0.039,RÍGIDO
19045,0.803,0.832,0.763,6.8,0.0079,1.400,12.930,12.779,12.678,0.000,12.600,0.006,0.317,0.922,0.039,0.016,RÍGIDO
19050,0.813,0.842,0.763,6.8,0.0079,1.410,12.962,12.797,12.741,0.000,12.678,0.006,0.303,0.918,0.039,0.009,RÍGIDO
19055,0.823,0.853,0.763,6.8,0.0079,1.420,12.991,12.814,12.739,0.000,12.741,0.006,0.294,0.919,0.040,0.007,RÍGIDO
19060,0.833,0.864,0.763,6.8,0.0079,1.430,13.018,12.831,12.759,0.000,12.739,0.006,0.286,0.918,0.041,0.007,RÍGIDO
19065,0.843,0.875,0.763,6.8,0.0079,1.440,13.049,12.850,12.815,0.000,12.759,0.006,0.278,0.915,0.042,0.006,RÍGIDO
19070,0.853,0.886,0.763,6.8,0.0079,1.450,13.078,12.870,12.837,0.000,12.815,0.007,0.271,0.914,0.043,0.005,RÍGIDO
19075,0.863,0.897,0.763,6.8,0.0079,1.460,13.110,12.891,12.901,0.000,12.837,0.007,0.264,0.910,0.044,0.005,RÍGIDO
19080,0.873,0.908,0.763,6.8,0.0079,1.470,13.147,12.916,12.992,0.000,12.901,0.007,0.256,0.905,0.045,0.004,RÍGIDO
19085,0.883,0.919,0.763,6.8,0.0079,1.480,13.185,12.943,13.053,0.000,12.992,0.008,0.248,0.901,0.046,0.003,RÍGIDO
19090,0.893,0.930,0.763,6.8,0.0079,1.490,13.226,12.972,13.119,0.000,13.053,0.008,0.240,0.897,0.047,0.003,RÍGIDO
19095,0.903,0.941,0.763,6.8,0.0079,1.500,13.267,13.002,13.169,0.000,13.119,0.009,0.234,0.895,0.048,0.003,RÍGIDO
19100,0.913,0.953,0.763,6.8,0.0079,1.510,13.309,13.033,13.221,0.000,13.169,0.009,0.228,0.892,0.050,0.003,RÍGIDO
19105,0.923,0.964,0.763,6.8,0.0079,1.520,13.350,13.063,13.248,0.000,13.221,0.010,0.224,0.891,0.051,0.003,RÍGIDO
19110,0.933,0.976,0.763,6.8,0.0079,1.530,13.390,13.094,13.276,0.000,13.248,0.010,0.221,0.890,0.053,0.003,RÍGIDO
19115,0.943,0.987,0.763,6.8,0.0079,1.540,13.433,13.128,13.366,0.000,13.276,0.011,0.217,0.884,0.054,0.003,RÍGIDO
19120,0.953,0.999,0.763,6.8,0.0079,1.550,13.480,13.164,13.444,0.000,13.366,0.011,0.213,0.880,0.056,0.002,RÍGIDO
19125,0.963,1.010,0.763,6.8,0.0079,1.560,13.528,13.201,13.512,0.000,13.444,0.012,0.209,0.877,0.057,0.002,RÍGIDO
19130,0.973,1.022,0.763,6.8,0.0079,1.570,13.579,13.241,13.599,0.000,13.512,0.012,0.206,0.872,0.059,0.002,RÍGIDO
19135,0.983,1.034,0.763,6.8,0.0079,1.580,13.628,13.280,13.623,0.000,13.599,0.013,0.204,0.871,0.061,0.002,RÍGIDO
19140,0.993,1.045,0.763,6.8,0.0079,1.590,13.678,13.321,13.700,0.000,13.623,0.014,0.202,0.867,0.062,0.002,RÍGIDO
19145,1.000,1.057,0.763,6.8,0.0079,1.600,13.730,13.363,13.765,0.000,13.700,0.014,0.201,0.864,0.064,0.002,RÍGIDO
19150,1.000,1.068,0.763,6.8,0.0079,1.600,13.784,13.407,13.834,0.000,13.765,0.016,0.199,0.860,0.068,0.002,CERRADO
19155,1.000,1.079,0.763,6.8,0.0079,1.600,13.837,13.450,13.882,0.000,13.834,0.021,0.199,0.857,0.079,0.003,CERRADO
19160,1.000,1.089,0.763,6.8,0.0079,1.600,13.890,13.495,13.943,0.000,13.882,0.026,0.199,0.853,0.089,0.003,CERRADO
19165,1.000,1.098,0.763,6.8,0.0079,1.600,13.942,13.539,13.983,0.000,13.943,0.032,0.199,0.851,0.098,0.004,CERRADO
19170,1.000,1.106,0.763,6.8,0.0079,1.600,13.994,13.584,14.036,0.000,13.983,0.036,0.199,0.848,0.106,0.004,CERRADO
19175,1.000,1.113,0.763,6.8,0.0079,1.600,14.044,13.628,14.056,0.000,14.036,0.041,0.199,0.846,0.113,0.005,CERRADO
19180,1.000,1.120,0.763,6.8,0.0079,1.600,14.095,13.672,14.120,0.000,14.056,0.046,0.199,0.842,0.120,0.005,CERRADO
19185,1.000,1.127,0.763,6.8,0.0079,1.600,14.144,13.717,14.155,0.000,14.120,0.050,0.199,0.840,0.127,0.005,CERRADO
19190,1.000,1.132,0.763,6.8,0.0079,1.600,14.196,13.763,14.235,0.000,14.155,0.055,0.199,0.835,0.132,0.005,CERRADO
19195,1.000,1.138,0.763,6.8,0.0079,1.600,14.245,13.807,14.261,0.000,14.235,0.058,0.199,0.834,0.138,0.006,CERRADO
19200,1.000,1.143,0.763,6.8,0.0079,1.600,14.293,13.852,14.293,0.000,14.261,0.062,0.199,0.832,0.143,0.006,CERRADO
19205,1.000,1.147,0.763,6.8,0.0079,1.600,14.342,13.897,14.350,0.000,14.293,0.066,0.199,0.828,0.147,0.006,CERRADO
19210,1.000,1.152,0.763,6.8,0.0079,1.600,14.390,13.941,14.394,0.000,14.350,0.069,0.199,0.825,0.152,0.006,CERRADO
19215,1.000,1.156,0.763,6.8,0.0079,1.600,14.434,13.984,14.391,0.000,14.394,0.072,0.199,0.825,0.156,0.006,CERRADO
19220,1.000,1.159,0.763,6.8,0.0079,1.600,14.475,14.025,14.397,0.000,14.391,0.075,0.199,0.825,0.159,0.006,CERRADO
19225,1.000,1.162,0.763,6.8,0.0079,1.600,14.513,14.063,14.392,0.000,14.397,0.078,0.199,0.825,0.162,0.007,CERRADO
19230,1.000,1.165,0.763,6.8,0.0079,1.600,14.551,14.102,14.439,0.000,14.392,0.080,0.199,0.822,0.165,0.007,CERRADO
19235,1.000,1.168,0.763,6.8,0.0079,1.600,14.589,14.141,14.485,0.000,14.439,0.082,0.200,0.820,0.168,0.007,CERRADO
19240,1.000,1.171,0.763,6.8,0.0079,1.600,14.627,14.180,14.513,0.000,14.485,0.084,0.200,0.818,0.171,0.007,CERRADO
19245,0.974,1.173,0.763,6.8,0.0079,1.570,14.663,14.217,14.527,0.000,14.513,0.086,0.200,0.817,0.173,0.007,TRANSICIÓN
19250,0.949,1.173,0.763,6.8,0.0079,1.542,14.697,14.253,14.546,0.000,14.527,0.109,0.201,0.812,0.199,0.009,TRANSICIÓN