brazo,L,N,seed,ng,defdev,fg,diam,dmean,d95,dgrow,turn,ver
INTACTA,32,1024,1,0,0.00e+00,1.0,59,2.271542729169848,9.0,1.5983252673493988,1.1625855519119412,GEOMETRIA
CORTADA,32,1024,1,0,0.00e+00,1.0,88,1.1272967883137375,6.0,1.436288765260146,1.2165389489858045,GEOMETRIA
REGLA,32,1024,1,31,0.00e+00,1.0,59,2.271542729169848,9.0,1.5983252673493988,1.1625855519119412,GEOMETRIA
CONTROL,32,1024,1,31,0.00e+00,1.0,37,1.1718837481549347,3.5,1.7655017266981823,1.3127227055241832,GEOMETRIA
INTACTA,32,1024,2,0,0.00e+00,1.0,57,2.4119829250940135,9.0,1.5867962479485862,1.1498475785972655,GEOMETRIA
CORTADA,32,1024,2,0,0.00e+00,1.0,87,1.2397093200528508,6.0,1.4276280732266684,1.2118162723522612,GEOMETRIA
REGLA,32,1024,2,31,0.00e+00,1.0,57,2.4119829250940135,9.0,1.5867962479485862,1.1498475785972655,GEOMETRIA
CONTROL,32,1024,2,31,0.00e+00,1.0,37,1.2365840024392722,4.0,1.7316946810135614,1.34713145346735,GEOMETRIA
INTACTA,32,1024,3,0,0.00e+00,1.0,60,2.3312817904374366,9.0,1.5950945086331954,1.1857812444395945,GEOMETRIA
CORTADA,32,1024,3,0,0.00e+00,1.0,83,1.2606307222787385,6.0,1.4470260188469777,1.2060299951745008,GEOMETRIA
REGLA,32,1024,3,31,0.00e+00,1.0,60,2.3312817904374366,9.0,1.5950945086331954,1.1857812444395945,GEOMETRIA
CONTROL,32,1024,3,31,0.00e+00,1.0,37,1.1675228891149543,3.5,1.764364602101402,1.3414675199361956,GEOMETRIA
INTACTA,32,1024,4,0,0.00e+00,1.0,59,2.4075109259071046,9.0,1.6136206511761608,1.1467874946830263,GEOMETRIA
CORTADA,32,1024,4,0,0.00e+00,1.0,85,1.1209472507368634,6.0,1.4369206144729252,1.199231103947076,GEOMETRIA
REGLA,32,1024,4,31,0.00e+00,1.0,59,2.4075109259071046,9.0,1.6136206511761608,1.1467874946830263,GEOMETRIA
CONTROL,32,1024,4,31,0.00e+00,1.0,37,1.235186502693363,4.0,1.7992411221866256,1.328707608775315,GEOMETRIA
INTACTA,32,1024,5,0,0.00e+00,1.0,61,2.370730465767371,9.0,1.6008905709605177,1.1499729951195696,GEOMETRIA
CORTADA,32,1024,5,0,0.00e+00,1.0,89,1.3000254517688978,6.0,1.4418525513286822,1.2083788565773035,GEOMETRIA
REGLA,32,1024,5,31,0.00e+00,1.0,61,2.370730465767371,9.0,1.6008905709605177,1.1499729951195696,GEOMETRIA
CONTROL,32,1024,5,31,0.00e+00,1.0,38,1.3361669636039706,4.0,1.7845157666748772,1.285874458084145,GEOMETRIA
INTACTA,32,1024,6,0,0.00e+00,1.0,57,2.2492373398413665,8.0,1.5926370424193022,1.155953059155998,GEOMETRIA
CORTADA,32,1024,6,0,0.00e+00,1.0,88,1.1179072605247102,6.0,1.4344893888478807,1.184648906944133,GEOMETRIA
REGLA,32,1024,6,31,0.00e+00,1.0,57,2.2492373398413665,8.0,1.5926370424193022,1.155953059155998,GEOMETRIA
CONTROL,32,1024,6,31,0.00e+00,1.0,37,1.263117754728493,4.0,1.7625117255325913,1.3051506348471305,GEOMETRIA
INTACTA,32,1024,7,0,0.00e+00,1.0,57,2.175883491190549,8.0,1.603455128267437,1.1500867494460534,GEOMETRIA
CORTADA,32,1024,7,0,0.00e+00,1.0,87,1.1196659537631124,5.0,1.4339550257515483,1.1831940898532118,GEOMETRIA
REGLA,32,1024,7,31,0.00e+00,1.0,57,2.175883491190549,8.0,1.603455128267437,1.1500867494460534,GEOMETRIA
CONTROL,32,1024,7,31,0.00e+00,1.0,37,1.2126744067623993,3.5,1.7544518712987667,1.2837348266775939,GEOMETRIA
INTACTA,32,1024,8,0,0.00e+00,1.0,61,2.349121738247538,9.0,1.6126146643714,1.1351867935659967,GEOMETRIA
CORTADA,32,1024,8,0,0.00e+00,1.0,92,1.3543506955020814,7.0,1.4501270610263608,1.2228307041938797,GEOMETRIA
REGLA,32,1024,8,31,0.00e+00,1.0,61,2.349121738247538,9.0,1.6126146643714,1.1351867935659967,GEOMETRIA
CONTROL,32,1024,8,31,0.00e+00,1.0,38,1.3963600365519342,4.0,1.7696391844375001,1.300656067458195,GEOMETRIA
INTACTA,64,4096,1,0,0.00e+00,1.0,110,4.971547819005446,19.0,1.6674209790227486,1.099226798663079,GEOMETRIA
CORTADA,64,4096,1,0,0.00e+00,1.0,169,2.6050287575711306,13.0,1.5199115597594552,1.133630371224405,GEOMETRIA
REGLA,64,4096,1,63,0.00e+00,1.0,110,4.971547819005446,19.0,1.6674209790227486,1.099226798663079,GEOMETRIA
CONTROL,64,4096,1,63,0.00e+00,1.0,69,1.9584669415177889,7.0,1.8359784266510675,1.2208757815978468,GEOMETRIA
INTACTA,64,4096,2,0,0.00e+00,1.0,125,4.662414879560931,17.149999999997817,1.6923508658634092,1.090721813378844,GEOMETRIA
CORTADA,64,4096,2,0,0.00e+00,1.0,188,2.548937900193109,12.0,1.5375325650099974,1.1381807883698916,GEOMETRIA
REGLA,64,4096,2,63,0.00e+00,1.0,125,4.662414879560931,17.149999999997817,1.6923508658634092,1.090721813378844,GEOMETRIA
CONTROL,64,4096,2,63,0.00e+00,1.0,70,1.807729444049192,6.5,1.8685952188473125,1.2638528974813952,GEOMETRIA
INTACTA,64,4096,3,0,0.00e+00,1.0,120,4.549593082400814,18.0,1.683733564666182,1.088973150941863,GEOMETRIA
CORTADA,64,4096,3,0,0.00e+00,1.0,174,2.3553407934893182,12.0,1.5220827999080058,1.1294540713785206,GEOMETRIA
REGLA,64,4096,3,63,0.00e+00,1.0,120,4.549593082400814,18.0,1.683733564666182,1.088973150941863,GEOMETRIA
CONTROL,64,4096,3,63,0.00e+00,1.0,70,1.7141658189216684,6.0,1.8519860907703318,1.2034929102780259,GEOMETRIA
INTACTA,64,4096,4,0,0.00e+00,1.0,121,4.589795710946234,17.0,1.697915693586158,1.0905709716419358,GEOMETRIA
CORTADA,64,4096,4,0,0.00e+00,1.0,184,2.305468035369448,12.0,1.5186443418124635,1.1233317644725718,GEOMETRIA
REGLA,64,4096,4,63,0.00e+00,1.0,121,4.589795710946234,17.0,1.697915693586158,1.0905709716419358,GEOMETRIA
CONTROL,64,4096,4,63,0.00e+00,1.0,69,1.5963512552088628,5.5,1.8779283646686555,1.2541260925206614,GEOMETRIA
INTACTA,64,4096,5,0,0.00e+00,1.0,122,4.838126749809112,18.0,1.6755445848902035,1.097960188025667,GEOMETRIA
CORTADA,64,4096,5,0,0.00e+00,1.0,182,2.097022143038941,11.0,1.5244047766947273,1.1592643994451115,GEOMETRIA
REGLA,64,4096,5,63,0.00e+00,1.0,122,4.838126749809112,18.0,1.6755445848902035,1.097960188025667,GEOMETRIA
CONTROL,64,4096,5,63,0.00e+00,1.0,70,1.6813693051667091,6.0,1.863676464070956,1.2578847860230142,GEOMETRIA
INTACTA,64,4096,6,0,0.00e+00,1.0,124,4.5556741915802315,17.0,1.6859683924880462,1.1033017664565252,GEOMETRIA
CORTADA,64,4096,6,0,0.00e+00,1.0,187,2.4035489119381737,12.0,1.5141975773793726,1.1317203702693663,GEOMETRIA
REGLA,64,4096,6,63,0.00e+00,1.0,124,4.5556741915802315,17.0,1.6859683924880462,1.1033017664565252,GEOMETRIA
CONTROL,64,4096,6,63,0.00e+00,1.0,69,1.9551301606670735,7.0,1.8590135373214716,1.2741657826661064,GEOMETRIA
INTACTA,64,4096,7,0,0.00e+00,1.0,115,4.584529992870965,18.0,1.7041938604981977,1.0871877756910089,GEOMETRIA
CORTADA,64,4096,7,0,0.00e+00,1.0,178,2.097107648436704,11.0,1.533787840173227,1.1203097894166052,GEOMETRIA
REGLA,64,4096,7,63,0.00e+00,1.0,115,4.584529992870965,18.0,1.7041938604981977,1.0871877756910089,GEOMETRIA
CONTROL,64,4096,7,63,0.00e+00,1.0,67,1.865541297484469,6.5,1.8898028129720033,1.205298312395247,GEOMETRIA
INTACTA,64,4096,8,0,0.00e+00,1.0,118,4.081074220733069,16.0,1.7038579119318118,1.0883666951233049,GEOMETRIA
CORTADA,64,4096,8,0,0.00e+00,1.0,181,2.4008528784648187,12.0,1.5376271152512437,1.1199916411037902,GEOMETRIA
REGLA,64,4096,8,63,0.00e+00,1.0,118,4.081074220733069,16.0,1.7038579119318118,1.0883666951233049,GEOMETRIA
CONTROL,64,4096,8,63,0.00e+00,1.0,68,1.8232561681388975,6.5,1.8772001796693252,1.281096066529161,GEOMETRIA
INTACTA,128,16384,1,0,0.00e+00,1.0,241,9.542372881355933,37.0,1.7375981278238535,1.0550580165899048,GEOMETRIA
CORTADA,128,16384,1,0,0.00e+00,1.0,347,4.3774113096147,23.0,1.593269184097079,1.083400321427038,GEOMETRIA
REGLA,128,16384,1,127,0.00e+00,1.0,241,9.542372881355933,37.0,1.7375981278238535,1.0550580165899048,GEOMETRIA
CONTROL,128,16384,1,127,0.00e+00,1.0,133,2.8655774418486284,12.5,1.9155002119463809,1.1229874179714407,GEOMETRIA
INTACTA,128,16384,2,0,0.00e+00,1.0,254,9.33382457566826,35.0,1.7401052817087101,1.0515953636046236,GEOMETRIA
CORTADA,128,16384,2,0,0.00e+00,1.0,381,4.782244130501067,25.0,1.5773569385638524,1.0812022160970174,GEOMETRIA
REGLA,128,16384,2,127,0.00e+00,1.0,254,9.33382457566826,35.0,1.7401052817087101,1.0515953636046236,GEOMETRIA
CONTROL,128,16384,2,127,0.00e+00,1.0,136,2.8675932513466815,12.0,1.9112105560386343,1.1555584319315853,GEOMETRIA
INTACTA,128,16384,3,0,0.00e+00,1.0,245,9.778636826042726,39.0,1.7397745070250494,1.0567216399793349,GEOMETRIA
CORTADA,128,16384,3,0,0.00e+00,1.0,347,5.169328585961343,25.0,1.5978154949013612,1.0813166949445618,GEOMETRIA
REGLA,128,16384,3,127,0.00e+00,1.0,245,9.778636826042726,39.0,1.7397745070250494,1.0567216399793349,GEOMETRIA
CONTROL,128,16384,3,127,0.00e+00,1.0,134,3.000254323499491,12.524999999999636,1.8935180524858883,1.1583117019577438,GEOMETRIA
INTACTA,128,16384,4,0,0.00e+00,1.0,243,9.90837483484094,38.0,1.7493994605013876,1.0539452277980605,GEOMETRIA
CORTADA,128,16384,4,0,0.00e+00,1.0,370,3.9895822746214047,22.0,1.5762008034511121,1.078739256949033,GEOMETRIA
REGLA,128,16384,4,127,0.00e+00,1.0,243,9.90837483484094,38.0,1.7493994605013876,1.0539452277980605,GEOMETRIA
CONTROL,128,16384,4,127,0.00e+00,1.0,135,3.0244435410102652,13.0,1.944352343508393,1.1921960886286893,GEOMETRIA
INTACTA,128,16384,5,0,0.00e+00,1.0,239,9.226571646729449,36.0,1.7417472270822116,1.0586443392527918,GEOMETRIA
CORTADA,128,16384,5,0,0.00e+00,1.0,364,4.565029269534232,23.0,1.5912498561131918,1.081159425429586,GEOMETRIA
REGLA,128,16384,5,127,0.00e+00,1.0,239,9.226571646729449,36.0,1.7417472270822116,1.0586443392527918,GEOMETRIA
CONTROL,128,16384,5,127,0.00e+00,1.0,133,2.9654619496054977,12.5,1.9324071891905314,1.2162057532653905,GEOMETRIA
INTACTA,128,16384,6,0,0.00e+00,1.0,243,9.235051860890787,35.0,1.7573988311427498,1.0586348073251393,GEOMETRIA
CORTADA,128,16384,6,0,0.00e+00,1.0,370,4.744915598942445,24.0,1.5925395335566583,1.0672672481983771,GEOMETRIA
REGLA,128,16384,6,127,0.00e+00,1.0,243,9.235051860890787,35.0,1.7573988311427498,1.0586348073251393,GEOMETRIA
CONTROL,128,16384,6,127,0.00e+00,1.0,135,3.054403091315843,12.5,1.9385066280331376,1.183093892127426,GEOMETRIA
INTACTA,128,16384,7,0,0.00e+00,1.0,235,8.882829208677055,34.0,1.7797044226274479,1.0558258611320452,GEOMETRIA
CORTADA,128,16384,7,0,0.00e+00,1.0,354,5.381199714838578,26.0,1.6025056499127763,1.0745760262182977,GEOMETRIA
REGLA,128,16384,7,127,0.00e+00,1.0,235,8.882829208677055,34.0,1.7797044226274479,1.0558258611320452,GEOMETRIA
CONTROL,128,16384,7,127,0.00e+00,1.0,134,2.7621448212648945,12.0,1.9996380142291394,1.2156899538314314,GEOMETRIA
INTACTA,128,16384,8,0,0.00e+00,1.0,232,8.855112194131383,34.0,1.7691964092375332,1.0520604671244147,GEOMETRIA
CORTADA,128,16384,8,0,0.00e+00,1.0,353,4.712204284698954,23.0,1.615372221236651,1.071845046725672,GEOMETRIA
REGLA,128,16384,8,127,0.00e+00,1.0,232,8.855112194131383,34.0,1.7691964092375332,1.0520604671244147,GEOMETRIA
CONTROL,128,16384,8,127,0.00e+00,1.0,134,3.039191796121434,12.5,1.9347816583785171,1.2055047554560157,GEOMETRIA
