N,seed,n_surv,f_surv,excess_L2,excess_max,orden,orden_excess,L2_null_allN,L2_null_surv
250,1,127,0.508,0.3765455265609554,0.23720472440944884,0.696122957162238,0.6159276471041372,0.05916079783099616,0.08300460095396857
250,2,127,0.508,0.3614228980751254,0.16633858267716534,0.6255856005192313,0.547621650107252,0.05916079783099616,0.08300460095396857
250,3,129,0.516,0.35750430257914156,0.16957364341085274,0.664306516397448,0.5867729461056196,0.05916079783099616,0.08235864093362705
250,4,123,0.492,0.36394034473488274,0.18394308943089432,0.6911471558936937,0.6098138654302856,0.05916079783099616,0.08434347122457897
250,5,128,0.512,0.3561334787512963,0.15625,0.6746161804533616,0.5974811687132404,0.05916079783099616,0.08267972847076846
250,6,129,0.516,0.36416579982727143,0.1928294573643411,0.6677878283946972,0.5955009642164156,0.05916079783099616,0.08235864093362705
250,7,137,0.548,0.35556324675261297,0.14507299270072993,0.6394554842926211,0.5626996397126787,0.05916079783099616,0.07991784102357004
250,8,134,0.536,0.362036454376035,0.18843283582089554,0.677521048470278,0.6026755593695745,0.05916079783099616,0.08080749189443177
250,9,147,0.588,0.35685929786262743,0.1607142857142857,0.6494010489702806,0.5740010749223763,0.05916079783099616,0.07715167498104596
250,10,132,0.528,0.35806976660898404,0.15530303030303028,0.6658090283646952,0.5862597854238404,0.05916079783099616,0.0814173684098662
250,11,140,0.56,0.3582838915424129,0.16785714285714287,0.6689791452297653,0.5895450008411394,0.05916079783099616,0.07905694150420949
250,12,136,0.544,0.36006895725574395,0.16911764705882354,0.6781932754672848,0.5998066355905565,0.05916079783099616,0.08021111848996848
250,13,140,0.56,0.3544181780015793,0.13214285714285712,0.661539698843904,0.5897463723507756,0.05916079783099616,0.07905694150420949
250,14,144,0.576,0.3569471465526777,0.14583333333333331,0.6346069784856333,0.5622453010371902,0.05916079783099616,0.07795119555779044
250,15,127,0.508,0.3550190165005308,0.15059055118110237,0.6603380121742416,0.5808080121517797,0.05916079783099616,0.08300460095396857
250,16,130,0.52,0.3619065229599306,0.19038461538461537,0.6838174303581555,0.6052623211486162,0.05916079783099616,0.0820412654142367
250,17,135,0.54,0.3602220775165169,0.16388888888888886,0.6885131403478266,0.6146543278242471,0.05916079783099616,0.08050764858994132
250,18,144,0.576,0.3681210633527381,0.20833333333333331,0.6986411613276626,0.6240536660003028,0.05916079783099616,0.07795119555779044
250,19,145,0.58,0.3658992798523015,0.1853448275862069,0.6514217639526216,0.5765026503368438,0.05916079783099616,0.07768193328323317
250,20,138,0.552,0.35540504979866316,0.1503623188405797,0.6652315966999689,0.5917814338985439,0.05916079783099616,0.07962775715882577
250,21,129,0.516,0.3620142589159079,0.18507751937984496,0.6848528654735511,0.6088421068078542,0.05916079783099616,0.08235864093362705
250,22,128,0.512,0.3561334787512963,0.1484375,0.6624797677879862,0.5834923981435428,0.05916079783099616,0.08267972847076846
250,23,131,0.524,0.3635283298048622,0.18797709923664124,0.6596630726563125,0.5858653235642114,0.05916079783099616,0.08172753093650327
250,24,134,0.536,0.3542615209378484,0.13619402985074625,0.6411651518379003,0.5607086297490943,0.05916079783099616,0.08080749189443177
250,25,133,0.532,0.3580617383792251,0.1531954887218045,0.6732310141971162,0.5976812440435453,0.05916079783099616,0.08111071056538127
250,26,129,0.516,0.36957115359543086,0.18507751937984496,0.63079051524332,0.5518373115312151,0.05916079783099616,0.08235864093362705
250,27,134,0.536,0.35770331227483176,0.1585820895522388,0.6494106717234597,0.5736699312168145,0.05916079783099616,0.08080749189443177
250,28,138,0.552,0.35570042076159075,0.1503623188405797,0.654474304145971,0.5770945027559553,0.05916079783099616,0.07962775715882577
250,29,134,0.536,0.35941184845519486,0.17350746268656714,0.6830180722510129,0.6054241296001655,0.05916079783099616,0.08080749189443177
250,30,143,0.572,0.3634261764786824,0.19667832167832167,0.6746460736508302,0.6012223392024532,0.05916079783099616,0.07822327734684298
250,31,135,0.54,0.3551598878721537,0.14166666666666666,0.6677635438000032,0.5916176739105412,0.05916079783099616,0.08050764858994132
250,32,131,0.524,0.35917429862982125,0.15744274809160308,0.6738651184458526,0.6026061908880131,0.05916079783099616,0.08172753093650327
250,33,138,0.552,0.3621376358469061,0.17934782608695654,0.6777314415619062,0.608009129463459,0.05916079783099616,0.07962775715882577
250,34,130,0.52,0.3579610239600901,0.1596153846153846,0.6824736014570828,0.606885435319319,0.05916079783099616,0.0820412654142367
250,35,141,0.564,0.36036988693519834,0.1799645390070922,0.6667154560872869,0.5889808780904264,0.05916079783099616,0.07877609890611015
250,36,143,0.572,0.3631569594028145,0.1687062937062937,0.647934728079523,0.5739539549524169,0.05916079783099616,0.07822327734684298
250,37,136,0.544,0.36096875613628165,0.18382352941176472,0.6860668297754174,0.6100912676707255,0.05916079783099616,0.08021111848996848
250,38,134,0.536,0.3570799995603057,0.1585820895522388,0.6533007600889121,0.5790965825788313,0.05916079783099616,0.08080749189443177
250,39,135,0.54,0.3620453252816545,0.16388888888888886,0.6523416686730386,0.5739494329201501,0.05916079783099616,0.08050764858994132
250,40,131,0.524,0.3612772342965687,0.17270992366412213,0.6925839769287686,0.6171804371799188,0.05916079783099616,0.08172753093650327
250,41,138,0.552,0.3595181610552441,0.1503623188405797,0.682837115255265,0.6101000609241258,0.05916079783099616,0.07962775715882577
250,42,144,0.576,0.3686447066663055,0.1597222222222222,0.6216016000062492,0.5497343893904012,0.05916079783099616,0.07795119555779044
250,43,136,0.544,0.3540118563885507,0.13970588235294118,0.6612641963469386,0.586866851471058,0.05916079783099616,0.08021111848996848
250,44,129,0.516,0.35412656588002467,0.13856589147286824,0.6557904714241554,0.5792931377444526,0.05916079783099616,0.08235864093362705
250,45,132,0.528,0.3575885976123014,0.15530303030303028,0.6245951459164517,0.5453585346981895,0.05916079783099616,0.0814173684098662
250,46,138,0.552,0.3606847207172411,0.1721014492753623,0.6896175478117043,0.6159298103269799,0.05916079783099616,0.07962775715882577
250,47,126,0.504,0.3543541920508861,0.14484126984126983,0.6576889029907474,0.5757314076218938,0.05916079783099616,0.08333333333333333
250,48,131,0.524,0.35460254327451496,0.14217557251908397,0.6677473101666568,0.5933148793352245,0.05916079783099616,0.08172753093650327
250,49,124,0.496,0.36047575223591954,0.1814516129032258,0.679487630248091,0.6004003592122749,0.05916079783099616,0.08400268812903088
250,50,130,0.52,0.3591162723149985,0.15192307692307694,0.6837536932897297,0.6059077192176227,0.05916079783099616,0.0820412654142367
500,1,259,0.518,0.35721850393682925,0.16843629343629346,0.6717763781280365,0.6158389670830661,0.04183300132670378,0.05812381937190964
500,2,252,0.504,0.35590614801235976,0.1527777777777778,0.6656570655338797,0.6094287627806303,0.04183300132670378,0.05892556509887896
500,3,263,0.526,0.3544263695596429,0.1411596958174905,0.6552206449178736,0.6018586683687698,0.04183300132670378,0.05768011960562002
500,4,255,0.51,0.3572476915395566,0.16911764705882354,0.6717731382174652,0.6113066920255583,0.04183300132670378,0.05857791861290061
500,5,267,0.534,0.3537269283411074,0.13342696629213485,0.6482679293386382,0.5949833875238313,0.04183300132670378,0.057246428343193906
500,6,261,0.522,0.35683387179595444,0.16618773946360155,0.6375382391217861,0.5843748043169084,0.04183300132670378,0.0579006944816376
500,7,264,0.528,0.35408056804702404,0.14015151515151514,0.6517481697528892,0.5968499222745095,0.04183300132670378,0.057570773308979785
500,8,264,0.528,0.35521336983333873,0.14393939393939392,0.6514927939379147,0.5986099778183778,0.04183300132670378,0.057570773308979785
500,9,277,0.554,0.35434045168995426,0.13853790613718414,0.6568983538519874,0.6039395639568192,0.04183300132670378,0.056203600999784345
500,10,271,0.542,0.36396700992526654,0.15913284132841327,0.6921526621640403,0.639002381697652,0.04183300132670378,0.05682237488721215
500,11,265,0.53,0.3546943991206133,0.1391509433962264,0.6422762886671642,0.5868920601773038,0.04183300132670378,0.05746204653902287
500,12,274,0.548,0.35675999206586395,0.15967153284671531,0.6563941876469175,0.6032521255521148,0.04183300132670378,0.056510447325554825
500,13,264,0.528,0.3551729748403346,0.1477272727272727,0.6699739005588446,0.6168240459909834,0.04183300132670378,0.057570773308979785
500,14,282,0.564,0.3576026199865381,0.15868794326241137,0.636158166805426,0.5816486748162647,0.04183300132670378,0.05570311373193265
500,15,258,0.516,0.3577983374212387,0.1618217054263566,0.6747607539757913,0.6217743142801027,0.04183300132670378,0.058236353493475654
500,16,268,0.536,0.3561820765307977,0.1548507462686567,0.675577713778138,0.6230628073095741,0.04183300132670378,0.05713952548922968
500,17,265,0.53,0.35987567569647183,0.16556603773584905,0.6878752697694354,0.6314186169606407,0.04183300132670378,0.05746204653902287
500,18,275,0.55,0.35662096460625275,0.1622727272727273,0.6660856111426281,0.6123462589764487,0.04183300132670378,0.056407607481776624
500,19,255,0.51,0.3643657490452114,0.19656862745098042,0.6713873366579584,0.6164506512148443,0.04183300132670378,0.05857791861290061
500,20,263,0.526,0.35458949531548456,0.14496197718631176,0.6507063050886536,0.5978753334983926,0.04183300132670378,0.05768011960562002
500,21,257,0.514,0.35926167178079466,0.17071984435797666,0.6564841484377935,0.5984349144639555,0.04183300132670378,0.05834954379170748
500,22,256,0.512,0.35445855771955204,0.140625,0.6619232735723526,0.6044552714154591,0.04183300132670378,0.05846339666834283
500,23,263,0.526,0.3571084160243819,0.16777566539923955,0.6708446709754914,0.6194945113048471,0.04183300132670378,0.05768011960562002
500,24,255,0.51,0.35426494667320485,0.14166666666666666,0.6630467017451066,0.6062537234131741,0.04183300132670378,0.05857791861290061
500,25,255,0.51,0.3554350886847813,0.15343137254901962,0.6518019361327251,0.5966675616694443,0.04183300132670378,0.05857791861290061
500,26,249,0.498,0.36182209326374093,0.18022088353413657,0.6810630564775113,0.6251520169801016,0.04183300132670378,0.05927947557881731
500,27,276,0.552,0.3539615867194149,0.13949275362318841,0.6476525435889858,0.5937484757073105,0.04183300132670378,0.056305327057681355
500,28,270,0.54,0.3605646387411866,0.175,0.6546103889661823,0.5986025711831165,0.04183300132670378,0.0569275042553311
500,29,264,0.528,0.35730761646285847,0.1628787878787879,0.6768732800487276,0.6202059338979551,0.04183300132670378,0.057570773308979785
500,30,256,0.512,0.35831194673339456,0.16796875,0.6305733369883684,0.5743345950485931,0.04183300132670378,0.05846339666834283
500,31,271,0.542,0.35464451092538474,0.1480627306273063,0.6642722452123967,0.6125023363198654,0.04183300132670378,0.05682237488721215
500,32,269,0.538,0.35578898097062195,0.1538104089219331,0.6704670434086266,0.6187623195962613,0.04183300132670378,0.05703321930322029
500,33,266,0.532,0.35746918213958895,0.1682330827067669,0.6340729811917942,0.5789548948476649,0.04183300132670378,0.05735393346764044
500,34,259,0.518,0.3544535078784351,0.14140926640926643,0.6648468232748609,0.6128608230203797,0.04183300132670378,0.05812381937190964
500,35,270,0.54,0.35608563881088007,0.14907407407407408,0.6598428248885602,0.6084803757326233,0.04183300132670378,0.0569275042553311
500,36,278,0.556,0.3603860595236309,0.15197841726618705,0.6763348526438903,0.625018909040058,0.04183300132670378,0.05610242431828137
500,37,262,0.524,0.3583215376447157,0.17270992366412213,0.6716341985898324,0.6183160496801307,0.04183300132670378,0.057790091334834814
500,38,274,0.548,0.3598825146766258,0.17427007299270075,0.6632287805394239,0.6123706341116997,0.04183300132670378,0.056510447325554825
500,39,265,0.53,0.36298817192623256,0.1731132075471698,0.6477956080186305,0.592464767435528,0.04183300132670378,0.05746204653902287
500,40,251,0.502,0.35549537587771823,0.14990039840637448,0.6701115233030652,0.6161210082001173,0.04183300132670378,0.0590428300210316
500,41,258,0.516,0.35796624889287193,0.16957364341085274,0.6742828835091422,0.617747288503544,0.04183300132670378,0.058236353493475654
500,42,248,0.496,0.3566212557928181,0.14919354838709675,0.6756323335738734,0.6163905292251765,0.04183300132670378,0.05939887041393643
500,43,256,0.512,0.35579054802299065,0.1484375,0.6744352083814161,0.6153858272021118,0.04183300132670378,0.05846339666834283
500,44,254,0.508,0.35623939115854053,0.14665354330708663,0.6298510639165386,0.574597100869598,0.04183300132670378,0.05869311620423454
500,45,254,0.508,0.3573254893832942,0.1624015748031496,0.6664172546888941,0.6119544926938156,0.04183300132670378,0.05869311620423454
500,46,271,0.542,0.3540681261561435,0.13699261992619927,0.6443896607638017,0.5902677524693248,0.04183300132670378,0.05682237488721215
500,47,254,0.508,0.35758566209373027,0.1624015748031496,0.6769337507464432,0.622684795143883,0.04183300132670378,0.05869311620423454
500,48,249,0.498,0.35466361194896107,0.14809236947791166,0.6652584395173505,0.6058859346017279,0.04183300132670378,0.05927947557881731
500,49,259,0.518,0.3536113618292551,0.12982625482625482,0.6543587676418369,0.6007107446547112,0.04183300132670378,0.05812381937190964
500,50,258,0.516,0.35548151195558264,0.14631782945736432,0.6600088956041423,0.6002418218175806,0.04183300132670378,0.058236353493475654
1000,1,508,0.508,0.3563807711065624,0.16043307086614172,0.6735333034830996,0.6337333066835943,0.02958039891549808,0.041502300476984284
1000,2,502,0.502,0.35419816764464773,0.14193227091633465,0.6630563223939356,0.6231419401442645,0.02958039891549808,0.04174958548831611
1000,3,516,0.516,0.35479410005563616,0.1501937984496124,0.6455543789824597,0.6088907186542252,0.02958039891549808,0.041179320466813524
1000,4,526,0.526,0.3567134740868267,0.16397338403041822,0.667686019394245,0.6283226973571363,0.02958039891549808,0.04078600371278505
1000,5,519,0.519,0.35368331049932833,0.13318882466281312,0.6558937291427683,0.6176099932914513,0.02958039891549808,0.04106013260332579
1000,6,507,0.507,0.3579861280852244,0.16691321499013806,0.6732316800836088,0.6353004326481992,0.02958039891549808,0.04154320960517859
1000,7,514,0.514,0.3570317210497241,0.16293774319066145,0.6761210001153521,0.6366030792813085,0.02958039891549808,0.04125935809425778
1000,8,518,0.518,0.3551677620153991,0.1472007722007722,0.6576179806651116,0.6186918186365458,0.02958039891549808,0.04109974682633932
1000,9,512,0.512,0.3543186235744866,0.14453125,0.6598605701351303,0.6206188962991197,0.02958039891549808,0.04133986423538423
1000,10,516,0.516,0.3555554616609455,0.15213178294573643,0.670123263773927,0.6304848545188572,0.02958039891549808,0.041179320466813524
1000,11,512,0.512,0.35453388399748725,0.14453125,0.6642131799230233,0.6231429678056054,0.02958039891549808,0.04133986423538423
1000,12,516,0.516,0.35476234119596955,0.13856589147286824,0.6681186573730032,0.6305332654245487,0.02958039891549808,0.041179320466813524
1000,13,496,0.496,0.35724759687570345,0.15322580645161288,0.6768597350906111,0.6397947737439471,0.02958039891549808,0.04200134406451544
1000,14,528,0.528,0.3559296180723378,0.1477272727272727,0.6317566620230527,0.5914372329614412,0.02958039891549808,0.0407086842049331
1000,15,516,0.516,0.3543916108732546,0.1443798449612403,0.6606296200999411,0.6237111952503325,0.02958039891549808,0.041179320466813524
1000,16,521,0.521,0.3551583420347304,0.15331094049904032,0.6603498816971097,0.6246606656287527,0.02958039891549808,0.040981246588860216
1000,17,515,0.515,0.3557898100214115,0.14490291262135924,0.6547831692710312,0.6171297090162138,0.02958039891549808,0.041219281000686954
1000,18,525,0.525,0.35455123178987663,0.14166666666666666,0.6577219554284429,0.6171755206046358,0.02958039891549808,0.040824829046386304
1000,19,521,0.521,0.3582258627841241,0.16098848368522073,0.6572023283909969,0.6179969331680217,0.02958039891549808,0.040981246588860216
1000,20,525,0.525,0.3542236248716813,0.13976190476190475,0.6537970149488326,0.6138839701840039,0.02958039891549808,0.040824829046386304
1000,21,523,0.523,0.35671764254319904,0.15033460803059273,0.6279702641318067,0.590001933842916,0.02958039891549808,0.040902813509142266
1000,22,508,0.508,0.3557277794669769,0.15059055118110237,0.6674653444567237,0.6260763325675378,0.02958039891549808,0.041502300476984284
1000,23,514,0.514,0.3536015633703425,0.12791828793774318,0.6511881375012584,0.6134587680871656,0.02958039891549808,0.04125935809425778
1000,24,514,0.514,0.3536122675406958,0.12986381322957197,0.6543346838300494,0.6158893965366221,0.02958039891549808,0.04125935809425778
1000,25,511,0.511,0.35497357435045523,0.13918786692759294,0.6424712394130874,0.6035106437447495,0.02958039891549808,0.0413802944301184
1000,26,503,0.503,0.358067502462946,0.16525844930417494,0.6692596807431115,0.6311007455811853,0.02958039891549808,0.041708064259258944
1000,27,551,0.551,0.35523910931438785,0.14904718693284935,0.6539384927542649,0.6154289806884896,0.02958039891549808,0.039849990948360225
1000,28,531,0.531,0.3593972124823191,0.1669020715630885,0.6855502277051693,0.6478039345616828,0.02958039891549808,0.04059352503728789
1000,29,523,0.523,0.3552696260696167,0.15033460803059273,0.669348398456541,0.6317211948986747,0.02958039891549808,0.040902813509142266
1000,30,502,0.502,0.36000981893422285,0.16782868525896416,0.6841656127314274,0.641528963052771,0.02958039891549808,0.04174958548831611
1000,31,508,0.508,0.3573254893832942,0.1545275590551181,0.6810582030919421,0.6411219477794872,0.02958039891549808,0.041502300476984284
1000,32,511,0.511,0.35469296171889086,0.1470156555772994,0.6562464207416449,0.6183512254279608,0.02958039891549808,0.0413802944301184
1000,33,517,0.517,0.35409661869414794,0.13805609284332687,0.6591172200805069,0.6176286776430503,0.02958039891549808,0.0411394759287296
1000,34,510,0.51,0.35449277679046814,0.13970588235294118,0.6620237371610797,0.6240146885854947,0.02958039891549808,0.0414208434789757
1000,35,522,0.522,0.3554633707620161,0.14128352490421459,0.6615527973550013,0.6256038003046773,0.02958039891549808,0.04094197370337646
1000,36,534,0.534,0.3544400183073758,0.14653558052434457,0.6467200470207771,0.6071201347642858,0.02958039891549808,0.040479337680182186
1000,37,515,0.515,0.35533383728872503,0.1546116504854369,0.667762026877124,0.6297196127028329,0.02958039891549808,0.041219281000686954
1000,38,550,0.55,0.35698230157301025,0.14954545454545454,0.6602490592170249,0.6238115613818618,0.02958039891549808,0.039886201760873284
1000,39,505,0.505,0.35558134695802024,0.15024752475247527,0.6731283793991143,0.6320216848820619,0.02958039891549808,0.04162539209817408
1000,40,523,0.523,0.35370200407279057,0.13312619502868067,0.6486717894054294,0.6090742917986723,0.02958039891549808,0.040902813509142266
1000,41,522,0.522,0.35478130706119415,0.14894636015325668,0.6650139615903216,0.6242373116520032,0.02958039891549808,0.04094197370337646
1000,42,509,0.509,0.3539393742148146,0.1343320235756385,0.6612992338926096,0.6218983107000547,0.02958039891549808,0.041461511965432775
1000,43,508,0.508,0.35426508578676225,0.1387795275590551,0.6540398873019294,0.6124723522608028,0.02958039891549808,0.041502300476984284
1000,44,520,0.52,0.3549210263019685,0.15192307692307694,0.644837823266618,0.606271728573809,0.02958039891549808,0.04102063270711835
1000,45,528,0.528,0.3542527443606504,0.13446969696969696,0.6482793956768778,0.6108780467292084,0.02958039891549808,0.0407086842049331
1000,46,505,0.505,0.35608825205370326,0.1482673267326733,0.6720526514701888,0.6333715411875055,0.02958039891549808,0.04162539209817408
1000,47,523,0.523,0.35514611801352486,0.15033460803059273,0.6569087912689001,0.6159170816364804,0.02958039891549808,0.040902813509142266
1000,48,515,0.515,0.3541008428663422,0.13713592233009708,0.6570558612939406,0.6167232756650021,0.02958039891549808,0.041219281000686954
1000,49,527,0.527,0.3538422471686793,0.13685958254269448,0.6579029313732928,0.6163827495269893,0.02958039891549808,0.0407472889402133
1000,50,517,0.517,0.3557200109149213,0.14966150870406192,0.6657377810077891,0.6246827230952147,0.02958039891549808,0.0411394759287296
2000,1,1025,0.5125,0.3554928042153589,0.14426829268292685,0.6498391164049822,0.622294403230186,0.02091650066335189,0.029217435489538878
2000,2,1008,0.504,0.35456521304242977,0.1388888888888889,0.6567819592218174,0.6296786900797378,0.02091650066335189,0.02946278254943948
2000,3,1015,0.5075,0.3539824493698655,0.1350985221674877,0.6546721197443387,0.6284014626652162,0.02091650066335189,0.029361010975735173
2000,4,1030,0.515,0.3541407697454897,0.14199029126213591,0.6590635465038573,0.6325554481192917,0.02091650066335189,0.029146433111219564
2000,5,1019,0.5095,0.35468847058206415,0.14487242394504418,0.661221316808561,0.6340897023579816,0.02091650066335189,0.029303327204938452
2000,6,1015,0.5075,0.3537794744231067,0.1350985221674877,0.6499977338552111,0.623743581560704,0.02091650066335189,0.029361010975735173
2000,7,1010,0.505,0.3552200117385496,0.15321782178217824,0.6619423778910615,0.6337989203696724,0.02091650066335189,0.02943359702216782
2000,8,1023,0.5115,0.3542105432449155,0.13795210166177907,0.6598574239945302,0.6319308599147789,0.02091650066335189,0.02924598208695844
2000,9,1030,0.515,0.3540795466898757,0.13519417475728157,0.6584549367699931,0.6298933580781463,0.02091650066335189,0.029146433111219564
2000,10,1023,0.5115,0.35435888349546674,0.14088465298142716,0.6651990899635952,0.6370548007935803,0.02091650066335189,0.02924598208695844
2000,11,1012,0.506,0.354163210870457,0.13784584980237152,0.6624526529646121,0.6359525090218849,0.02091650066335189,0.029404498056060296
2000,12,1051,0.5255,0.3552810863933781,0.144267364414843,0.6702402939255743,0.6426796565719101,0.02091650066335189,0.028853776835596437
2000,13,1052,0.526,0.3541100995641178,0.1411596958174905,0.645194247860319,0.6177790495579921,0.02091650066335189,0.02884005980281001
2000,14,1024,0.512,0.35414093522488066,0.1416015625,0.6471399397189613,0.6200916409441313,0.02091650066335189,0.029231698334171417
2000,15,1039,0.5195,0.353693209505872,0.12909047160731474,0.6493909669904144,0.623178547845495,0.02091650066335189,0.029019922797158364
2000,16,1023,0.5115,0.35428606967915005,0.1399071358748778,0.6522336075558113,0.6245480069537808,0.02091650066335189,0.02924598208695844
2000,17,1018,0.509,0.3537512086649846,0.13334970530451867,0.6490461038600328,0.6223769934698368,0.02091650066335189,0.029317716269004694
2000,18,1022,0.511,0.3538903717632538,0.13429549902152643,0.6458688609534329,0.6179713650129607,0.02091650066335189,0.02926028679903264
2000,19,1045,0.5225,0.3548134830724005,0.1391148325358852,0.6475432516845862,0.6186660788979256,0.02091650066335189,0.028936492084609692
2000,20,1019,0.5095,0.35406069987920025,0.14094700686947986,0.6583347469176871,0.6296081612288841,0.02091650066335189,0.029303327204938452
2000,21,1020,0.51,0.3546039264259185,0.1485294117647059,0.6614125965378982,0.6332819324087423,0.02091650066335189,0.029288959306450306
2000,22,997,0.4985,0.35523214742259424,0.150827482447342,0.657593736704664,0.6286729991690847,0.02091650066335189,0.02962486959795922
2000,23,1011,0.5055,0.3535987008124538,0.12821463897131552,0.6540942979612232,0.6273604445795898,0.02091650066335189,0.029419036745727902
2000,24,1027,0.5135,0.3536696885732804,0.13011197663096397,0.6552286355962585,0.6258703587014819,0.02091650066335189,0.029188972321078078
2000,25,1007,0.5035,0.354901857685555,0.14510923535253228,0.6686389352010648,0.6421778784663768,0.02091650066335189,0.02947740790777356
2000,26,990,0.495,0.35564952270702477,0.1568181818181818,0.6636713235846434,0.6372466020961328,0.02091650066335189,0.029729419500528157
2000,27,1032,0.516,0.35433596786992216,0.14050387596899228,0.6551084779021631,0.6272319266242373,0.02091650066335189,0.029118176746737827
2000,28,1032,0.516,0.3546829316054513,0.14147286821705424,0.6680586066423153,0.6417645943689546,0.02091650066335189,0.029118176746737827
2000,29,1059,0.5295,0.3548332195064646,0.14317752596789424,0.6614932776020781,0.6342889365252382,0.02091650066335189,0.02874458523546355
2000,30,1026,0.513,0.3564820644109507,0.1557017543859649,0.6365585617389353,0.6084358693144739,0.02091650066335189,0.0292031935021026
2000,31,1029,0.5145,0.35542731366726693,0.14322157434402333,0.6398768850591238,0.613297598406284,0.02091650066335189,0.029160592175990215
2000,32,1007,0.5035,0.3543985664008989,0.14312313803376364,0.664838335812817,0.6386377258274468,0.02091650066335189,0.02947740790777356
2000,33,1023,0.5115,0.35493816416440815,0.14870478983382207,0.6657494495745604,0.6367802418542984,0.02091650066335189,0.02924598208695844
2000,34,1003,0.5015,0.3537090449484346,0.13023429710867396,0.6573778060062749,0.629389295100484,0.02091650066335189,0.029536127902039952
2000,35,1029,0.5145,0.35433886675346604,0.1403061224489796,0.6522535082185016,0.6259276608498828,0.02091650066335189,0.029160592175990215
2000,36,1026,0.513,0.35381795050930254,0.13230994152046782,0.6581962332611776,0.6305531046852713,0.02091650066335189,0.0292031935021026
2000,37,1019,0.5095,0.353742313058388,0.1340775269872424,0.6482701718274231,0.6206553174288956,0.02091650066335189,0.029303327204938452
2000,38,1048,0.524,0.3551285211505607,0.1431297709923664,0.6680720708652582,0.6401362447949148,0.02091650066335189,0.028895045667417407
2000,39,999,0.4995,0.35364229906573863,0.13025525525525528,0.6547053097206181,0.6266103333399894,0.02091650066335189,0.029595200216857392
2000,40,1021,0.5105,0.35428081693196883,0.1404260528893242,0.6636575178865682,0.6334683187315486,0.02091650066335189,0.029274612521701947
2000,41,1028,0.514,0.3544595451360623,0.13959143968871596,0.6603690472696739,0.6309679988998182,0.02091650066335189,0.02917477189585374
2000,42,1006,0.503,0.35380343579238405,0.13245526838966204,0.6549478845849415,0.626726889690648,0.02091650066335189,0.029492055067886276
2000,43,1017,0.5085,0.3540572342298439,0.1336037364798427,0.660237864473382,0.6311215311477992,0.02091650066335189,0.029332126550665697
2000,44,1024,0.512,0.35386884546402086,0.134765625,0.660239430193968,0.6308718814925697,0.02091650066335189,0.029231698334171417
2000,45,1049,0.5245,0.35457844230915836,0.14096758817921828,0.6421929777332984,0.6163420398433821,0.02091650066335189,0.028881269721143386
2000,46,1024,0.512,0.35495595309516265,0.1494140625,0.6659824854512568,0.639147402411089,0.02091650066335189,0.029231698334171417
2000,47,1016,0.508,0.35430883572033894,0.14074803149606302,0.6415990596876406,0.6122651564577491,0.02091650066335189,0.02934655810211727
2000,48,1035,0.5175,0.35378665607437737,0.13297101449275361,0.6531580535882587,0.6253130714814358,0.02091650066335189,0.02907594586628823
2000,49,1020,0.51,0.35398538341636887,0.1377450980392157,0.660725368676207,0.6342934123461158,0.02091650066335189,0.029288959306450306
2000,50,1033,0.5165,0.3538511265104996,0.1373426911907067,0.6577403188201971,0.6302735617521908,0.02091650066335189,0.02910407934734134
4000,1,2028,0.507,0.35424249811713987,0.134861932938856,0.6485703181095683,0.6294596112969708,0.01479019945774904,0.020771604802589296
4000,2,2022,0.5055,0.35425176817103365,0.14404055390702275,0.6597317236367383,0.6408389968868246,0.01479019945774904,0.020802400378880422
4000,3,2058,0.5145,0.35406089740966207,0.13447521865889212,0.6625856146895001,0.6430508850660085,0.01479019945774904,0.020619652471058063
4000,4,2051,0.51275,0.3539313173356024,0.13341053144807413,0.661154546481227,0.6414479418252923,0.01479019945774904,0.02065480961930069
4000,5,2012,0.503,0.3543943207125592,0.1379224652087475,0.6664621940822648,0.6474060025687254,0.01479019945774904,0.020854032129629472
4000,6,2023,0.50575,0.35421029426557227,0.1355042016806723,0.6505647339470304,0.6308331185042654,0.01479019945774904,0.020797258270192576
4000,7,2037,0.50925,0.3550725122836301,0.14304123711340205,0.6373409780092518,0.6174088464967381,0.01479019945774904,0.020725666807241958
4000,8,2089,0.52225,0.35393064923095335,0.13780516993776926,0.6587607176482466,0.6388528055750423,0.01479019945774904,0.02046608655554341
4000,9,2084,0.521,0.354277493386795,0.14083493282149712,0.6546908221393474,0.6348121661787341,0.01479019945774904,0.020490623294430108
4000,10,2024,0.506,0.3538177290978008,0.13488142292490118,0.6532724048213274,0.6323301392942684,0.01479019945774904,0.02079211997282689
4000,11,2027,0.50675,0.3539210603177005,0.1335101134681796,0.6607375674946205,0.6416181020316276,0.01479019945774904,0.020776727901644282
4000,12,2042,0.5105,0.35397132678835447,0.13601860920666015,0.6620720743368294,0.6412629890554516,0.01479019945774904,0.020700277030704064
4000,13,2042,0.5105,0.3541562407339033,0.13699804113614106,0.6482677568448307,0.6273433351308386,0.01479019945774904,0.020700277030704064
4000,14,2036,0.509,0.3539761775142369,0.13285854616895876,0.6495601523535286,0.6302584253472966,0.01479019945774904,0.020730755982716387
4000,15,2029,0.50725,0.35387434939813806,0.13374815179891575,0.6609026286828963,0.6425842559470799,0.01479019945774904,0.020766485491408013
4000,16,2040,0.51,0.35384212350427285,0.1343137254901961,0.653439608865281,0.6338019143642518,0.01479019945774904,0.02071042173948785
4000,17,2038,0.5095,0.35360956727483234,0.12966143277723258,0.6559386851234966,0.6372335504490041,0.01479019945774904,0.02072058137794022
4000,18,2049,0.51225,0.3537321262996112,0.13463884821864325,0.650639555862774,0.6304688931867076,0.01479019945774904,0.02066488759483049
4000,19,2034,0.5085,0.3542722168506213,0.13704523107177974,0.6652714361196803,0.6446326449894805,0.01479019945774904,0.02074094559059769
4000,20,2046,0.5115,0.3539615966067359,0.1345307917888563,0.6514755816826704,0.631682099005453,0.01479019945774904,0.02068003225614861
4000,21,2040,0.51,0.3540267889867396,0.13872549019607844,0.651701527195229,0.6333723823891104,0.01479019945774904,0.02071042173948785
4000,22,2043,0.51075,0.35409873591351115,0.13491189427312777,0.6593942290070194,0.6387119588471489,0.01479019945774904,0.020695210263517477
4000,23,2034,0.5085,0.35364533152817834,0.1301622418879056,0.6565183491767819,0.6371072503056565,0.01479019945774904,0.02074094559059769
4000,24,2012,0.503,0.3536700537879808,0.12997017892644136,0.6578638565183302,0.6375414337301911,0.01479019945774904,0.020854032129629472
4000,25,2040,0.51,0.35364377235284705,0.12892156862745097,0.654433990249344,0.6349952690797925,0.01479019945774904,0.02071042173948785
4000,26,2003,0.50075,0.3537488832092221,0.13111582626060908,0.651596139121384,0.6322218694230933,0.01479019945774904,0.02090083091412035
4000,27,2067,0.51675,0.3547841577870756,0.1430212868892114,0.6643918944123042,0.6442810112785178,0.01479019945774904,0.020574713109670194
4000,28,2038,0.5095,0.3543794800466023,0.14094700686947986,0.6647443253066652,0.6446610372768167,0.01479019945774904,0.02072058137794022
4000,29,2066,0.5165,0.3537166961620074,0.1334704743465634,0.6501857588444115,0.6301480771350725,0.01479019945774904,0.02057969186669641
4000,30,1985,0.49625,0.35472752211499886,0.14099496221662466,0.6651466382024106,0.6451806873760985,0.01479019945774904,0.020995381524041196
4000,31,2046,0.5115,0.35381106426531317,0.13501955034213098,0.6594238349436949,0.639209267912976,0.01479019945774904,0.02068003225614861
4000,32,2012,0.503,0.35477191488182347,0.13841948310139163,0.647250330991164,0.6279772773652811,0.01479019945774904,0.020854032129629472
4000,33,2005,0.50125,0.35435272637579407,0.14133416458852865,0.6555933107362457,0.6350689158667602,0.01479019945774904,0.02089040395866269
4000,34,2016,0.504,0.354090933835206,0.13492063492063494,0.6500815852387481,0.6299047437226246,0.01479019945774904,0.020833333333333332
4000,35,2036,0.509,0.3541185838635189,0.13973477406679763,0.6498094705729718,0.630031689412453,0.01479019945774904,0.020730755982716387
4000,36,2030,0.5075,0.35387617633343055,0.1355911330049261,0.6518091650551402,0.6311367526044633,0.01479019945774904,0.020761369963434993
4000,37,2006,0.5015,0.3539674976979326,0.1362163509471585,0.6622037847621061,0.6424529053804802,0.01479019945774904,0.020885196329525645
4000,38,2062,0.5155,0.3539087740151727,0.1325169738118332,0.6591861270831935,0.6390780970136005,0.01479019945774904,0.02059964309956102
4000,39,2018,0.5045,0.3536217970172871,0.12871655104063429,0.6530240916758231,0.6333359506414513,0.01479019945774904,0.020823007021257375
4000,40,2054,0.5135,0.3544302125576074,0.14520447906523853,0.6627712054176325,0.642294776347044,0.01479019945774904,0.02063972026410075
4000,41,2039,0.50975,0.35406826984508544,0.13346002942618929,0.6622982782823014,0.6415384560461753,0.01479019945774904,0.02071549969021746
4000,42,1993,0.49825,0.354424884755999,0.1444430506773708,0.6591252659085048,0.639090427453326,0.01479019945774904,0.020953200905797078
4000,43,2090,0.5225,0.35377186070866534,0.13433014354066986,0.6527263838980863,0.6325481067868604,0.01479019945774904,0.020461189776778372
4000,44,2041,0.51025,0.35366701713579024,0.13026702596766293,0.6513679995907432,0.631082663841692,0.01479019945774904,0.020705347521173423
4000,45,2035,0.50875,0.35503876792288813,0.14920147420147423,0.655109293819262,0.6351621929590072,0.01479019945774904,0.02073584890896512
4000,46,2032,0.508,0.3549896814139079,0.14763779527559057,0.6669397829054543,0.6476218412777962,0.01479019945774904,0.020751150238492142
4000,47,2025,0.50625,0.3542654492542058,0.1401851851851852,0.6545597116804204,0.6349044635417911,0.01479019945774904,0.020786985482077452
4000,48,2015,0.50375,0.3537166228310088,0.13356079404466503,0.6563711741184601,0.6362106024346441,0.01479019945774904,0.020838502253728793
4000,49,2055,0.51375,0.3538308149133628,0.13193430656934307,0.6468327152280342,0.6270977992089306,0.01479019945774904,0.02063469782327591
4000,50,2014,0.5035,0.35416544788040555,0.14014399205561073,0.660577195625132,0.6412330259329633,0.01479019945774904,0.020843675023388644
