point_id,g_level,acople,seed,dim,viable,expande,estable,diam_fin,gig_fin,corr_masa_grado_ok
8,0.3,masa,8,d1,0,0,0,1,0.047,1
8,0.3,masa,8,d2,0,0,1,14,0.689,1
8,0.3,masa,8,d3,1,1,1,10,0.892,1
8,0.3,masa,8,d4,0,0,0,1,0.984,1
8,0.3,masa,8,curv,0,0,1,9,0.812,1
2,0.3,masa,2,d1,0,0,0,2,0.055,1
2,0.3,masa,2,d2,0,0,1,12,0.647,1
2,0.3,masa,2,d3,0,0,1,9,0.84,1
2,0.3,masa,2,d4,0,0,1,6,0.969,1
2,0.3,masa,2,curv,0,0,1,9,0.806,1
3,0.3,masa,3,d1,0,0,0,1,0.043,1
3,0.3,masa,3,d2,0,0,1,9,0.606,1
3,0.3,masa,3,d3,1,1,1,10,0.86,1
3,0.3,masa,3,d4,1,1,1,10,0.922,1
3,0.3,masa,3,curv,1,1,1,11,0.745,1
7,0.3,masa,7,d1,0,0,0,4,0.043,1
7,0.3,masa,7,d2,0,0,1,15,0.626,1
7,0.3,masa,7,d3,1,1,1,11,0.866,1
7,0.3,masa,7,d4,1,1,1,8,0.891,1
7,0.3,masa,7,curv,1,1,1,13,0.817,1
4,0.3,masa,4,d1,0,0,0,1,0.035,1
4,0.3,masa,4,d2,0,0,1,14,0.685,1
4,0.3,masa,4,d3,1,1,1,11,0.872,1
4,0.3,masa,4,d4,0,0,1,7,0.906,1
4,0.3,masa,4,curv,1,1,1,12,0.82,1
1,0.3,masa,1,d1,0,0,0,2,0.043,1
1,0.3,masa,1,d2,0,0,1,10,0.671,1
1,0.3,masa,1,d3,1,1,1,10,0.88,1
1,0.3,masa,1,d4,0,0,1,6,0.934,1
1,0.3,masa,1,curv,0,0,1,10,0.812,1
6,0.3,masa,6,d1,0,0,0,2,0.055,1
6,0.3,masa,6,d2,0,0,1,12,0.661,1
6,0.3,masa,6,d3,0,0,1,10,0.892,1
6,0.3,masa,6,d4,1,1,1,8,0.938,1
6,0.3,masa,6,curv,0,0,1,11,0.781,1
11,0.3,masa,11,d1,0,0,0,3,0.043,1
11,0.3,masa,11,d2,0,0,1,12,0.651,1
11,0.3,masa,11,d3,0,0,1,9,0.863,1
11,0.3,masa,11,d4,0,0,1,7,0.91,1
11,0.3,masa,11,curv,1,1,1,12,0.792,0
0,0.3,masa,0,d1,0,0,0,3,0.027,1
0,0.3,masa,0,d2,0,0,1,12,0.633,1
0,0.3,masa,0,d3,0,0,1,8,0.848,1
0,0.3,masa,0,d4,0,0,1,7,0.938,1
0,0.3,masa,0,curv,1,1,1,12,0.803,1
12,0.3,masa,12,d1,0,0,0,1,0.035,1
12,0.3,masa,12,d2,0,0,1,12,0.716,1
12,0.3,masa,12,d3,0,0,1,9,0.869,1
12,0.3,masa,12,d4,0,0,1,8,0.895,1
12,0.3,masa,12,curv,1,1,1,12,0.82,1
5,0.3,masa,5,d1,0,0,0,1,0.035,1
5,0.3,masa,5,d2,0,0,1,13,0.678,1
5,0.3,masa,5,d3,1,1,1,10,0.866,1
5,0.3,masa,5,d4,1,1,1,8,0.973,1
5,0.3,masa,5,curv,0,0,1,9,0.837,1
10,0.3,masa,10,d1,0,0,0,1,0.047,1
10,0.3,masa,10,d2,0,0,1,13,0.651,1
10,0.3,masa,10,d3,1,1,1,9,0.878,1
10,0.3,masa,10,d4,1,1,1,7,0.918,1
10,0.3,masa,10,curv,0,0,1,9,0.756,1
9,0.3,masa,9,d1,0,0,0,4,0.039,1
9,0.3,masa,9,d2,0,0,1,12,0.644,1
9,0.3,masa,9,d3,0,0,1,8,0.863,1
9,0.3,masa,9,d4,1,1,1,8,0.938,1
9,0.3,masa,9,curv,0,0,1,10,0.812,1
13,0.3,masa,13,d1,0,0,0,5,0.055,1
13,0.3,masa,13,d2,0,0,1,17,0.709,1
13,0.3,masa,13,d3,1,1,1,10,0.88,1
13,0.3,masa,13,d4,0,0,1,8,0.914,1
13,0.3,masa,13,curv,0,0,1,9,0.798,1
26,0.3,masa,26,d1,0,0,0,3,0.031,1
26,0.3,masa,26,d2,0,0,1,16,0.657,1
26,0.3,masa,26,d3,0,0,0,1,0.994,1
26,0.3,masa,26,d4,0,0,1,7,0.93,0
26,0.3,masa,26,curv,1,1,1,13,0.809,0
15,0.3,masa,15,d1,0,0,0,1,0.043,1
15,0.3,masa,15,d2,0,0,1,11,0.702,1
15,0.3,masa,15,d3,0,0,0,1,0.959,1
15,0.3,masa,15,d4,1,1,1,8,0.93,1
15,0.3,masa,15,curv,1,1,1,12,0.82,1
14,0.3,masa,14,d1,0,0,0,1,0.047,1
14,0.3,masa,14,d2,0,0,1,3,0.699,1
14,0.3,masa,14,d3,1,1,1,12,0.93,1
14,0.3,masa,14,d4,1,1,1,8,0.938,1
14,0.3,masa,14,curv,1,1,1,13,0.812,1
16,0.3,masa,16,d1,0,0,0,3,0.055,1
16,0.3,masa,16,d2,0,0,1,2,0.924,1
16,0.3,masa,16,d3,1,1,1,11,0.892,1
16,0.3,masa,16,d4,0,0,1,6,0.938,1
16,0.3,masa,16,curv,0,0,1,9,0.837,1
17,0.3,masa,17,d1,0,0,0,4,0.035,1
17,0.3,masa,17,d2,0,0,1,13,0.723,1
17,0.3,masa,17,d3,1,1,1,14,0.869,1
17,0.3,masa,17,d4,0,0,1,8,0.93,1
17,0.3,masa,17,curv,1,1,1,11,0.823,1
19,0.3,masa,19,d1,0,0,0,1,0.051,1
19,0.3,masa,19,d2,1,1,1,14,0.678,1
19,0.3,masa,19,d3,0,0,1,9,0.872,1
19,0.3,masa,19,d4,1,1,1,8,0.953,1
19,0.3,masa,19,curv,1,1,1,12,0.795,1
21,0.3,masa,21,d1,0,0,0,2,0.027,1
21,0.3,masa,21,d2,0,0,1,16,0.737,1
21,0.3,masa,21,d3,1,1,1,10,0.857,1
21,0.3,masa,21,d4,1,1,1,10,0.914,1
21,0.3,masa,21,curv,1,1,1,10,0.789,1
22,0.3,masa,22,d1,0,0,0,1,0.027,1
22,0.3,masa,22,d2,0,0,1,2,0.73,1
22,0.3,masa,22,d3,1,1,1,10,0.875,1
22,0.3,masa,22,d4,0,0,1,6,0.938,1
22,0.3,masa,22,curv,0,0,1,9,0.806,1
20,0.3,masa,20,d1,0,0,0,2,0.027,1
20,0.3,masa,20,d2,0,0,1,11,0.64,1
20,0.3,masa,20,d3,1,1,1,11,0.904,1
20,0.3,masa,20,d4,1,1,1,9,0.961,1
20,0.3,masa,20,curv,0,0,1,10,0.806,1
18,0.3,masa,18,d1,0,0,0,1,0.098,0
18,0.3,masa,18,d2,0,0,1,11,0.651,0
18,0.3,masa,18,d3,1,1,1,10,0.86,0
18,0.3,masa,18,d4,0,0,1,7,0.898,0
18,0.3,masa,18,curv,1,1,1,12,0.834,0
24,0.3,masa,24,d1,0,0,0,1,0.047,1
24,0.3,masa,24,d2,0,0,1,11,0.595,1
24,0.3,masa,24,d3,0,0,1,9,0.863,1
24,0.3,masa,24,d4,1,1,1,9,0.953,1
24,0.3,masa,24,curv,1,1,1,13,0.839,1
23,0.3,masa,23,d1,0,0,0,2,0.043,1
23,0.3,masa,23,d2,0,0,1,10,0.668,1
23,0.3,masa,23,d3,0,0,1,9,0.863,1
23,0.3,masa,23,d4,1,1,1,8,0.922,1
23,0.3,masa,23,curv,0,0,1,12,0.842,1
25,0.3,masa,25,d1,0,0,0,2,0.047,1
25,0.3,masa,25,d2,0,0,1,13,0.633,1
25,0.3,masa,25,d3,1,1,1,11,0.831,1
25,0.3,masa,25,d4,0,0,1,7,0.93,1
25,0.3,masa,25,curv,1,1,1,12,0.798,1
27,0.3,masa,27,d1,0,0,0,2,0.039,1
27,0.3,masa,27,d2,0,0,1,9,0.633,1
27,0.3,masa,27,d3,1,1,1,12,0.86,1
27,0.3,masa,27,d4,0,0,1,7,0.887,1
27,0.3,masa,27,curv,0,0,1,9,0.803,1
28,0.3,masa,28,d1,0,0,0,1,0.039,1
28,0.3,masa,28,d2,0,0,1,14,0.709,1
28,0.3,masa,28,d3,0,0,1,8,0.866,1
28,0.3,masa,28,d4,1,1,1,8,0.934,1
28,0.3,masa,28,curv,0,0,1,11,0.784,1
30,0.3,grado,0,d1,0,0,0,1,0.043,1
30,0.3,grado,0,d2,0,0,1,10,0.754,1
30,0.3,grado,0,d3,0,0,1,8,0.883,1
30,0.3,grado,0,d4,0,0,1,6,0.93,1
30,0.3,grado,0,curv,0,0,1,10,0.848,1
29,0.3,masa,29,d1,0,0,0,2,0.051,1
29,0.3,masa,29,d2,0,0,1,11,0.689,1
29,0.3,masa,29,d3,1,1,1,11,0.872,1
29,0.3,masa,29,d4,1,1,1,8,0.926,1
29,0.3,masa,29,curv,0,0,1,10,0.823,1
31,0.3,grado,1,d1,0,0,0,2,0.027,1
31,0.3,grado,1,d2,0,0,1,15,0.758,1
31,0.3,grado,1,d3,0,0,1,8,0.883,1
31,0.3,grado,1,d4,1,1,1,8,0.934,1
31,0.3,grado,1,curv,0,0,1,10,0.831,1
32,0.3,grado,2,d1,0,0,0,1,0.047,1
32,0.3,grado,2,d2,0,0,1,16,0.744,1
32,0.3,grado,2,d3,0,0,1,9,0.895,1
32,0.3,grado,2,d4,1,1,1,8,0.922,1
32,0.3,grado,2,curv,0,0,1,8,0.845,1
33,0.3,grado,3,d1,0,0,0,2,0.055,1
33,0.3,grado,3,d2,0,0,1,11,0.761,1
33,0.3,grado,3,d3,0,0,1,8,0.892,1
33,0.3,grado,3,d4,0,0,1,6,0.93,1
33,0.3,grado,3,curv,0,0,1,9,0.875,1
34,0.3,grado,4,d1,0,0,0,1,0.039,1
34,0.3,grado,4,d2,0,0,1,14,0.789,1
34,0.3,grado,4,d3,0,0,1,8,0.939,1
34,0.3,grado,4,d4,1,1,1,8,0.961,1
34,0.3,grado,4,curv,0,0,1,10,0.817,1
36,0.3,grado,6,d1,0,1,0,2,0.055,1
36,0.3,grado,6,d2,0,0,1,13,0.74,1
36,0.3,grado,6,d3,0,0,1,9,0.91,1
36,0.3,grado,6,d4,0,0,1,6,0.938,1
36,0.3,grado,6,curv,1,1,1,11,0.837,1
37,0.3,grado,7,d1,0,0,0,1,0.027,1
37,0.3,grado,7,d2,0,0,1,14,0.782,1
37,0.3,grado,7,d3,0,0,1,8,0.918,1
37,0.3,grado,7,d4,1,1,1,8,0.957,1
37,0.3,grado,7,curv,0,0,1,11,0.806,1
38,0.3,grado,8,d1,0,0,0,1,0.039,1
38,0.3,grado,8,d2,0,0,1,13,0.747,1
38,0.3,grado,8,d3,1,1,1,11,0.933,1
38,0.3,grado,8,d4,1,1,1,9,0.945,1
38,0.3,grado,8,curv,0,0,1,9,0.839,1
35,0.3,grado,5,d1,0,0,0,2,0.035,1
35,0.3,grado,5,d2,0,0,1,15,0.758,1
35,0.3,grado,5,d3,0,0,1,10,0.913,1
35,0.3,grado,5,d4,0,0,1,7,0.957,1
35,0.3,grado,5,curv,0,0,1,9,0.842,1
41,0.3,grado,11,d1,0,0,0,1,0.031,1
41,0.3,grado,11,d2,0,0,1,13,0.779,1
41,0.3,grado,11,d3,1,1,1,9,0.904,1
41,0.3,grado,11,d4,1,1,1,8,0.941,1
41,0.3,grado,11,curv,0,0,1,8,0.845,0
39,0.3,grado,9,d1,0,0,0,3,0.039,1
39,0.3,grado,9,d2,0,0,1,13,0.747,1
39,0.3,grado,9,d3,0,0,1,9,0.907,1
39,0.3,grado,9,d4,0,0,1,6,0.949,1
39,0.3,grado,9,curv,0,0,1,10,0.864,1
40,0.3,grado,10,d1,0,0,0,1,0.047,1
40,0.3,grado,10,d2,0,0,1,10,0.737,1
40,0.3,grado,10,d3,0,0,1,8,0.898,1
40,0.3,grado,10,d4,0,0,1,6,0.938,1
40,0.3,grado,10,curv,0,0,1,9,0.848,1
42,0.3,grado,12,d1,0,0,0,1,0.039,1
42,0.3,grado,12,d2,0,0,1,14,0.74,1
42,0.3,grado,12,d3,0,0,1,7,0.904,1
42,0.3,grado,12,d4,1,1,1,9,0.977,1
42,0.3,grado,12,curv,1,1,1,13,0.842,1
43,0.3,grado,13,d1,0,0,0,1,0.043,1
43,0.3,grado,13,d2,0,0,1,12,0.692,1
43,0.3,grado,13,d3,1,1,1,11,0.883,1
43,0.3,grado,13,d4,0,0,1,7,0.926,1
43,0.3,grado,13,curv,0,0,1,8,0.814,1
47,0.3,grado,17,d1,0,0,0,1,0.043,1
47,0.3,grado,17,d2,0,0,1,13,0.702,1
47,0.3,grado,17,d3,0,0,1,9,0.907,1
47,0.3,grado,17,d4,0,0,1,7,0.926,1
47,0.3,grado,17,curv,0,0,1,8,0.837,1
54,0.3,grado,24,d1,0,0,0,2,0.035,1
54,0.3,grado,24,d2,0,0,0,1,0.965,1
54,0.3,grado,24,d3,0,0,1,9,0.927,1
54,0.3,grado,24,d4,0,0,1,6,0.938,1
54,0.3,grado,24,curv,0,0,1,8,0.864,1
44,0.3,grado,14,d1,0,0,0,3,0.027,1
44,0.3,grado,14,d2,0,0,1,11,0.796,1
44,0.3,grado,14,d3,1,1,1,10,0.907,1
44,0.3,grado,14,d4,0,0,1,6,0.938,1
44,0.3,grado,14,curv,1,1,1,10,0.842,1
46,0.3,grado,16,d1,0,0,0,1,0.031,1
46,0.3,grado,16,d2,0,0,1,13,0.792,1
46,0.3,grado,16,d3,1,1,1,10,0.898,1
46,0.3,grado,16,d4,0,0,1,5,0.934,1
46,0.3,grado,16,curv,0,0,1,9,0.842,1
45,0.3,grado,15,d1,0,0,0,2,0.043,1
45,0.3,grado,15,d2,0,0,1,4,0.709,1
45,0.3,grado,15,d3,0,0,1,8,0.933,1
45,0.3,grado,15,d4,1,1,1,9,0.938,1
45,0.3,grado,15,curv,0,0,1,9,0.859,1
48,0.3,grado,18,d1,0,0,0,2,0.047,0
48,0.3,grado,18,d2,0,0,1,15,0.772,0
48,0.3,grado,18,d3,0,0,1,9,0.901,0
48,0.3,grado,18,d4,0,0,1,7,0.961,0
48,0.3,grado,18,curv,0,0,1,8,0.853,0
49,0.3,grado,19,d1,0,0,0,1,0.031,1
49,0.3,grado,19,d2,0,0,1,12,0.737,1
49,0.3,grado,19,d3,0,0,1,7,0.915,1
49,0.3,grado,19,d4,1,1,1,8,0.957,1
49,0.3,grado,19,curv,0,0,1,10,0.817,1
51,0.3,grado,21,d1,0,0,0,1,0.035,1
51,0.3,grado,21,d2,0,0,1,15,0.737,1
51,0.3,grado,21,d3,0,0,1,9,0.915,1
51,0.3,grado,21,d4,0,0,1,6,0.934,1
51,0.3,grado,21,curv,0,0,1,9,0.831,1
53,0.3,grado,23,d1,0,0,0,1,0.035,1
53,0.3,grado,23,d2,0,0,0,1,0.699,1
53,0.3,grado,23,d3,0,0,1,9,0.875,1
53,0.3,grado,23,d4,0,0,1,7,0.926,1
53,0.3,grado,23,curv,0,0,1,10,0.881,1
50,0.3,grado,20,d1,0,0,0,1,0.035,1
50,0.3,grado,20,d2,0,0,1,13,0.761,1
50,0.3,grado,20,d3,0,0,1,9,0.907,1
50,0.3,grado,20,d4,1,1,1,8,0.945,1
50,0.3,grado,20,curv,0,0,1,8,0.848,1
55,0.3,grado,25,d1,0,0,0,1,0.039,1
55,0.3,grado,25,d2,0,0,0,1,0.74,1
55,0.3,grado,25,d3,1,1,1,11,0.883,1
55,0.3,grado,25,d4,1,1,1,8,0.945,1
55,0.3,grado,25,curv,0,0,1,9,0.823,1
52,0.3,grado,22,d1,0,0,0,1,0.043,1
52,0.3,grado,22,d2,0,0,1,14,0.737,1
52,0.3,grado,22,d3,1,1,1,10,0.918,1
52,0.3,grado,22,d4,1,1,1,8,0.953,1
52,0.3,grado,22,curv,1,1,1,10,0.814,1
56,0.3,grado,26,d1,0,0,0,1,0.039,1
56,0.3,grado,26,d2,0,0,1,14,0.758,1
56,0.3,grado,26,d3,0,0,1,8,0.901,1
56,0.3,grado,26,d4,0,0,1,7,0.949,0
56,0.3,grado,26,curv,0,0,1,9,0.789,0
62,0.3,null,2,d1,0,0,0,2,0.031,1
62,0.3,null,2,d2,0,0,0,1,0.993,1
62,0.3,null,2,d3,0,0,1,10,0.869,1
62,0.3,null,2,d4,0,0,1,6,0.934,1
62,0.3,null,2,curv,0,0,1,10,0.789,1
58,0.3,grado,28,d1,0,0,0,2,0.039,1
58,0.3,grado,28,d2,0,0,1,13,0.768,1
58,0.3,grado,28,d3,0,0,0,1,0.933,1
58,0.3,grado,28,d4,0,0,1,7,0.953,1
58,0.3,grado,28,curv,0,0,1,10,0.898,1
57,0.3,grado,27,d1,0,0,0,1,0.031,1
57,0.3,grado,27,d2,0,0,1,12,0.751,1
57,0.3,grado,27,d3,0,0,1,8,0.898,1
57,0.3,grado,27,d4,0,0,1,7,0.957,1
57,0.3,grado,27,curv,1,1,1,10,0.828,1
59,0.3,grado,29,d1,0,0,0,2,0.035,1
59,0.3,grado,29,d2,0,0,1,11,0.727,1
59,0.3,grado,29,d3,0,0,1,8,0.872,1
59,0.3,grado,29,d4,0,0,1,7,0.949,1
59,0.3,grado,29,curv,1,1,1,10,0.837,1
60,0.3,null,0,d1,0,0,0,4,0.047,1
60,0.3,null,0,d2,0,0,1,12,0.647,1
60,0.3,null,0,d3,1,1,1,12,0.84,1
60,0.3,null,0,d4,0,0,1,7,0.922,1
60,0.3,null,0,curv,1,1,1,14,0.765,1
61,0.3,null,1,d1,0,0,0,1,0.047,1
61,0.3,null,1,d2,0,0,1,12,0.64,1
61,0.3,null,1,d3,1,1,1,10,0.875,1
61,0.3,null,1,d4,0,0,1,6,0.938,1
61,0.3,null,1,curv,0,0,1,8,0.828,1
66,0.3,null,6,d1,0,0,0,1,0.039,1
66,0.3,null,6,d2,0,0,1,11,0.671,1
66,0.3,null,6,d3,0,0,0,1,0.942,1
66,0.3,null,6,d4,0,0,1,6,0.945,1
66,0.3,null,6,curv,0,0,1,11,0.778,1
65,0.3,null,5,d1,0,0,0,1,0.051,1
65,0.3,null,5,d2,0,0,1,10,0.63,1
65,0.3,null,5,d3,0,0,1,8,0.851,1
65,0.3,null,5,d4,1,1,1,9,0.93,1
65,0.3,null,5,curv,0,0,1,9,0.798,1
63,0.3,null,3,d1,0,0,0,2,0.051,1
63,0.3,null,3,d2,0,0,1,12,0.661,1
63,0.3,null,3,d3,1,1,1,10,0.869,1
63,0.3,null,3,d4,1,1,1,8,0.898,1
63,0.3,null,3,curv,0,0,1,10,0.828,1
64,0.3,null,4,d1,0,0,0,1,0.027,1
64,0.3,null,4,d2,0,0,0,1,0.63,1
64,0.3,null,4,d3,0,0,1,9,0.84,1
64,0.3,null,4,d4,1,1,1,8,0.945,1
64,0.3,null,4,curv,0,0,1,11,0.834,1
67,0.3,null,7,d1,0,0,0,1,0.035,1
67,0.3,null,7,d2,0,0,1,11,0.716,1
67,0.3,null,7,d3,1,1,1,10,0.831,1
67,0.3,null,7,d4,1,1,1,8,0.926,1
67,0.3,null,7,curv,0,0,1,10,0.828,1
69,0.3,null,9,d1,0,0,0,3,0.047,1
69,0.3,null,9,d2,0,0,1,13,0.654,1
69,0.3,null,9,d3,1,1,1,14,0.883,1
69,0.3,null,9,d4,0,0,1,6,0.926,1
69,0.3,null,9,curv,1,1,1,13,0.82,1
68,0.3,null,8,d1,0,0,0,3,0.047,1
68,0.3,null,8,d2,0,0,1,13,0.619,1
68,0.3,null,8,d3,1,1,1,11,0.86,1
68,0.3,null,8,d4,1,1,1,8,0.957,1
68,0.3,null,8,curv,0,0,1,9,0.795,1
70,0.3,null,10,d1,0,0,0,1,0.051,1
70,0.3,null,10,d2,0,0,1,2,0.702,1
70,0.3,null,10,d3,1,1,1,9,0.851,1
70,0.3,null,10,d4,0,0,1,6,0.887,1
70,0.3,null,10,curv,0,0,1,10,0.798,1
71,0.3,null,11,d1,0,0,0,2,0.035,1
71,0.3,null,11,d2,0,0,1,14,0.678,1
71,0.3,null,11,d3,0,0,1,8,0.869,1
71,0.3,null,11,d4,0,0,1,8,0.938,1
71,0.3,null,11,curv,1,1,1,10,0.778,0
72,0.3,null,12,d1,0,0,0,2,0.031,1
72,0.3,null,12,d2,0,0,1,12,0.671,1
72,0.3,null,12,d3,1,1,1,10,0.851,1
72,0.3,null,12,d4,0,0,1,6,0.898,1
72,0.3,null,12,curv,0,0,1,8,0.809,1
76,0.3,null,16,d1,0,0,0,2,0.051,1
76,0.3,null,16,d2,0,0,1,12,0.647,1
76,0.3,null,16,d3,1,1,1,13,0.901,1
76,0.3,null,16,d4,0,0,0,1,0.969,1
76,0.3,null,16,curv,0,0,1,10,0.789,1
73,0.3,null,13,d1,0,0,0,1,0.031,1
73,0.3,null,13,d2,0,0,1,15,0.737,1
73,0.3,null,13,d3,1,1,1,10,0.845,1
73,0.3,null,13,d4,1,1,1,9,0.922,1
73,0.3,null,13,curv,0,0,1,10,0.792,1
74,0.3,null,14,d1,0,1,0,4,0.039,1
74,0.3,null,14,d2,0,0,1,8,0.706,1
74,0.3,null,14,d3,1,1,1,12,0.851,1
74,0.3,null,14,d4,0,0,1,8,0.902,1
74,0.3,null,14,curv,0,0,1,11,0.773,1
77,0.3,null,17,d1,0,0,0,1,0.035,1
77,0.3,null,17,d2,0,0,1,14,0.609,1
77,0.3,null,17,d3,1,1,1,9,0.863,1
77,0.3,null,17,d4,0,0,1,7,0.922,1
77,0.3,null,17,curv,1,1,1,11,0.795,1
75,0.3,null,15,d1,0,0,0,3,0.039,1
75,0.3,null,15,d2,0,0,1,11,0.671,1
75,0.3,null,15,d3,1,1,1,10,0.866,1
75,0.3,null,15,d4,1,1,1,8,0.891,1
75,0.3,null,15,curv,1,1,1,15,0.839,1
78,0.3,null,18,d1,0,1,0,4,0.031,0
78,0.3,null,18,d2,0,0,1,13,0.72,0
78,0.3,null,18,d3,0,0,1,9,0.878,0
78,0.3,null,18,d4,0,0,1,6,0.914,0
78,0.3,null,18,curv,0,0,1,9,0.789,0
79,0.3,null,19,d1,0,0,0,1,0.043,1
79,0.3,null,19,d2,0,0,1,14,0.664,1
79,0.3,null,19,d3,1,1,1,9,0.86,1
79,0.3,null,19,d4,0,0,1,7,0.945,1
79,0.3,null,19,curv,0,0,1,9,0.806,1
80,0.3,null,20,d1,0,0,0,2,0.031,1
80,0.3,null,20,d2,0,0,1,10,0.644,1
80,0.3,null,20,d3,1,1,1,11,0.878,1
80,0.3,null,20,d4,0,0,1,7,0.91,1
80,0.3,null,20,curv,0,0,1,11,0.756,1
82,0.3,null,22,d1,0,0,0,2,0.039,1
82,0.3,null,22,d2,0,0,1,17,0.696,1
82,0.3,null,22,d3,1,1,1,10,0.857,1
82,0.3,null,22,d4,0,0,1,7,0.914,1
82,0.3,null,22,curv,1,1,1,11,0.762,1
83,0.3,null,23,d1,0,0,0,1,0.035,1
83,0.3,null,23,d2,0,0,1,11,0.609,1
83,0.3,null,23,d3,0,0,1,7,0.889,1
83,0.3,null,23,d4,1,1,1,8,0.914,1
83,0.3,null,23,curv,0,0,1,10,0.767,1
81,0.3,null,21,d1,0,0,0,1,0.031,1
81,0.3,null,21,d2,0,0,1,5,0.675,1
81,0.3,null,21,d3,1,1,1,10,0.863,1
81,0.3,null,21,d4,0,0,1,7,0.93,1
81,0.3,null,21,curv,0,0,1,8,0.767,1
87,0.3,null,27,d1,0,0,0,2,0.047,1
87,0.3,null,27,d2,0,0,0,1,0.986,1
87,0.3,null,27,d3,0,0,1,9,0.88,1
87,0.3,null,27,d4,1,1,1,8,0.934,1
87,0.3,null,27,curv,0,0,1,9,0.792,1
89,0.3,null,29,d1,0,0,0,1,0.027,1
89,0.3,null,29,d2,0,0,0,1,0.983,1
89,0.3,null,29,d3,1,1,1,11,0.895,1
89,0.3,null,29,d4,0,0,1,7,0.91,1
89,0.3,null,29,curv,0,0,1,11,0.787,1
84,0.3,null,24,d1,0,0,0,3,0.039,1
84,0.3,null,24,d2,0,0,1,13,0.664,1
84,0.3,null,24,d3,1,1,1,10,0.857,1
84,0.3,null,24,d4,0,0,1,7,0.938,1
84,0.3,null,24,curv,0,0,1,9,0.787,1
85,0.3,null,25,d1,0,0,0,4,0.035,1
85,0.3,null,25,d2,0,0,1,11,0.675,1
85,0.3,null,25,d3,1,1,1,11,0.91,1
85,0.3,null,25,d4,1,1,1,7,0.918,1
85,0.3,null,25,curv,0,0,1,9,0.831,1
86,0.3,null,26,d1,0,0,0,2,0.039,1
86,0.3,null,26,d2,0,0,1,9,0.654,1
86,0.3,null,26,d3,1,1,1,9,0.875,1
86,0.3,null,26,d4,0,0,1,6,0.914,0
86,0.3,null,26,curv,0,0,1,10,0.787,0
88,0.3,null,28,d1,0,0,0,2,0.031,1
88,0.3,null,28,d2,0,0,1,14,0.668,1
88,0.3,null,28,d3,1,1,1,11,0.872,1
88,0.3,null,28,d4,0,0,1,8,0.91,1
88,0.3,null,28,curv,0,0,1,10,0.795,1
91,0.6,masa,1,d1,0,0,0,3,0.059,1
91,0.6,masa,1,d2,0,0,1,6,0.751,1
91,0.6,masa,1,d3,1,1,1,8,0.956,1
91,0.6,masa,1,d4,0,0,1,4,0.98,1
91,0.6,masa,1,curv,0,0,1,8,0.903,1
93,0.6,masa,3,d1,0,0,0,1,0.094,1
93,0.6,masa,3,d2,0,0,1,8,0.792,1
93,0.6,masa,3,d3,0,0,1,5,0.933,1
93,0.6,masa,3,d4,0,0,1,6,0.934,1
93,0.6,masa,3,curv,0,0,1,6,0.9,1
92,0.6,masa,2,d1,0,0,0,1,0.078,1
92,0.6,masa,2,d2,0,0,1,9,0.824,1
92,0.6,masa,2,d3,0,0,1,7,0.95,1
92,0.6,masa,2,d4,0,0,1,5,0.961,1
92,0.6,masa,2,curv,0,0,1,7,0.889,1
90,0.6,masa,0,d1,0,0,0,4,0.078,1
90,0.6,masa,0,d2,0,0,1,7,0.792,1
90,0.6,masa,0,d3,0,0,1,6,0.936,1
90,0.6,masa,0,d4,0,0,1,6,0.957,1
90,0.6,masa,0,curv,0,0,1,6,0.903,1
95,0.6,masa,5,d1,0,0,0,2,0.07,1
95,0.6,masa,5,d2,0,0,1,9,0.792,1
95,0.6,masa,5,d3,0,0,1,6,0.907,1
95,0.6,masa,5,d4,0,0,1,4,0.969,1
95,0.6,masa,5,curv,0,0,1,9,0.914,1
94,0.6,masa,4,d1,0,0,0,5,0.094,1
94,0.6,masa,4,d2,0,0,1,7,0.83,1
94,0.6,masa,4,d3,0,0,1,6,0.936,1
94,0.6,masa,4,d4,0,0,1,5,0.973,1
94,0.6,masa,4,curv,0,0,1,6,0.922,1
97,0.6,masa,7,d1,0,0,0,4,0.09,1
97,0.6,masa,7,d2,0,0,1,8,0.869,1
97,0.6,masa,7,d3,1,1,1,8,0.933,1
97,0.6,masa,7,d4,1,1,1,7,0.949,1
97,0.6,masa,7,curv,0,0,1,7,0.911,1
96,0.6,masa,6,d1,0,1,0,5,0.09,1
96,0.6,masa,6,d2,0,0,1,11,0.824,1
96,0.6,masa,6,d3,0,0,1,5,0.956,1
96,0.6,masa,6,d4,0,0,1,5,0.977,1
96,0.6,masa,6,curv,0,0,1,6,0.909,1
98,0.6,masa,8,d1,0,0,0,3,0.117,1
98,0.6,masa,8,d2,0,0,1,9,0.837,1
98,0.6,masa,8,d3,0,0,1,8,0.953,1
98,0.6,masa,8,d4,0,0,1,5,0.984,1
98,0.6,masa,8,curv,0,0,1,8,0.903,1
99,0.6,masa,9,d1,0,0,0,5,0.055,1
99,0.6,masa,9,d2,0,0,1,9,0.848,1
99,0.6,masa,9,d3,0,0,1,6,0.936,1
99,0.6,masa,9,d4,0,0,1,6,0.977,1
99,0.6,masa,9,curv,0,0,1,6,0.906,1
101,0.6,masa,11,d1,0,0,0,5,0.059,1
101,0.6,masa,11,d2,0,0,1,7,0.796,1
101,0.6,masa,11,d3,0,0,1,5,0.933,1
101,0.6,masa,11,d4,0,0,1,6,0.977,1
101,0.6,masa,11,curv,1,1,1,11,0.9,0
102,0.6,masa,12,d1,0,0,0,1,0.102,1
102,0.6,masa,12,d2,0,0,1,8,0.782,1
102,0.6,masa,12,d3,0,0,1,6,0.945,1
102,0.6,masa,12,d4,0,0,1,5,0.961,1
102,0.6,masa,12,curv,0,0,1,8,0.906,1
100,0.6,masa,10,d1,0,0,0,1,0.086,1
100,0.6,masa,10,d2,0,0,1,6,0.82,1
100,0.6,masa,10,d3,1,1,1,8,0.924,1
100,0.6,masa,10,d4,0,0,1,5,0.977,1
100,0.6,masa,10,curv,0,0,1,7,0.889,1
103,0.6,masa,13,d1,0,0,0,3,0.078,1
103,0.6,masa,13,d2,0,0,1,7,0.844,1
103,0.6,masa,13,d3,0,0,1,6,0.945,1
103,0.6,masa,13,d4,0,0,1,5,0.988,1
103,0.6,masa,13,curv,1,1,1,9,0.87,1
106,0.6,masa,16,d1,0,0,0,1,0.07,1
106,0.6,masa,16,d2,0,0,1,7,0.702,1
106,0.6,masa,16,d3,0,0,1,6,0.936,1
106,0.6,masa,16,d4,0,0,1,4,0.953,1
106,0.6,masa,16,curv,0,0,1,7,0.906,1
104,0.6,masa,14,d1,0,0,0,5,0.074,1
104,0.6,masa,14,d2,0,0,1,8,0.848,1
104,0.6,masa,14,d3,0,0,1,6,0.933,1
104,0.6,masa,14,d4,0,0,1,4,0.977,1
104,0.6,masa,14,curv,0,0,1,7,0.914,1
105,0.6,masa,15,d1,0,0,0,3,0.09,1
105,0.6,masa,15,d2,0,0,1,8,0.844,1
105,0.6,masa,15,d3,0,0,1,7,0.953,1
105,0.6,masa,15,d4,0,0,1,4,0.988,1
105,0.6,masa,15,curv,0,0,1,7,0.909,1
111,0.6,masa,21,d1,0,0,0,5,0.09,1
111,0.6,masa,21,d2,0,0,1,8,0.837,1
111,0.6,masa,21,d3,0,0,1,7,0.942,1
111,0.6,masa,21,d4,0,0,1,4,0.977,1
111,0.6,masa,21,curv,0,0,1,8,0.889,1
107,0.6,masa,17,d1,0,0,0,1,0.07,1
107,0.6,masa,17,d2,0,0,1,7,0.848,1
107,0.6,masa,17,d3,0,0,1,5,0.936,1
107,0.6,masa,17,d4,0,0,1,5,0.965,1
107,0.6,masa,17,curv,0,0,1,7,0.895,1
108,0.6,masa,18,d1,0,0,0,5,0.156,0
108,0.6,masa,18,d2,0,0,1,7,0.83,0
108,0.6,masa,18,d3,0,0,1,5,0.939,0
108,0.6,masa,18,d4,0,0,1,6,0.969,0
108,0.6,masa,18,curv,0,0,1,7,0.881,0
109,0.6,masa,19,d1,0,0,0,3,0.098,1
109,0.6,masa,19,d2,0,0,1,7,0.858,1
109,0.6,masa,19,d3,1,1,1,7,0.927,1
109,0.6,masa,19,d4,0,0,1,4,0.965,1
109,0.6,masa,19,curv,0,0,1,8,0.895,1
110,0.6,masa,20,d1,0,0,0,2,0.082,1
110,0.6,masa,20,d2,0,0,1,8,0.803,1
110,0.6,masa,20,d3,0,0,1,7,0.959,1
110,0.6,masa,20,d4,0,0,1,5,0.984,1
110,0.6,masa,20,curv,0,0,1,7,0.914,1
112,0.6,masa,22,d1,0,0,0,4,0.082,1
112,0.6,masa,22,d2,0,0,1,9,0.817,1
112,0.6,masa,22,d3,0,0,1,6,0.892,1
112,0.6,masa,22,d4,0,0,1,4,0.961,1
112,0.6,masa,22,curv,0,0,1,6,0.9,1
115,0.6,masa,25,d1,0,0,0,3,0.09,1
115,0.6,masa,25,d2,0,0,1,7,0.765,1
115,0.6,masa,25,d3,0,0,1,8,0.924,1
115,0.6,masa,25,d4,0,0,1,5,0.973,1
115,0.6,masa,25,curv,0,0,1,5,0.845,1
113,0.6,masa,23,d1,0,0,0,4,0.105,1
113,0.6,masa,23,d2,0,0,1,9,0.792,1
113,0.6,masa,23,d3,0,0,1,7,0.921,1
113,0.6,masa,23,d4,0,0,1,4,0.969,1
113,0.6,masa,23,curv,0,0,1,7,0.903,1
114,0.6,masa,24,d1,0,0,0,1,0.07,1
114,0.6,masa,24,d2,0,0,1,13,0.754,1
114,0.6,masa,24,d3,0,0,1,7,0.95,1
114,0.6,masa,24,d4,0,0,1,5,0.965,1
114,0.6,masa,24,curv,0,0,1,7,0.87,1
116,0.6,masa,26,d1,0,0,0,5,0.07,1
116,0.6,masa,26,d2,0,0,1,10,0.824,1
116,0.6,masa,26,d3,0,0,1,7,0.945,1
116,0.6,masa,26,d4,0,0,1,5,0.969,0
116,0.6,masa,26,curv,0,0,1,6,0.92,0
117,0.6,masa,27,d1,0,0,0,2,0.09,1
117,0.6,masa,27,d2,0,0,1,8,0.82,1
117,0.6,masa,27,d3,0,0,1,6,0.939,1
117,0.6,masa,27,d4,0,0,1,6,0.953,1
117,0.6,masa,27,curv,0,0,1,9,0.92,1
118,0.6,masa,28,d1,0,0,0,6,0.066,1
118,0.6,masa,28,d2,0,0,1,7,0.81,1
118,0.6,masa,28,d3,0,0,1,6,0.91,1
118,0.6,masa,28,d4,0,0,1,5,0.961,1
118,0.6,masa,28,curv,0,0,1,6,0.892,1
119,0.6,masa,29,d1,0,0,0,5,0.074,1
119,0.6,masa,29,d2,0,0,1,8,0.803,1
119,0.6,masa,29,d3,0,0,1,5,0.939,1
119,0.6,masa,29,d4,0,0,1,5,0.98,1
119,0.6,masa,29,curv,0,0,1,6,0.928,1
120,0.6,grado,0,d1,0,0,0,4,0.078,1
120,0.6,grado,0,d2,0,0,1,9,0.913,1
120,0.6,grado,0,d3,0,0,1,6,0.968,1
120,0.6,grado,0,d4,0,0,1,6,0.992,1
120,0.6,grado,0,curv,0,0,1,6,0.928,1
121,0.6,grado,1,d1,0,0,0,3,0.082,1
121,0.6,grado,1,d2,0,0,1,7,0.91,1
121,0.6,grado,1,d3,0,0,1,7,0.971,1
121,0.6,grado,1,d4,0,0,1,4,0.984,1
121,0.6,grado,1,curv,0,0,1,5,0.939,1
124,0.6,grado,4,d1,0,0,0,3,0.074,1
124,0.6,grado,4,d2,0,0,1,8,0.92,1
124,0.6,grado,4,d3,0,0,1,4,0.962,1
124,0.6,grado,4,d4,0,0,1,4,0.984,1
124,0.6,grado,4,curv,0,0,1,7,0.922,1
125,0.6,grado,5,d1,0,0,0,5,0.09,1
125,0.6,grado,5,d2,0,0,1,7,0.927,1
125,0.6,grado,5,d3,0,0,1,6,0.977,1
125,0.6,grado,5,d4,0,0,1,4,0.98,1
125,0.6,grado,5,curv,0,0,1,5,0.95,1
122,0.6,grado,2,d1,0,0,0,4,0.148,1
122,0.6,grado,2,d2,0,0,1,6,0.9,1
122,0.6,grado,2,d3,0,0,1,6,0.977,1
122,0.6,grado,2,d4,0,0,1,4,0.969,1
122,0.6,grado,2,curv,0,0,1,6,0.947,1
123,0.6,grado,3,d1,0,0,0,5,0.09,1
123,0.6,grado,3,d2,0,0,1,6,0.882,1
123,0.6,grado,3,d3,0,0,1,7,0.977,1
123,0.6,grado,3,d4,0,0,1,4,0.98,1
123,0.6,grado,3,curv,0,0,1,5,0.947,1
126,0.6,grado,6,d1,0,0,0,4,0.062,1
126,0.6,grado,6,d2,0,0,1,8,0.903,1
126,0.6,grado,6,d3,0,0,1,5,0.977,1
126,0.6,grado,6,d4,0,0,1,5,0.984,1
126,0.6,grado,6,curv,0,0,1,5,0.928,1
127,0.6,grado,7,d1,0,0,0,2,0.062,1
127,0.6,grado,7,d2,0,0,1,8,0.924,1
127,0.6,grado,7,d3,0,0,1,5,0.98,1
127,0.6,grado,7,d4,0,0,1,4,0.98,1
127,0.6,grado,7,curv,0,0,1,8,0.934,1
128,0.6,grado,8,d1,0,0,0,2,0.078,1
128,0.6,grado,8,d2,0,0,1,7,0.9,1
128,0.6,grado,8,d3,0,0,1,6,0.968,1
128,0.6,grado,8,d4,0,0,1,5,0.988,1
128,0.6,grado,8,curv,0,0,1,5,0.925,1
129,0.6,grado,9,d1,0,0,0,6,0.066,1
129,0.6,grado,9,d2,0,0,1,7,0.941,1
129,0.6,grado,9,d3,0,0,1,5,0.965,1
129,0.6,grado,9,d4,0,0,1,4,0.988,1
129,0.6,grado,9,curv,0,0,1,6,0.925,1
130,0.6,grado,10,d1,0,0,0,3,0.109,1
130,0.6,grado,10,d2,0,0,1,6,0.893,1
130,0.6,grado,10,d3,0,0,1,6,0.962,1
130,0.6,grado,10,d4,0,0,1,5,0.984,1
130,0.6,grado,10,curv,0,0,1,7,0.934,1
131,0.6,grado,11,d1,0,0,0,3,0.102,1
131,0.6,grado,11,d2,0,0,1,9,0.92,1
131,0.6,grado,11,d3,0,0,1,5,0.985,1
131,0.6,grado,11,d4,0,0,1,5,0.996,1
131,0.6,grado,11,curv,0,0,1,6,0.956,0
133,0.6,grado,13,d1,0,0,0,2,0.125,1
133,0.6,grado,13,d2,0,0,1,8,0.907,1
133,0.6,grado,13,d3,0,0,1,5,0.968,1
133,0.6,grado,13,d4,0,0,1,5,0.98,1
133,0.6,grado,13,curv,0,0,1,6,0.95,1
132,0.6,grado,12,d1,0,0,0,2,0.062,1
132,0.6,grado,12,d2,0,0,1,8,0.927,1
132,0.6,grado,12,d3,0,0,1,5,0.968,1
132,0.6,grado,12,d4,0,0,1,5,0.984,1
132,0.6,grado,12,curv,0,0,1,6,0.911,1
134,0.6,grado,14,d1,0,0,0,1,0.078,1
134,0.6,grado,14,d2,0,0,1,7,0.92,1
134,0.6,grado,14,d3,0,0,1,6,0.974,1
134,0.6,grado,14,d4,0,0,1,4,0.977,1
134,0.6,grado,14,curv,0,0,1,6,0.936,1
135,0.6,grado,15,d1,0,0,0,3,0.074,1
135,0.6,grado,15,d2,0,0,1,9,0.889,1
135,0.6,grado,15,d3,0,0,1,6,0.98,1
135,0.6,grado,15,d4,0,0,1,5,0.984,1
135,0.6,grado,15,curv,0,0,1,7,0.922,1
136,0.6,grado,16,d1,0,1,0,4,0.059,1
136,0.6,grado,16,d2,0,0,1,6,0.9,1
136,0.6,grado,16,d3,0,0,1,6,0.962,1
136,0.6,grado,16,d4,0,0,1,4,0.992,1
136,0.6,grado,16,curv,0,0,1,6,0.922,1
137,0.6,grado,17,d1,0,0,0,2,0.09,1
137,0.6,grado,17,d2,0,0,1,6,0.931,1
137,0.6,grado,17,d3,0,0,1,5,0.968,1
137,0.6,grado,17,d4,0,0,1,4,0.984,1
137,0.6,grado,17,curv,0,0,1,6,0.942,1
138,0.6,grado,18,d1,0,0,0,3,0.113,0
138,0.6,grado,18,d2,0,0,1,8,0.889,0
138,0.6,grado,18,d3,0,0,1,5,0.983,0
138,0.6,grado,18,d4,0,0,1,4,0.988,0
138,0.6,grado,18,curv,0,0,1,5,0.931,0
139,0.6,grado,19,d1,0,0,0,7,0.07,1
139,0.6,grado,19,d2,0,0,1,8,0.907,1
139,0.6,grado,19,d3,0,0,1,5,0.977,1
139,0.6,grado,19,d4,0,0,1,4,0.988,1
139,0.6,grado,19,curv,0,0,1,6,0.928,1
140,0.6,grado,20,d1,0,0,0,2,0.066,1
140,0.6,grado,20,d2,0,0,1,9,0.91,1
140,0.6,grado,20,d3,0,0,1,5,0.974,1
140,0.6,grado,20,d4,0,0,1,5,0.984,1
140,0.6,grado,20,curv,0,0,1,7,0.917,1
141,0.6,grado,21,d1,0,0,0,6,0.078,1
141,0.6,grado,21,d2,0,0,1,7,0.913,1
141,0.6,grado,21,d3,0,0,1,5,0.968,1
141,0.6,grado,21,d4,0,0,1,4,0.977,1
141,0.6,grado,21,curv,0,0,1,6,0.909,1
143,0.6,grado,23,d1,0,0,0,1,0.086,1
143,0.6,grado,23,d2,0,0,1,7,0.917,1
143,0.6,grado,23,d3,0,0,1,5,0.971,1
143,0.6,grado,23,d4,0,0,1,4,0.988,1
143,0.6,grado,23,curv,0,0,1,5,0.92,1
142,0.6,grado,22,d1,0,0,0,4,0.09,1
142,0.6,grado,22,d2,0,0,1,9,0.92,1
142,0.6,grado,22,d3,0,0,1,5,0.977,1
142,0.6,grado,22,d4,0,0,1,5,0.977,1
142,0.6,grado,22,curv,0,0,1,7,0.953,1
144,0.6,grado,24,d1,0,0,0,1,0.098,1
144,0.6,grado,24,d2,0,0,1,7,0.903,1
144,0.6,grado,24,d3,0,0,1,6,0.977,1
144,0.6,grado,24,d4,0,0,1,5,0.984,1
144,0.6,grado,24,curv,0,0,1,6,0.936,1
145,0.6,grado,25,d1,0,0,0,1,0.066,1
145,0.6,grado,25,d2,0,0,1,8,0.913,1
145,0.6,grado,25,d3,0,0,1,4,0.968,1
145,0.6,grado,25,d4,0,0,1,5,0.984,1
145,0.6,grado,25,curv,0,0,1,7,0.92,1
147,0.6,grado,27,d1,0,0,0,2,0.09,1
147,0.6,grado,27,d2,0,0,1,9,0.92,1
147,0.6,grado,27,d3,0,0,1,5,0.962,1
147,0.6,grado,27,d4,0,0,1,4,0.988,1
147,0.6,grado,27,curv,0,0,1,5,0.934,1
146,0.6,grado,26,d1,0,0,0,4,0.109,1
146,0.6,grado,26,d2,0,0,1,7,0.896,1
146,0.6,grado,26,d3,0,0,1,7,0.977,1
146,0.6,grado,26,d4,0,0,1,4,0.988,0
146,0.6,grado,26,curv,0,0,1,5,0.934,0
150,0.6,null,0,d1,0,0,0,3,0.074,1
150,0.6,null,0,d2,0,0,1,12,0.803,1
150,0.6,null,0,d3,0,0,1,6,0.945,1
150,0.6,null,0,d4,0,0,1,5,0.957,1
150,0.6,null,0,curv,1,1,1,9,0.864,1
148,0.6,grado,28,d1,0,0,0,2,0.078,1
148,0.6,grado,28,d2,0,0,1,8,0.896,1
148,0.6,grado,28,d3,0,0,1,5,0.983,1
148,0.6,grado,28,d4,0,0,1,4,0.984,1
148,0.6,grado,28,curv,0,0,1,5,0.922,1
149,0.6,grado,29,d1,0,0,0,2,0.094,1
149,0.6,grado,29,d2,0,0,1,9,0.931,1
149,0.6,grado,29,d3,0,0,1,5,0.948,1
149,0.6,grado,29,d4,0,0,1,5,0.984,1
149,0.6,grado,29,curv,0,0,1,6,0.925,1
151,0.6,null,1,d1,0,0,0,1,0.105,1
151,0.6,null,1,d2,0,0,1,10,0.789,1
151,0.6,null,1,d3,0,0,1,7,0.956,1
151,0.6,null,1,d4,0,0,1,4,0.957,1
151,0.6,null,1,curv,0,0,1,9,0.9,1
152,0.6,null,2,d1,0,0,0,1,0.059,1
152,0.6,null,2,d2,0,0,1,7,0.782,1
152,0.6,null,2,d3,0,0,1,6,0.942,1
152,0.6,null,2,d4,0,0,1,5,0.934,1
152,0.6,null,2,curv,0,0,1,7,0.875,1
153,0.6,null,3,d1,0,0,0,2,0.117,1
153,0.6,null,3,d2,1,1,1,10,0.799,1
153,0.6,null,3,d3,0,0,1,7,0.965,1
153,0.6,null,3,d4,0,0,1,4,0.953,1
153,0.6,null,3,curv,0,0,1,7,0.878,1
157,0.6,null,7,d1,0,0,0,3,0.047,1
157,0.6,null,7,d2,0,0,0,1,0.972,1
157,0.6,null,7,d3,0,0,1,5,0.936,1
157,0.6,null,7,d4,1,1,1,7,0.977,1
157,0.6,null,7,curv,0,0,1,7,0.903,1
154,0.6,null,4,d1,0,0,0,3,0.078,1
154,0.6,null,4,d2,0,0,1,8,0.806,1
154,0.6,null,4,d3,1,1,1,8,0.927,1
154,0.6,null,4,d4,0,0,1,5,0.961,1
154,0.6,null,4,curv,0,0,1,6,0.906,1
155,0.6,null,5,d1,0,0,0,2,0.07,1
155,0.6,null,5,d2,0,0,1,7,0.837,1
155,0.6,null,5,d3,1,1,1,7,0.953,1
155,0.6,null,5,d4,0,0,1,6,0.969,1
155,0.6,null,5,curv,0,0,1,7,0.925,1
156,0.6,null,6,d1,0,0,0,1,0.105,1
156,0.6,null,6,d2,0,0,1,7,0.83,1
156,0.6,null,6,d3,0,0,1,7,0.956,1
156,0.6,null,6,d4,0,0,1,4,0.961,1
156,0.6,null,6,curv,0,0,1,9,0.909,1
158,0.6,null,8,d1,0,0,0,3,0.059,1
158,0.6,null,8,d2,0,0,1,9,0.841,1
158,0.6,null,8,d3,0,0,1,7,0.95,1
158,0.6,null,8,d4,0,0,1,7,0.984,1
158,0.6,null,8,curv,0,0,1,6,0.892,1
159,0.6,null,9,d1,0,0,0,2,0.125,1
159,0.6,null,9,d2,0,0,1,7,0.82,1
159,0.6,null,9,d3,0,0,1,6,0.927,1
159,0.6,null,9,d4,0,0,1,6,0.973,1
159,0.6,null,9,curv,0,0,1,8,0.898,1
161,0.6,null,11,d1,0,0,0,3,0.078,1
161,0.6,null,11,d2,0,0,0,1,0.99,1
161,0.6,null,11,d3,0,0,1,6,0.942,1
161,0.6,null,11,d4,1,1,1,7,0.984,1
161,0.6,null,11,curv,0,0,1,8,0.911,0
160,0.6,null,10,d1,0,0,0,2,0.074,1
160,0.6,null,10,d2,0,0,1,2,0.92,1
160,0.6,null,10,d3,0,0,1,6,0.953,1
160,0.6,null,10,d4,0,0,1,5,0.977,1
160,0.6,null,10,curv,0,0,1,8,0.895,1
162,0.6,null,12,d1,0,0,0,1,0.07,1
162,0.6,null,12,d2,0,0,1,8,0.83,1
162,0.6,null,12,d3,0,0,1,7,0.95,1
162,0.6,null,12,d4,1,1,1,7,0.957,1
162,0.6,null,12,curv,0,0,1,7,0.892,1
163,0.6,null,13,d1,0,0,0,1,0.078,1
163,0.6,null,13,d2,0,0,1,6,0.806,1
163,0.6,null,13,d3,0,0,1,7,0.939,1
163,0.6,null,13,d4,0,0,1,5,0.957,1
163,0.6,null,13,curv,0,0,1,7,0.864,1
164,0.6,null,14,d1,0,0,0,3,0.09,1
164,0.6,null,14,d2,0,0,1,7,0.875,1
164,0.6,null,14,d3,0,0,1,5,0.959,1
164,0.6,null,14,d4,0,0,1,5,0.949,1
164,0.6,null,14,curv,0,0,1,6,0.837,1
165,0.6,null,15,d1,0,0,0,2,0.082,1
165,0.6,null,15,d2,0,0,1,3,0.837,1
165,0.6,null,15,d3,0,0,1,7,0.921,1
165,0.6,null,15,d4,0,0,1,4,0.957,1
165,0.6,null,15,curv,0,0,1,6,0.9,1
166,0.6,null,16,d1,0,0,0,4,0.074,1
166,0.6,null,16,d2,0,0,1,10,0.872,1
166,0.6,null,16,d3,0,0,1,7,0.945,1
166,0.6,null,16,d4,0,0,1,4,0.973,1
166,0.6,null,16,curv,0,0,1,8,0.864,1
167,0.6,null,17,d1,0,0,0,1,0.066,1
167,0.6,null,17,d2,0,0,1,7,0.81,1
167,0.6,null,17,d3,0,0,1,7,0.933,1
167,0.6,null,17,d4,0,0,1,5,0.973,1
167,0.6,null,17,curv,0,0,1,8,0.895,1
168,0.6,null,18,d1,0,0,0,2,0.098,0
168,0.6,null,18,d2,0,0,1,8,0.844,0
168,0.6,null,18,d3,0,0,1,7,0.945,0
168,0.6,null,18,d4,0,0,1,6,0.957,0
168,0.6,null,18,curv,0,0,1,7,0.884,0
172,0.6,null,22,d1,0,0,0,2,0.082,1
172,0.6,null,22,d2,0,0,0,1,0.993,1
172,0.6,null,22,d3,0,0,1,7,0.936,1
172,0.6,null,22,d4,0,0,1,4,0.973,1
172,0.6,null,22,curv,0,0,1,7,0.931,1
169,0.6,null,19,d1,0,0,0,2,0.059,1
169,0.6,null,19,d2,0,0,1,10,0.844,1
169,0.6,null,19,d3,0,0,1,7,0.945,1
169,0.6,null,19,d4,0,0,1,5,0.969,1
169,0.6,null,19,curv,0,0,1,7,0.9,1
170,0.6,null,20,d1,0,0,0,1,0.066,1
170,0.6,null,20,d2,0,0,1,7,0.869,1
170,0.6,null,20,d3,0,0,1,6,0.927,1
170,0.6,null,20,d4,0,0,1,5,0.98,1
170,0.6,null,20,curv,0,0,1,7,0.886,1
171,0.6,null,21,d1,0,0,0,5,0.082,1
171,0.6,null,21,d2,0,0,1,9,0.83,1
171,0.6,null,21,d3,1,1,1,8,0.918,1
171,0.6,null,21,d4,0,0,1,4,0.969,1
171,0.6,null,21,curv,0,0,1,6,0.892,1
173,0.6,null,23,d1,0,0,0,1,0.094,1
173,0.6,null,23,d2,0,0,1,7,0.837,1
173,0.6,null,23,d3,0,0,1,6,0.948,1
173,0.6,null,23,d4,0,0,1,5,0.938,1
173,0.6,null,23,curv,0,0,1,7,0.9,1
174,0.6,null,24,d1,0,0,0,3,0.074,1
174,0.6,null,24,d2,1,1,1,9,0.817,1
174,0.6,null,24,d3,0,0,1,5,0.93,1
174,0.6,null,24,d4,0,0,1,6,0.961,1
174,0.6,null,24,curv,0,0,1,6,0.848,1
175,0.6,null,25,d1,0,0,0,2,0.082,1
175,0.6,null,25,d2,0,0,1,8,0.82,1
175,0.6,null,25,d3,0,0,1,7,0.933,1
175,0.6,null,25,d4,0,0,1,5,0.965,1
175,0.6,null,25,curv,0,0,1,8,0.884,1
176,0.6,null,26,d1,0,1,0,2,0.098,1
176,0.6,null,26,d2,0,0,1,9,0.737,1
176,0.6,null,26,d3,0,0,1,6,0.936,1
176,0.6,null,26,d4,0,0,1,5,0.965,0
176,0.6,null,26,curv,0,0,1,8,0.85,0
177,0.6,null,27,d1,0,0,0,1,0.094,1
177,0.6,null,27,d2,0,0,1,8,0.813,1
177,0.6,null,27,d3,0,0,1,6,0.939,1
177,0.6,null,27,d4,0,0,1,5,0.957,1
177,0.6,null,27,curv,0,0,1,7,0.892,1
178,0.6,null,28,d1,0,0,0,3,0.098,1
178,0.6,null,28,d2,0,0,1,9,0.865,1
178,0.6,null,28,d3,0,0,1,6,0.942,1
178,0.6,null,28,d4,0,0,1,6,0.957,1
178,0.6,null,28,curv,0,0,1,6,0.889,1
179,0.6,null,29,d1,0,0,0,1,0.16,1
179,0.6,null,29,d2,1,1,1,10,0.81,1
179,0.6,null,29,d3,0,0,1,6,0.933,1
179,0.6,null,29,d4,0,0,1,4,0.965,1
179,0.6,null,29,curv,0,0,1,6,0.909,1
180,1.0,masa,0,d1,0,0,0,3,0.09,1
180,1.0,masa,0,d2,0,0,1,4,0.924,1
180,1.0,masa,0,d3,0,0,1,5,0.977,1
180,1.0,masa,0,d4,0,0,1,3,0.988,1
180,1.0,masa,0,curv,0,0,1,4,0.928,1
181,1.0,masa,1,d1,0,0,0,6,0.172,1
181,1.0,masa,1,d2,0,0,1,5,0.917,1
181,1.0,masa,1,d3,0,0,1,4,0.991,1
181,1.0,masa,1,d4,0,0,1,4,0.988,1
181,1.0,masa,1,curv,0,0,1,4,0.972,1
182,1.0,masa,2,d1,0,0,0,2,0.129,1
182,1.0,masa,2,d2,0,0,1,5,0.907,1
182,1.0,masa,2,d3,0,0,1,5,0.977,1
182,1.0,masa,2,d4,0,0,1,4,0.992,1
182,1.0,masa,2,curv,0,0,1,5,0.939,1
183,1.0,masa,3,d1,0,0,0,2,0.172,1
183,1.0,masa,3,d2,0,0,1,4,0.896,1
183,1.0,masa,3,d3,0,0,1,4,0.974,1
183,1.0,masa,3,d4,0,0,1,4,0.961,1
183,1.0,masa,3,curv,0,0,1,4,0.947,1
185,1.0,masa,5,d1,0,0,0,5,0.137,1
185,1.0,masa,5,d2,0,0,1,6,0.941,1
185,1.0,masa,5,d3,0,0,1,5,0.968,1
185,1.0,masa,5,d4,0,0,1,4,0.992,1
185,1.0,masa,5,curv,0,0,1,6,0.931,1
184,1.0,masa,4,d1,0,0,0,5,0.152,1
184,1.0,masa,4,d2,0,0,1,5,0.927,1
184,1.0,masa,4,d3,0,0,1,4,0.974,1
184,1.0,masa,4,d4,0,0,1,4,0.988,1
184,1.0,masa,4,curv,0,0,1,4,0.958,1
187,1.0,masa,7,d1,0,0,0,4,0.113,1
187,1.0,masa,7,d2,0,0,1,5,0.924,1
187,1.0,masa,7,d3,0,0,1,4,0.985,1
187,1.0,masa,7,d4,0,0,1,4,0.984,1
187,1.0,masa,7,curv,0,0,1,4,0.95,1
186,1.0,masa,6,d1,0,0,0,4,0.117,1
186,1.0,masa,6,d2,0,0,1,5,0.913,1
186,1.0,masa,6,d3,0,0,1,4,0.994,1
186,1.0,masa,6,d4,0,0,1,4,0.988,1
186,1.0,masa,6,curv,0,0,1,5,0.953,1
188,1.0,masa,8,d1,0,0,0,3,0.129,1
188,1.0,masa,8,d2,0,0,1,6,0.913,1
188,1.0,masa,8,d3,0,0,1,4,0.98,1
188,1.0,masa,8,d4,0,0,1,4,0.984,1
188,1.0,masa,8,curv,0,0,1,4,0.961,1
189,1.0,masa,9,d1,0,0,0,3,0.152,1
189,1.0,masa,9,d2,0,0,1,4,0.945,1
189,1.0,masa,9,d3,0,0,1,5,0.98,1
189,1.0,masa,9,d4,0,0,1,4,0.996,1
189,1.0,masa,9,curv,0,0,1,5,0.934,1
192,1.0,masa,12,d1,0,0,0,3,0.172,1
192,1.0,masa,12,d2,0,0,1,6,0.896,1
192,1.0,masa,12,d3,0,0,1,4,0.977,1
192,1.0,masa,12,d4,0,0,1,5,0.988,1
192,1.0,masa,12,curv,0,0,1,5,0.964,1
191,1.0,masa,11,d1,0,0,0,5,0.188,1
191,1.0,masa,11,d2,0,0,1,6,0.927,1
191,1.0,masa,11,d3,0,0,1,4,0.974,1
191,1.0,masa,11,d4,0,0,1,4,1.0,1
191,1.0,masa,11,curv,0,0,1,5,0.947,0
190,1.0,masa,10,d1,0,0,0,1,0.137,1
190,1.0,masa,10,d2,0,0,1,5,0.924,1
190,1.0,masa,10,d3,0,0,1,5,0.962,1
190,1.0,masa,10,d4,0,0,1,4,0.992,1
190,1.0,masa,10,curv,0,0,1,5,0.964,1
193,1.0,masa,13,d1,0,0,0,4,0.152,1
193,1.0,masa,13,d2,0,0,1,5,0.931,1
193,1.0,masa,13,d3,0,0,1,5,0.985,1
193,1.0,masa,13,d4,0,0,1,5,0.977,1
193,1.0,masa,13,curv,0,0,1,4,0.964,1
194,1.0,masa,14,d1,0,0,0,2,0.102,1
194,1.0,masa,14,d2,0,0,1,6,0.934,1
194,1.0,masa,14,d3,0,0,1,5,0.98,1
194,1.0,masa,14,d4,0,0,1,4,0.988,1
194,1.0,masa,14,curv,0,0,1,4,0.942,1
195,1.0,masa,15,d1,0,0,0,4,0.141,1
195,1.0,masa,15,d2,0,0,1,5,0.934,1
195,1.0,masa,15,d3,0,0,1,4,0.983,1
195,1.0,masa,15,d4,0,0,1,4,0.984,1
195,1.0,masa,15,curv,0,0,1,6,0.97,1
196,1.0,masa,16,d1,0,0,0,3,0.125,1
196,1.0,masa,16,d2,0,0,1,5,0.9,1
196,1.0,masa,16,d3,0,0,1,5,0.974,1
196,1.0,masa,16,d4,0,0,1,3,0.992,1
196,1.0,masa,16,curv,0,0,1,4,0.958,1
197,1.0,masa,17,d1,0,0,0,3,0.148,1
197,1.0,masa,17,d2,0,0,1,5,0.948,1
197,1.0,masa,17,d3,0,0,1,6,0.968,1
197,1.0,masa,17,d4,0,0,1,4,0.992,1
197,1.0,masa,17,curv,0,0,1,5,0.95,1
200,1.0,masa,20,d1,0,0,0,2,0.109,1
200,1.0,masa,20,d2,0,0,1,5,0.913,1
200,1.0,masa,20,d3,0,0,1,4,0.977,1
200,1.0,masa,20,d4,0,0,1,4,0.992,1
200,1.0,masa,20,curv,0,0,1,5,0.942,1
198,1.0,masa,18,d1,0,0,0,4,0.172,0
198,1.0,masa,18,d2,0,0,1,7,0.91,0
198,1.0,masa,18,d3,0,0,1,4,0.977,0
198,1.0,masa,18,d4,0,0,1,4,0.992,0
198,1.0,masa,18,curv,0,0,1,5,0.947,0
199,1.0,masa,19,d1,0,0,0,2,0.145,1
199,1.0,masa,19,d2,0,0,1,5,0.893,1
199,1.0,masa,19,d3,0,0,1,4,0.968,1
199,1.0,masa,19,d4,0,0,1,4,1.0,1
199,1.0,masa,19,curv,0,0,1,4,0.95,1
201,1.0,masa,21,d1,0,0,0,3,0.125,1
201,1.0,masa,21,d2,0,0,1,5,0.92,1
201,1.0,masa,21,d3,0,0,1,4,0.98,1
201,1.0,masa,21,d4,0,0,1,4,0.98,1
201,1.0,masa,21,curv,0,0,1,5,0.964,1
202,1.0,masa,22,d1,0,0,0,3,0.141,1
202,1.0,masa,22,d2,0,0,1,6,0.907,1
202,1.0,masa,22,d3,0,0,1,4,0.985,1
202,1.0,masa,22,d4,0,0,1,4,0.984,1
202,1.0,masa,22,curv,0,0,1,5,0.967,1
203,1.0,masa,23,d1,0,0,0,4,0.172,1
203,1.0,masa,23,d2,0,0,1,5,0.92,1
203,1.0,masa,23,d3,0,0,1,5,0.985,1
203,1.0,masa,23,d4,0,0,1,5,0.988,1
203,1.0,masa,23,curv,0,0,1,4,0.947,1
205,1.0,masa,25,d1,0,0,0,1,0.125,1
205,1.0,masa,25,d2,0,0,1,5,0.917,1
205,1.0,masa,25,d3,0,0,1,4,0.98,1
205,1.0,masa,25,d4,0,0,1,4,0.996,1
205,1.0,masa,25,curv,0,0,1,4,0.934,1
204,1.0,masa,24,d1,0,0,0,1,0.16,1
204,1.0,masa,24,d2,0,0,1,5,0.91,1
204,1.0,masa,24,d3,0,0,1,5,0.962,1
204,1.0,masa,24,d4,0,0,1,4,1.0,1
204,1.0,masa,24,curv,0,0,1,4,0.956,1
206,1.0,masa,26,d1,0,0,0,3,0.113,1
206,1.0,masa,26,d2,0,0,1,5,0.924,1
206,1.0,masa,26,d3,0,0,1,4,0.991,1
206,1.0,masa,26,d4,0,0,1,5,0.973,0
206,1.0,masa,26,curv,0,0,1,4,0.961,0
207,1.0,masa,27,d1,0,0,0,2,0.105,1
207,1.0,masa,27,d2,0,0,1,5,0.91,1
207,1.0,masa,27,d3,0,0,1,5,0.985,1
207,1.0,masa,27,d4,0,0,1,3,0.996,1
207,1.0,masa,27,curv,0,0,1,5,0.956,1
209,1.0,masa,29,d1,0,0,0,3,0.172,1
209,1.0,masa,29,d2,0,0,1,5,0.875,1
209,1.0,masa,29,d3,0,0,1,4,0.977,1
209,1.0,masa,29,d4,0,0,1,4,0.98,1
209,1.0,masa,29,curv,0,0,1,4,0.931,1
208,1.0,masa,28,d1,0,0,0,1,0.145,1
208,1.0,masa,28,d2,0,0,1,5,0.941,1
208,1.0,masa,28,d3,0,0,1,4,0.971,1
208,1.0,masa,28,d4,0,0,1,4,0.992,1
208,1.0,masa,28,curv,0,0,1,5,0.97,1
210,1.0,grado,0,d1,0,0,0,4,0.129,1
210,1.0,grado,0,d2,0,0,1,5,0.976,1
210,1.0,grado,0,d3,0,0,1,4,0.994,1
210,1.0,grado,0,d4,0,0,1,2,1.0,1
210,1.0,grado,0,curv,0,0,1,4,0.986,1
213,1.0,grado,3,d1,0,0,0,1,0.23,1
213,1.0,grado,3,d2,0,0,1,5,0.969,1
213,1.0,grado,3,d3,0,0,1,4,0.991,1
213,1.0,grado,3,d4,0,0,1,4,1.0,1
213,1.0,grado,3,curv,0,0,1,5,0.994,1
211,1.0,grado,1,d1,0,0,0,5,0.195,1
211,1.0,grado,1,d2,0,0,1,4,0.986,1
211,1.0,grado,1,d3,0,0,1,4,0.997,1
211,1.0,grado,1,d4,0,0,1,3,1.0,1
211,1.0,grado,1,curv,0,0,1,5,0.986,1
212,1.0,grado,2,d1,0,0,0,2,0.172,1
212,1.0,grado,2,d2,0,0,1,4,0.972,1
212,1.0,grado,2,d3,0,0,1,4,0.994,1
212,1.0,grado,2,d4,0,0,1,3,0.996,1
212,1.0,grado,2,curv,0,0,1,4,0.989,1
214,1.0,grado,4,d1,0,0,0,2,0.223,1
214,1.0,grado,4,d2,0,0,1,4,0.979,1
214,1.0,grado,4,d3,0,0,1,5,0.997,1
214,1.0,grado,4,d4,0,0,1,4,0.996,1
214,1.0,grado,4,curv,0,0,1,4,0.986,1
215,1.0,grado,5,d1,0,0,1,4,0.504,1
215,1.0,grado,5,d2,0,0,1,4,0.976,1
215,1.0,grado,5,d3,0,0,1,3,0.997,1
215,1.0,grado,5,d4,0,0,1,5,1.0,1
215,1.0,grado,5,curv,0,0,1,5,0.994,1
216,1.0,grado,6,d1,0,0,0,1,0.234,1
216,1.0,grado,6,d2,0,0,1,4,0.986,1
216,1.0,grado,6,d3,0,0,1,5,0.997,1
216,1.0,grado,6,d4,0,0,1,4,1.0,1
216,1.0,grado,6,curv,0,0,1,4,0.986,1
220,1.0,grado,10,d1,0,0,0,2,0.168,1
220,1.0,grado,10,d2,0,0,1,4,0.99,1
220,1.0,grado,10,d3,0,0,1,4,0.997,1
220,1.0,grado,10,d4,0,0,1,2,1.0,1
220,1.0,grado,10,curv,0,0,1,4,0.964,1
217,1.0,grado,7,d1,0,0,0,4,0.199,1
217,1.0,grado,7,d2,0,0,1,5,0.965,1
217,1.0,grado,7,d3,0,0,1,4,0.991,1
217,1.0,grado,7,d4,0,0,1,3,1.0,1
217,1.0,grado,7,curv,0,0,1,4,0.986,1
218,1.0,grado,8,d1,0,0,0,3,0.191,1
218,1.0,grado,8,d2,0,0,1,4,0.972,1
218,1.0,grado,8,d3,0,0,1,4,0.997,1
218,1.0,grado,8,d4,0,0,1,4,1.0,1
218,1.0,grado,8,curv,0,0,1,4,0.986,1
221,1.0,grado,11,d1,0,0,0,3,0.148,1
221,1.0,grado,11,d2,0,0,1,4,0.969,1
221,1.0,grado,11,d3,0,0,1,5,0.994,1
221,1.0,grado,11,d4,0,0,1,3,1.0,1
221,1.0,grado,11,curv,0,0,1,4,0.978,0
219,1.0,grado,9,d1,0,0,0,2,0.172,1
219,1.0,grado,9,d2,0,0,1,5,0.986,1
219,1.0,grado,9,d3,0,0,1,3,0.997,1
219,1.0,grado,9,d4,0,0,1,3,1.0,1
219,1.0,grado,9,curv,0,0,1,4,0.983,1
222,1.0,grado,12,d1,0,0,0,3,0.344,1
222,1.0,grado,12,d2,0,0,1,5,0.965,1
222,1.0,grado,12,d3,0,0,1,4,0.991,1
222,1.0,grado,12,d4,0,0,1,4,1.0,1
222,1.0,grado,12,curv,0,0,1,4,0.978,1
223,1.0,grado,13,d1,0,0,0,1,0.289,1
223,1.0,grado,13,d2,0,0,1,4,0.948,1
223,1.0,grado,13,d3,0,0,1,4,0.994,1
223,1.0,grado,13,d4,0,0,1,4,0.996,1
223,1.0,grado,13,curv,0,0,1,4,0.986,1
224,1.0,grado,14,d1,0,0,0,4,0.234,1
224,1.0,grado,14,d2,0,0,1,4,0.979,1
224,1.0,grado,14,d3,0,0,1,4,0.994,1
224,1.0,grado,14,d4,0,0,1,3,1.0,1
224,1.0,grado,14,curv,0,0,1,4,0.986,1
225,1.0,grado,15,d1,0,0,0,3,0.211,1
225,1.0,grado,15,d2,0,0,1,5,0.969,1
225,1.0,grado,15,d3,0,0,1,3,0.997,1
225,1.0,grado,15,d4,0,0,1,3,1.0,1
225,1.0,grado,15,curv,0,0,1,4,0.981,1
227,1.0,grado,17,d1,0,0,0,3,0.18,1
227,1.0,grado,17,d2,0,0,1,4,0.962,1
227,1.0,grado,17,d3,0,0,1,3,0.997,1
227,1.0,grado,17,d4,0,0,1,3,0.996,1
227,1.0,grado,17,curv,0,0,1,4,0.986,1
226,1.0,grado,16,d1,0,0,0,3,0.148,1
226,1.0,grado,16,d2,0,0,1,5,0.986,1
226,1.0,grado,16,d3,0,0,1,3,0.994,1
226,1.0,grado,16,d4,0,0,1,4,1.0,1
226,1.0,grado,16,curv,0,0,1,5,0.97,1
228,1.0,grado,18,d1,0,0,0,4,0.18,0
228,1.0,grado,18,d2,0,0,1,4,0.972,0
228,1.0,grado,18,d3,0,0,1,4,0.997,0
228,1.0,grado,18,d4,0,0,1,4,0.996,0
228,1.0,grado,18,curv,0,0,1,5,0.975,0
229,1.0,grado,19,d1,0,0,0,2,0.336,1
229,1.0,grado,19,d2,0,0,1,4,0.99,1
229,1.0,grado,19,d3,0,0,1,3,1.0,1
229,1.0,grado,19,d4,0,0,1,3,1.0,1
229,1.0,grado,19,curv,0,0,1,4,0.981,1
231,1.0,grado,21,d1,0,0,0,4,0.199,1
231,1.0,grado,21,d2,0,0,1,5,0.976,1
231,1.0,grado,21,d3,0,0,1,4,0.994,1
231,1.0,grado,21,d4,0,0,1,3,1.0,1
231,1.0,grado,21,curv,0,0,1,5,0.981,1
230,1.0,grado,20,d1,0,0,0,1,0.152,1
230,1.0,grado,20,d2,0,0,1,4,0.969,1
230,1.0,grado,20,d3,0,0,1,4,1.0,1
230,1.0,grado,20,d4,0,0,1,3,1.0,1
230,1.0,grado,20,curv,0,0,1,4,0.981,1
232,1.0,grado,22,d1,0,0,0,1,0.109,1
232,1.0,grado,22,d2,0,0,1,4,0.969,1
232,1.0,grado,22,d3,0,0,1,3,0.994,1
232,1.0,grado,22,d4,0,0,1,3,1.0,1
232,1.0,grado,22,curv,0,0,1,4,0.983,1
233,1.0,grado,23,d1,0,0,0,3,0.242,1
233,1.0,grado,23,d2,0,0,1,4,0.976,1
233,1.0,grado,23,d3,0,0,1,3,0.997,1
233,1.0,grado,23,d4,0,0,1,4,1.0,1
233,1.0,grado,23,curv,0,0,1,4,0.978,1
235,1.0,grado,25,d1,0,0,0,5,0.137,1
235,1.0,grado,25,d2,0,0,1,5,0.979,1
235,1.0,grado,25,d3,0,0,1,4,0.991,1
235,1.0,grado,25,d4,0,0,1,4,1.0,1
235,1.0,grado,25,curv,0,0,1,4,0.978,1
234,1.0,grado,24,d1,0,0,0,4,0.145,1
234,1.0,grado,24,d2,0,0,1,4,0.979,1
234,1.0,grado,24,d3,0,0,1,4,0.997,1
234,1.0,grado,24,d4,0,0,1,5,0.996,1
234,1.0,grado,24,curv,0,0,1,5,0.989,1
236,1.0,grado,26,d1,0,1,0,3,0.176,1
236,1.0,grado,26,d2,0,0,1,3,0.972,1
236,1.0,grado,26,d3,0,0,1,5,0.988,1
236,1.0,grado,26,d4,0,0,1,2,1.0,0
236,1.0,grado,26,curv,0,0,1,5,0.986,0
239,1.0,grado,29,d1,0,0,0,4,0.121,1
239,1.0,grado,29,d2,0,0,1,4,0.99,1
239,1.0,grado,29,d3,0,0,1,3,0.994,1
239,1.0,grado,29,d4,0,0,1,2,1.0,1
239,1.0,grado,29,curv,0,0,1,4,0.981,1
238,1.0,grado,28,d1,0,0,0,4,0.133,1
238,1.0,grado,28,d2,0,0,1,5,0.976,1
238,1.0,grado,28,d3,0,0,1,4,1.0,1
238,1.0,grado,28,d4,0,0,1,3,1.0,1
238,1.0,grado,28,curv,0,0,1,5,0.986,1
237,1.0,grado,27,d1,0,0,0,4,0.164,1
237,1.0,grado,27,d2,0,0,1,6,0.969,1
237,1.0,grado,27,d3,0,0,1,3,0.994,1
237,1.0,grado,27,d4,0,0,1,3,1.0,1
237,1.0,grado,27,curv,0,0,1,5,0.972,1
240,1.0,null,0,d1,0,0,0,3,0.227,1
240,1.0,null,0,d2,0,0,1,6,0.903,1
240,1.0,null,0,d3,0,0,1,5,0.988,1
240,1.0,null,0,d4,0,0,1,4,0.992,1
240,1.0,null,0,curv,0,0,1,5,0.958,1
242,1.0,null,2,d1,0,0,0,2,0.145,1
242,1.0,null,2,d2,0,0,1,6,0.872,1
242,1.0,null,2,d3,0,0,1,4,0.977,1
242,1.0,null,2,d4,0,0,1,4,0.996,1
242,1.0,null,2,curv,0,0,1,4,0.956,1
241,1.0,null,1,d1,0,0,0,1,0.168,1
241,1.0,null,1,d2,0,0,1,7,0.903,1
241,1.0,null,1,d3,0,0,1,4,0.977,1
241,1.0,null,1,d4,0,0,1,4,0.984,1
241,1.0,null,1,curv,0,0,1,4,0.961,1
243,1.0,null,3,d1,0,0,0,1,0.285,1
243,1.0,null,3,d2,0,0,1,5,0.924,1
243,1.0,null,3,d3,0,0,1,5,0.974,1
243,1.0,null,3,d4,0,0,1,4,1.0,1
243,1.0,null,3,curv,0,0,1,4,0.95,1
244,1.0,null,4,d1,0,0,0,3,0.125,1
244,1.0,null,4,d2,0,0,1,5,0.917,1
244,1.0,null,4,d3,0,0,1,6,0.968,1
244,1.0,null,4,d4,0,0,1,4,0.988,1
244,1.0,null,4,curv,0,0,1,5,0.945,1
245,1.0,null,5,d1,0,0,0,2,0.129,1
245,1.0,null,5,d2,0,0,1,4,0.927,1
245,1.0,null,5,d3,0,0,1,4,0.977,1
245,1.0,null,5,d4,0,0,1,5,0.988,1
245,1.0,null,5,curv,0,0,1,5,0.958,1
247,1.0,null,7,d1,0,0,0,5,0.164,1
247,1.0,null,7,d2,0,0,1,7,0.913,1
247,1.0,null,7,d3,0,0,1,4,0.959,1
247,1.0,null,7,d4,0,0,1,4,0.992,1
247,1.0,null,7,curv,0,0,1,5,0.958,1
246,1.0,null,6,d1,0,0,0,3,0.176,1
246,1.0,null,6,d2,0,0,1,5,0.92,1
246,1.0,null,6,d3,0,0,1,4,0.985,1
246,1.0,null,6,d4,0,0,1,5,0.988,1
246,1.0,null,6,curv,0,0,1,5,0.95,1
248,1.0,null,8,d1,0,0,0,6,0.145,1
248,1.0,null,8,d2,0,0,1,8,0.924,1
248,1.0,null,8,d3,0,0,1,5,0.983,1
248,1.0,null,8,d4,0,0,1,4,0.988,1
248,1.0,null,8,curv,0,0,1,4,0.953,1
249,1.0,null,9,d1,0,1,0,3,0.102,1
249,1.0,null,9,d2,0,0,1,5,0.913,1
249,1.0,null,9,d3,0,0,1,4,0.98,1
249,1.0,null,9,d4,0,0,1,4,0.996,1
249,1.0,null,9,curv,0,0,1,5,0.945,1
250,1.0,null,10,d1,0,0,0,1,0.176,1
250,1.0,null,10,d2,0,0,1,6,0.913,1
250,1.0,null,10,d3,0,0,1,4,0.983,1
250,1.0,null,10,d4,0,0,1,5,0.992,1
250,1.0,null,10,curv,0,0,1,6,0.945,1
251,1.0,null,11,d1,0,0,0,4,0.094,1
251,1.0,null,11,d2,0,0,1,6,0.913,1
251,1.0,null,11,d3,0,0,1,4,0.977,1
251,1.0,null,11,d4,0,0,1,4,0.988,1
251,1.0,null,11,curv,0,0,1,4,0.95,0
252,1.0,null,12,d1,0,0,0,2,0.145,1
252,1.0,null,12,d2,0,0,1,5,0.9,1
252,1.0,null,12,d3,0,0,1,4,0.985,1
252,1.0,null,12,d4,0,0,1,4,0.977,1
252,1.0,null,12,curv,0,0,1,4,0.956,1
253,1.0,null,13,d1,0,0,0,2,0.105,1
253,1.0,null,13,d2,0,0,1,5,0.934,1
253,1.0,null,13,d3,0,0,1,5,0.971,1
253,1.0,null,13,d4,0,0,1,4,0.996,1
253,1.0,null,13,curv,0,0,1,6,0.961,1
255,1.0,null,15,d1,0,0,0,2,0.145,1
255,1.0,null,15,d2,0,0,1,5,0.907,1
255,1.0,null,15,d3,0,0,1,5,0.977,1
255,1.0,null,15,d4,0,0,1,4,0.996,1
255,1.0,null,15,curv,0,0,1,6,0.95,1
254,1.0,null,14,d1,0,0,0,4,0.16,1
254,1.0,null,14,d2,0,0,1,4,0.941,1
254,1.0,null,14,d3,0,0,1,4,0.968,1
254,1.0,null,14,d4,0,0,1,4,0.992,1
254,1.0,null,14,curv,0,0,1,4,0.942,1
256,1.0,null,16,d1,0,0,0,4,0.117,1
256,1.0,null,16,d2,0,0,1,6,0.869,1
256,1.0,null,16,d3,0,0,1,4,0.98,1
256,1.0,null,16,d4,0,0,1,4,0.984,1
256,1.0,null,16,curv,0,0,1,5,0.947,1
257,1.0,null,17,d1,0,0,0,6,0.148,1
257,1.0,null,17,d2,0,0,1,4,0.938,1
257,1.0,null,17,d3,0,0,1,4,0.968,1
257,1.0,null,17,d4,0,0,1,5,0.992,1
257,1.0,null,17,curv,0,0,1,4,0.947,1
261,1.0,null,21,d1,0,0,0,4,0.207,1
261,1.0,null,21,d2,0,0,0,1,0.986,1
261,1.0,null,21,d3,0,0,1,4,0.977,1
261,1.0,null,21,d4,0,0,1,4,0.977,1
261,1.0,null,21,curv,0,0,1,4,0.922,1
258,1.0,null,18,d1,0,0,0,4,0.125,0
258,1.0,null,18,d2,0,0,1,6,0.927,0
258,1.0,null,18,d3,0,0,1,5,0.971,0
258,1.0,null,18,d4,0,0,1,4,0.988,0
258,1.0,null,18,curv,0,0,1,4,0.947,0
259,1.0,null,19,d1,0,0,0,1,0.113,1
259,1.0,null,19,d2,0,0,1,5,0.907,1
259,1.0,null,19,d3,0,0,1,5,0.988,1
259,1.0,null,19,d4,0,0,1,4,0.992,1
259,1.0,null,19,curv,0,0,1,7,0.956,1
260,1.0,null,20,d1,0,1,0,3,0.164,1
260,1.0,null,20,d2,0,0,1,6,0.889,1
260,1.0,null,20,d3,0,0,1,4,0.959,1
260,1.0,null,20,d4,0,0,1,4,0.996,1
260,1.0,null,20,curv,0,0,1,5,0.967,1
263,1.0,null,23,d1,0,0,0,1,0.109,1
263,1.0,null,23,d2,0,0,1,6,0.91,1
263,1.0,null,23,d3,0,0,1,4,0.977,1
263,1.0,null,23,d4,0,0,1,4,0.992,1
263,1.0,null,23,curv,0,0,1,4,0.958,1
262,1.0,null,22,d1,0,0,0,3,0.094,1
262,1.0,null,22,d2,0,0,1,4,0.931,1
262,1.0,null,22,d3,0,0,1,4,0.985,1
262,1.0,null,22,d4,0,0,1,5,0.988,1
262,1.0,null,22,curv,0,0,1,4,0.967,1
264,1.0,null,24,d1,0,1,0,6,0.129,1
264,1.0,null,24,d2,0,0,1,7,0.92,1
264,1.0,null,24,d3,0,0,1,5,0.991,1
264,1.0,null,24,d4,0,0,1,4,0.988,1
264,1.0,null,24,curv,0,0,1,4,0.953,1
265,1.0,null,25,d1,0,0,0,3,0.121,1
265,1.0,null,25,d2,0,0,1,9,0.893,1
265,1.0,null,25,d3,0,0,1,4,0.98,1
265,1.0,null,25,d4,0,0,1,5,0.992,1
265,1.0,null,25,curv,0,0,1,5,0.953,1
266,1.0,null,26,d1,0,0,0,2,0.137,1
266,1.0,null,26,d2,0,0,1,4,0.886,1
266,1.0,null,26,d3,0,0,1,4,0.983,1
266,1.0,null,26,d4,0,0,1,4,0.988,0
266,1.0,null,26,curv,0,0,1,4,0.945,0
267,1.0,null,27,d1,0,0,0,4,0.145,1
267,1.0,null,27,d2,0,0,1,8,0.948,1
267,1.0,null,27,d3,0,0,1,5,0.971,1
267,1.0,null,27,d4,0,0,1,4,0.988,1
267,1.0,null,27,curv,0,0,1,4,0.942,1
268,1.0,null,28,d1,0,0,0,7,0.145,1
268,1.0,null,28,d2,0,0,1,4,0.917,1
268,1.0,null,28,d3,0,0,1,4,0.98,1
268,1.0,null,28,d4,0,0,1,4,0.98,1
268,1.0,null,28,curv,0,0,1,5,0.947,1
269,1.0,null,29,d1,0,0,0,3,0.148,1
269,1.0,null,29,d2,0,0,1,7,0.91,1
269,1.0,null,29,d3,0,0,1,4,0.965,1
269,1.0,null,29,d4,0,0,1,5,0.988,1
269,1.0,null,29,curv,0,0,1,4,0.972,1
