rule_id,seed,lote,motivo_seleccion,rol_fase5b,K,J,noise,meandeg,kcap,n_nodos,grado_inicial_medio,grado_inicial_cv,unif_reproduce_motor,n_aristas_motor,n_aristas_dif_vs_motor,pendiente_corregida_fase5b_ref,frac_masa_fase5b,kappa_v_fase5b,multiconjunto_alineado_vs_permutado,multiconjunto_alineado_vs_anti,seed_perm,seed_anti,cupo_media_unif,cupo_cv_unif,cupo_min_unif,cupo_max_unif,cupo_suma_unif,rho_cupo_grado_unif,cupo_media_alineado,cupo_cv_alineado,cupo_min_alineado,cupo_max_alineado,cupo_suma_alineado,rho_cupo_grado_alineado,cupo_media_permutado,cupo_cv_permutado,cupo_min_permutado,cupo_max_permutado,cupo_suma_permutado,rho_cupo_grado_permutado,cupo_media_anti,cupo_cv_anti,cupo_min_anti,cupo_max_anti,cupo_suma_anti,rho_cupo_grado_anti,jaccard_alineado_permutado,jaccard_alineado_anti,jaccard_alineado_unif,jaccard_alin_dil_perm_dil,n_aristas_unif,clustering_local_unif,transitividad_unif,n_triangulos_unif,gigante_unif,grado_medio_unif,pendiente_corregida_unif,z_agg_unif,z_sostenido_unif,diams_unif,n_cajas_unif,n_aristas_alineado,clustering_local_alineado,transitividad_alineado,n_triangulos_alineado,gigante_alineado,grado_medio_alineado,pendiente_corregida_alineado,z_agg_alineado,z_sostenido_alineado,diams_alineado,n_cajas_alineado,n_aristas_permutado,clustering_local_permutado,transitividad_permutado,n_triangulos_permutado,gigante_permutado,grado_medio_permutado,pendiente_corregida_permutado,z_agg_permutado,z_sostenido_permutado,diams_permutado,n_cajas_permutado,n_aristas_anti,clustering_local_anti,transitividad_anti,n_triangulos_anti,gigante_anti,grado_medio_anti,pendiente_corregida_anti,z_agg_anti,z_sostenido_anti,diams_anti,n_cajas_anti,n_aristas_alin_dil,clustering_local_alin_dil,transitividad_alin_dil,n_triangulos_alin_dil,gigante_alin_dil,grado_medio_alin_dil,pendiente_corregida_alin_dil,z_agg_alin_dil,z_sostenido_alin_dil,diams_alin_dil,n_cajas_alin_dil,n_aristas_perm_dil,clustering_local_perm_dil,transitividad_perm_dil,n_triangulos_perm_dil,gigante_perm_dil,grado_medio_perm_dil,pendiente_corregida_perm_dil,z_agg_perm_dil,z_sostenido_perm_dil,diams_perm_dil,n_cajas_perm_dil,aristas_identicas_en_brazos_dinamica,d_aristas_alineado_menos_permutado,d_aristas_alineado_menos_anti,M_objetivo_diluido,n_quitadas_alin_dil,n_quitadas_perm_dil,densidad_igualada_en_el_trio,meta5b_existe,meta5b_rule_id_ok,meta5b_seed_ok,meta5b_n_aristas,meta5b_n_aristas_coincide,meta5b_ruta,carpeta_alineado,carpeta_permutado,carpeta_anti,carpeta_alin_dil,carpeta_perm_dil,t_cupos_s,t_dinamica_s,t_verif_motor_s,t_clustering_s,t_pendiente_s,t_ic_s,t_total_s
A2-B0-C2-r9,272702,271828,min_pendiente_lote_271828,I,5,0.493,0.244,4.25,7,2000,4.25,0.48532798455802617,True,3939,0,0.5562821419510406,0.08050000000000002,0.3859649122807018,True,True,2646845629,2646845641,7.0,0.0,7,7,14000,nan,7.096,0.4804425646492894,1,20,14192,1.0,7.096,0.4804425646492894,1,20,14192,0.01550967877469282,7.096,0.4804425646492894,1,20,14192,-0.9802742952165726,0.7623382846190704,0.5813730196831493,0.9334769083512802,0.4124098124098124,3939,0.0012857142857142856,0.0016175776774280514,8,1957,3.939,0.5531006665758372,0.9398511621266321,False,"[10.0, 9.0, 6.0, 5.0, 4.0]","[2000, 1155, 736, 487, 354]",4141,0.0005813492063492064,0.0008783229886403561,5,1964,4.141,0.5915874199590554,0.0,False,"[11.0, 8.0, 6.0, 5.0, 4.0]","[2000, 1162, 736, 491, 377]",3215,0.0015222222222222221,0.0017753230101587927,6,1929,3.215,0.7128478443070169,0.9520557536648655,False,"[13.0, 9.0, 6.0, 6.0, 4.0]","[2000, 1209, 762, 559, 424]",2447,0.0037833333333333334,0.0034655371582595304,6,1854,2.447,0.8404073762492781,0.6380730611704396,False,"[18.0, 13.0, 9.0, 7.0, 5.0]","[2000, 1244, 827, 571, 456]",2447,0.0004238095238095238,0.0010090817356205853,2,1770,2.447,1.0981298500660903,0.550103953572758,False,"[21.0, 13.0, 9.0, 6.0, 5.0]","[2000, 1269, 882, 658, 530]",2447,0.0009166666666666666,0.0015332197614991482,3,1806,2.447,1.0089379590840877,0.8261929081708823,False,"[19.0, 13.0, 11.0, 6.0, 5.0]","[2000, 1251, 866, 633, 533]",False,926,1694,2447,1694,768,True,True,True,True,3939,True,/Users/alexis/phantom_cs073/bateria_fase5b_a2b0c2_piloto/A2-B0-C2-r9_I/meta_regla.json,/Users/alexis/phantom_cs073/bateria_fase7_f706_cupos_alineados/A2-B0-C2-r9_f706_alineado,/Users/alexis/phantom_cs073/bateria_fase7_f706_cupos_alineados/A2-B0-C2-r9_f706_permutado,/Users/alexis/phantom_cs073/bateria_fase7_f706_cupos_alineados/A2-B0-C2-r9_f706_anti,/Users/alexis/phantom_cs073/bateria_fase7_f706_cupos_alineados/A2-B0-C2-r9_f706_alin_dil,/Users/alexis/phantom_cs073/bateria_fase7_f706_cupos_alineados/A2-B0-C2-r9_f706_perm_dil,0.08,5.24,1.48,0.07,2.13,882.9,891.97
A2-B0-C2-r19,273672,271828,mediana_pendiente_lote_271828,III,5,0.341,0.326,4.02,7,2000,4.019,0.49374185312196406,True,3679,0,0.7198659721923732,0.08700000000000001,0.43636363636363634,True,True,2656260449,2656260461,7.0,0.0,7,7,14000,nan,6.9075,0.5023951467213184,1,19,13815,1.0,6.9075,0.5023951467213185,1,19,13815,0.03005147107447035,6.9075,0.5023951467213185,1,19,13815,-0.9737962613836837,0.7412872042737217,0.5629648627853295,0.9156075241484494,0.39594383775351016,3679,0.0010047619047619048,0.001393512425485794,6,1955,3.679,0.6730652317833353,0.1948736042769376,False,"[12.0, 9.0, 7.0, 5.0, 4.0]","[2000, 1166, 732, 520, 391]",3857,0.0008857142857142857,0.0012244897959183673,6,1961,3.857,0.5570752684482894,0.707106779686548,False,"[10.0, 8.0, 6.0, 5.0, 4.0]","[2000, 1166, 736, 507, 395]",2988,0.002667857142857143,0.002437043054427295,7,1914,2.988,0.6418987454242903,0.9141620163685641,False,"[12.0, 12.0, 7.0, 6.0, 5.0]","[2000, 1215, 808, 580, 444]",2237,0.0035833333333333333,0.0028388928317956,4,1798,2.237,1.1220208926950146,2.825938745968981,False,"[26.0, 19.0, 11.0, 8.0, 5.0]","[2000, 1256, 821, 583, 480]",2237,0.0,0.0,0,1716,2.237,1.0522156530727316,2.0273212229742734,False,"[19.0, 12.0, 10.0, 6.0, 5.0]","[2000, 1276, 890, 671, 577]",2237,0.00215,0.002481902792140641,4,1726,2.237,1.1419122842565774,1.054838060131893,False,"[21.0, 17.0, 9.0, 7.0, 5.0]","[2000, 1277, 884, 686, 540]",False,869,1620,2237,1620,751,True,True,True,True,3679,True,/Users/alexis/phantom_cs073/bateria_fase5b_a2b0c2_piloto/A2-B0-C2-r19_III/meta_regla.json,/Users/alexis/phantom_cs073/bateria_fase7_f706_cupos_alineados/A2-B0-C2-r19_f706_alineado,/Users/alexis/phantom_cs073/bateria_fase7_f706_cupos_alineados/A2-B0-C2-r19_f706_permutado,/Users/alexis/phantom_cs073/bateria_fase7_f706_cupos_alineados/A2-B0-C2-r19_f706_anti,/Users/alexis/phantom_cs073/bateria_fase7_f706_cupos_alineados/A2-B0-C2-r19_f706_alin_dil,/Users/alexis/phantom_cs073/bateria_fase7_f706_cupos_alineados/A2-B0-C2-r19_f706_perm_dil,0.37,20.14,5.26,0.38,10.55,1503.4,1540.51
A2-B0-C2-r14,273187,271828,max_pendiente_lote_271828,III,8,0.567,0.198,5.76,5,2000,5.76,0.42757001403062417,True,3296,0,0.7728999554058272,0.09900000000000003,0.5151515151515152,True,True,2651553039,2651553051,5.0,0.0,5,5,10000,nan,4.9295,0.4412167772265046,1,14,9859,0.9938864299250392,4.9295,0.4412167772265046,1,14,9859,-0.012088463426829356,4.9295,0.4412167772265046,1,14,9859,-0.9784987443226699,0.5079399608440287,0.38068935041979673,0.5955056179775281,0.26337328266588717,3296,0.004966666666666667,0.005912863070539419,19,1926,3.296,0.7893306509717354,1.2626386077878904,False,"[17.0, 11.0, 6.0, 5.0, 5.0]","[2000, 1176, 737, 492, 377]",4088,0.003915512265512265,0.0034119988626670457,20,1939,4.088,0.5652439313592793,0.5656854237492379,False,"[10.0, 8.0, 6.0, 5.0, 4.0]","[2000, 1180, 758, 519, 403]",2844,0.011794047619047619,0.00856398163087998,23,1857,2.844,1.032569513813001,1.4142135599730945,False,"[18.0, 12.0, 7.0, 6.0, 4.0]","[2000, 1246, 809, 607, 484]",2161,0.015483333333333335,0.013071895424836602,18,1757,2.161,1.1461044888843657,0.9019574242303309,False,"[23.0, 17.0, 12.0, 7.0, 5.0]","[2000, 1292, 876, 655, 526]",2161,0.0013095238095238095,0.002390438247011952,4,1626,2.161,1.052261188836643,2.604418610273476,False,"[16.0, 12.0, 9.0, 6.0, 5.0]","[2000, 1324, 947, 761, 660]",2161,0.0074142857142857135,0.007116670260944576,11,1680,2.161,1.0254928059436847,0.9676142641081921,False,"[20.0, 15.0, 11.0, 7.0, 6.0]","[2000, 1296, 909, 698, 606]",False,1244,1927,2161,1927,683,True,True,True,True,3296,True,/Users/alexis/phantom_cs073/bateria_fase5b_a2b0c2_piloto/A2-B0-C2-r14_III/meta_regla.json,/Users/alexis/phantom_cs073/bateria_fase7_f706_cupos_alineados/A2-B0-C2-r14_f706_alineado,/Users/alexis/phantom_cs073/bateria_fase7_f706_cupos_alineados/A2-B0-C2-r14_f706_permutado,/Users/alexis/phantom_cs073/bateria_fase7_f706_cupos_alineados/A2-B0-C2-r14_f706_anti,/Users/alexis/phantom_cs073/bateria_fase7_f706_cupos_alineados/A2-B0-C2-r14_f706_alin_dil,/Users/alexis/phantom_cs073/bateria_fase7_f706_cupos_alineados/A2-B0-C2-r14_f706_perm_dil,0.44,21.41,5.81,0.3,10.62,1503.87,1542.7
A2-B0-C2-r2,372023,371828,min_pendiente_lote_371828,I,5,0.517,0.323,5.74,6,2000,5.74,0.42504426584817107,True,4094,0,0.5395267020843031,0.07600000000000001,0.5000000000000001,True,True,3610855255,3610855267,6.0,0.0,6,6,12000,nan,5.7605,0.4309638346120364,1,15,11521,0.9999972534603229,5.7605,0.4309638346120364,1,15,11521,-0.03380082178339117,5.7605,0.4309638346120364,1,15,11521,-0.9884256289341614,0.5727962427745664,0.44646098003629764,0.7112714156898107,0.28364905284147557,4094,0.0032333333333333333,0.002970100983433437,15,1971,4.094,0.5528223615799522,0.14142135593730937,False,"[11.0, 8.0, 6.0, 5.0, 4.0]","[2000, 1147, 684, 447, 339]",5395,0.0012494949494949495,0.0014278914802475012,14,1991,5.395,0.4525054314504619,0.1948736042769372,False,"[9.0, 6.0, 5.0, 4.0, 4.0]","[2000, 1129, 669, 460, 319]",3312,0.006863888888888889,0.004174009832112049,15,1922,3.312,0.7273291563517528,0.527791685852937,False,"[15.0, 9.0, 6.0, 5.0, 5.0]","[2000, 1197, 766, 548, 411]",2575,0.009183333333333333,0.005123825789923143,10,1845,2.575,0.8336179227775424,0.6208146316164124,False,"[17.0, 13.0, 8.0, 7.0, 5.0]","[2000, 1237, 816, 586, 472]",2575,0.00034047619047619047,0.0008998200359928015,2,1803,2.575,1.0143896070141647,0.7622359875537221,False,"[17.0, 14.0, 8.0, 6.0, 5.0]","[2000, 1262, 867, 652, 567]",2575,0.002807142857142857,0.0027902650751821423,6,1827,2.575,1.0050798370026617,0.9209157733450581,False,"[20.0, 13.0, 9.0, 6.0, 5.0]","[2000, 1240, 849, 609, 492]",False,2083,2820,2575,2820,737,True,True,True,True,4094,True,/Users/alexis/phantom_cs073/bateria_fase5b_a2b0c2_escala_v2/A2-B0-C2-r2_I/meta_regla.json,/Users/alexis/phantom_cs073/bateria_fase7_f706_cupos_alineados/A2-B0-C2-r2_f706_alineado,/Users/alexis/phantom_cs073/bateria_fase7_f706_cupos_alineados/A2-B0-C2-r2_f706_permutado,/Users/alexis/phantom_cs073/bateria_fase7_f706_cupos_alineados/A2-B0-C2-r2_f706_anti,/Users/alexis/phantom_cs073/bateria_fase7_f706_cupos_alineados/A2-B0-C2-r2_f706_alin_dil,/Users/alexis/phantom_cs073/bateria_fase7_f706_cupos_alineados/A2-B0-C2-r2_f706_perm_dil,0.4,21.88,5.82,0.54,12.66,1503.37,1545.28
A2-B0-C2-r28,374545,371828,mediana_pendiente_lote_371828,III,6,0.47,0.23,7.76,6,2000,7.76,0.3602121087799837,True,3947,0,0.7055880853285688,0.08950000000000002,0.4285714285714286,True,True,3635333787,3635333799,6.0,0.0,6,6,12000,nan,6.0065,0.3693391957333773,1,15,12013,0.9916659045463159,6.0065,0.3693391957333773,1,15,12013,-0.025647657808390685,6.0065,0.3693391957333773,1,15,12013,-0.9783699233601169,0.5058823529411764,0.42645099904852524,0.5912533131389626,0.33567817102659925,3947,0.010516666666666665,0.0076262452765372725,37,1947,3.947,0.6864755601172486,0.42426406811192885,False,"[13.0, 9.0, 6.0, 5.0, 4.0]","[2000, 1176, 717, 473, 368]",4458,0.010721031746031746,0.005035199776213343,36,1891,4.458,0.59663562670513,0.3535533899182736,False,"[10.0, 8.0, 6.0, 5.0, 4.0]","[2000, 1189, 782, 557, 436]",3606,0.015376984126984128,0.008935390255078663,39,1921,3.606,0.75919673765427,0.848528135623857,False,"[13.0, 8.0, 6.0, 5.0, 4.0]","[2000, 1220, 786, 579, 445]",3038,0.022600000000000002,0.011243611584327087,33,1886,3.038,0.8058290881873051,0.3897472085538748,False,"[15.0, 11.0, 7.0, 5.0, 5.0]","[2000, 1239, 804, 588, 447]",3038,0.005682936507936508,0.003315250150693189,11,1796,3.038,0.9219237334131403,0.7639129469312687,False,"[13.0, 10.0, 7.0, 5.0, 4.0]","[2000, 1260, 892, 647, 554]",3038,0.01188452380952381,0.009371970268232253,29,1877,3.038,0.8900607966112065,0.24832585261656503,False,"[15.0, 11.0, 7.0, 6.0, 4.0]","[2000, 1246, 828, 597, 479]",False,852,1420,3038,1420,568,True,True,True,True,3947,True,/Users/alexis/phantom_cs073/bateria_fase5b_a2b0c2_escala_v2/A2-B0-C2-r28_III/meta_regla.json,/Users/alexis/phantom_cs073/bateria_fase7_f706_cupos_alineados/A2-B0-C2-r28_f706_alineado,/Users/alexis/phantom_cs073/bateria_fase7_f706_cupos_alineados/A2-B0-C2-r28_f706_permutado,/Users/alexis/phantom_cs073/bateria_fase7_f706_cupos_alineados/A2-B0-C2-r28_f706_anti,/Users/alexis/phantom_cs073/bateria_fase7_f706_cupos_alineados/A2-B0-C2-r28_f706_alin_dil,/Users/alexis/phantom_cs073/bateria_fase7_f706_cupos_alineados/A2-B0-C2-r28_f706_perm_dil,0.51,23.08,6.08,0.51,13.21,1503.98,1547.88
A2-B0-C2-r20,373769,371828,max_pendiente_lote_371828,III,5,0.302,0.292,4.7,6,2000,4.7,0.4653206568771838,True,3706,0,0.7745872074489132,0.08650000000000002,0.39784946236559127,True,True,3627801931,3627801943,6.0,0.0,6,6,12000,nan,6.014,0.45131122337967955,1,18,12028,0.9999742995757988,6.014,0.45131122337967955,1,18,12028,-0.037012483749067585,6.014,0.45131122337967955,1,18,12028,-0.9853661177114688,0.6506578947368421,0.5063848524878908,0.7803013758462546,0.34758155230596177,3706,0.0023166666666666665,0.0028945887271850123,12,1968,3.706,0.7081758225701758,0.3863703299156276,False,"[14.0, 9.0, 6.0, 5.0, 4.0]","[2000, 1161, 713, 467, 350]",4446,0.0014392857142857143,0.0015159937338925665,10,1976,4.446,0.5042503842292249,0.4397356198928587,False,"[10.0, 7.0, 5.0, 5.0, 4.0]","[2000, 1155, 707, 486, 347]",3081,0.004101190476190476,0.0029608509705011513,9,1914,3.081,0.7942786083959329,0.8485281356238566,False,"[14.0, 9.0, 7.0, 5.0, 4.0]","[2000, 1204, 786, 544, 428]",2396,0.0026333333333333334,0.0030450669914738123,5,1828,2.396,0.9058536947105,0.527791686002937,False,"[19.0, 13.0, 10.0, 6.0, 5.0]","[2000, 1247, 809, 577, 448]",2396,0.0010333333333333332,0.0005231037489102005,1,1761,2.396,1.179042399334332,0.669213042090246,False,"[21.0, 16.0, 10.0, 6.0, 5.0]","[2000, 1255, 872, 666, 560]",2396,0.0020499999999999997,0.002179440610243371,4,1758,2.396,1.0075512139006846,0.4949747461555834,False,"[18.0, 14.0, 9.0, 6.0, 5.0]","[2000, 1271, 869, 624, 543]",False,1365,2050,2396,2050,685,True,True,True,True,3706,True,/Users/alexis/phantom_cs073/bateria_fase5b_a2b0c2_escala_v2/A2-B0-C2-r20_III/meta_regla.json,/Users/alexis/phantom_cs073/bateria_fase7_f706_cupos_alineados/A2-B0-C2-r20_f706_alineado,/Users/alexis/phantom_cs073/bateria_fase7_f706_cupos_alineados/A2-B0-C2-r20_f706_permutado,/Users/alexis/phantom_cs073/bateria_fase7_f706_cupos_alineados/A2-B0-C2-r20_f706_anti,/Users/alexis/phantom_cs073/bateria_fase7_f706_cupos_alineados/A2-B0-C2-r20_f706_alin_dil,/Users/alexis/phantom_cs073/bateria_fase7_f706_cupos_alineados/A2-B0-C2-r20_f706_perm_dil,0.39,20.94,5.64,0.39,11.12,1501.91,1540.73
A2-B0-C2-batch3-r9,472702,471828,min_pendiente_lote_471828,I,7,0.343,0.205,6.02,6,2000,6.02,0.4029600413913433,True,4069,0,0.47896094159125624,0.07650000000000001,0.4130434782608696,True,True,4588045629,4588045641,6.0,0.0,6,6,12000,nan,6.0235,0.4014010923522126,1,16,12047,0.9999985195316426,6.0235,0.40140109235221255,1,16,12047,-0.0036661084186674978,6.0235,0.40140109235221255,1,16,12047,-0.9840346002694997,0.5766436292752082,0.46300588340167587,0.6646696035242291,0.3308235294117647,4069,0.0037333333333333333,0.003999200159968006,20,1966,4.069,0.5245653759654894,0.4949747460055832,False,"[11.0, 7.0, 6.0, 5.0, 4.0]","[2000, 1148, 682, 462, 330]",5378,0.0019745670995670998,0.0022731969415168423,22,1985,5.378,0.3737592494142597,0.14142135593730937,False,"[8.0, 7.0, 5.0, 5.0, 4.0]","[2000, 1126, 676, 447, 318]",3519,0.008875,0.005656665027053615,23,1944,3.519,0.7316897158262821,0.5122102156764564,False,"[13.0, 9.0, 6.0, 5.0, 4.0]","[2000, 1193, 771, 530, 398]",2828,0.0145,0.00919348098620978,22,1897,2.828,0.9454044708071242,0.973933593203002,False,"[18.0, 13.0, 7.0, 5.0, 5.0]","[2000, 1229, 784, 568, 446]",2828,0.00085,0.001151336829985928,3,1872,2.828,0.8755135491890756,0.5027105221210484,False,"[17.0, 12.0, 7.0, 6.0, 5.0]","[2000, 1221, 830, 602, 468]",2828,0.006180952380952381,0.0053735926305015355,14,1871,2.828,0.6690607717654777,0.6750749820702174,False,"[13.0, 10.0, 7.0, 6.0, 5.0]","[2000, 1226, 834, 592, 473]",False,1859,2550,2828,2550,691,True,True,True,True,4069,True,/Users/alexis/phantom_cs073/bateria_fase5b_a2b0c2_escala_v3/A2-B0-C2-batch3-r9_I/meta_regla.json,/Users/alexis/phantom_cs073/bateria_fase7_f706_cupos_alineados/A2-B0-C2-batch3-r9_f706_alineado,/Users/alexis/phantom_cs073/bateria_fase7_f706_cupos_alineados/A2-B0-C2-batch3-r9_f706_permutado,/Users/alexis/phantom_cs073/bateria_fase7_f706_cupos_alineados/A2-B0-C2-batch3-r9_f706_anti,/Users/alexis/phantom_cs073/bateria_fase7_f706_cupos_alineados/A2-B0-C2-batch3-r9_f706_alin_dil,/Users/alexis/phantom_cs073/bateria_fase7_f706_cupos_alineados/A2-B0-C2-batch3-r9_f706_perm_dil,0.38,22.16,5.99,0.49,13.13,1505.11,1547.8
A2-B0-C2-batch3-r21,473866,471828,mediana_pendiente_lote_471828,III,6,0.346,0.134,5.31,5,2000,5.31,0.42877927588583786,True,3308,0,0.7248004383475681,0.09650000000000004,0.48387096774193544,True,True,4599343413,4599343425,5.0,0.0,5,5,10000,nan,5.2305,0.40268982969421213,1,14,10461,0.9992278276810268,5.2305,0.40268982969421213,1,14,10461,0.006954060656379387,5.2305,0.40268982969421213,1,14,10461,-0.9744586182342007,0.582974358974359,0.45230705565901097,0.6427836112826848,0.3124650642817216,3308,0.0037166666666666667,0.0034066274388355527,11,1918,3.308,0.7339741044258867,0.9141620157685638,False,"[14.0, 9.0, 7.0, 5.0, 4.0]","[2000, 1186, 743, 502, 375]",4671,0.0015821067821067821,0.001829611559392006,13,1981,4.671,0.4457920745550196,0.5656854237492382,False,"[9.0, 7.0, 6.0, 5.0, 4.0]","[2000, 1159, 705, 478, 357]",3046,0.004216666666666667,0.0036834468132604086,11,1907,3.046,0.8239631127319419,1.7193455792343815,False,"[18.0, 11.0, 8.0, 6.0, 5.0]","[2000, 1234, 801, 549, 434]",2348,0.007916666666666666,0.005493387589013225,9,1803,2.348,1.02670101984207,0.9019803845634848,False,"[22.0, 14.0, 10.0, 7.0, 5.0]","[2000, 1262, 840, 609, 498]",2348,0.0003333333333333333,0.0005522827687776141,1,1748,2.348,1.1187503632429143,0.33629496036424733,False,"[20.0, 14.0, 9.0, 6.0, 5.0]","[2000, 1277, 896, 663, 560]",2348,0.002101190476190476,0.0033550792171481826,6,1762,2.348,1.1235818087673863,1.7004101907528075,False,"[22.0, 17.0, 11.0, 7.0, 5.0]","[2000, 1278, 887, 651, 524]",False,1625,2323,2348,2323,698,True,True,True,True,3308,True,/Users/alexis/phantom_cs073/bateria_fase5b_a2b0c2_escala_v3/A2-B0-C2-batch3-r21_III/meta_regla.json,/Users/alexis/phantom_cs073/bateria_fase7_f706_cupos_alineados/A2-B0-C2-batch3-r21_f706_alineado,/Users/alexis/phantom_cs073/bateria_fase7_f706_cupos_alineados/A2-B0-C2-batch3-r21_f706_permutado,/Users/alexis/phantom_cs073/bateria_fase7_f706_cupos_alineados/A2-B0-C2-batch3-r21_f706_anti,/Users/alexis/phantom_cs073/bateria_fase7_f706_cupos_alineados/A2-B0-C2-batch3-r21_f706_alin_dil,/Users/alexis/phantom_cs073/bateria_fase7_f706_cupos_alineados/A2-B0-C2-batch3-r21_f706_perm_dil,0.4,21.38,5.61,0.41,11.18,1504.25,1543.68
A2-B0-C2-batch3-r100,481529,471828,max_pendiente_lote_471828,I,5,0.569,0.195,6.61,4,2000,6.61,0.38089519213660084,True,2374,0,1.2549922266543088,0.14999999999999994,1.3287671232876717,True,True,4673720491,4673720503,4.0,0.0,4,4,8000,nan,3.9715,0.3867057759511552,1,10,7943,0.9825659465510469,3.9715,0.3867057759511552,1,10,7943,0.015557394799499828,3.9715,0.3867057759511552,1,10,7943,-0.9769646914000584,0.4642857142857143,0.38514357053682896,0.5682110682110683,0.34396671289875175,2374,0.0165,0.014891179839633447,26,1689,2.374,1.2879122335233364,1.738656402226725,False,"[25.0, 17.0, 8.0, 7.0, 5.0]","[2000, 1286, 868, 659, 574]",2500,0.014194841269841269,0.00989010989010989,24,1599,2.5,1.0250048787918775,0.8796336770189331,False,"[15.0, 11.0, 8.0, 6.0, 5.0]","[2000, 1344, 982, 788, 683]",2256,0.018964285714285715,0.013080568720379148,23,1664,2.256,1.236958552453429,0.901980384734913,False,"[22.0, 14.0, 8.0, 7.0, 5.0]","[2000, 1332, 933, 730, 618]",1938,0.015799999999999998,0.012842465753424657,15,1605,1.938,1.320498160870958,1.2382753448152322,False,"[27.0, 20.0, 10.0, 8.0, 6.0]","[2000, 1345, 958, 719, 628]",1938,0.0045,0.004114285714285714,6,1458,1.938,1.361664698989335,3.051459390912458,False,"[19.0, 13.0, 9.0, 7.0, 5.0]","[2000, 1386, 1061, 872, 785]",1938,0.011133333333333334,0.010043780582024209,13,1524,1.938,1.3094328130237307,2.0943497983692985,False,"[21.0, 15.0, 11.0, 7.0, 5.0]","[2000, 1359, 997, 793, 689]",False,244,562,1938,562,318,True,True,True,True,2374,True,/Users/alexis/phantom_cs073/bateria_fase5b_a2b0c2_escala_v3/A2-B0-C2-batch3-r100_I/meta_regla.json,/Users/alexis/phantom_cs073/bateria_fase7_f706_cupos_alineados/A2-B0-C2-batch3-r100_f706_alineado,/Users/alexis/phantom_cs073/bateria_fase7_f706_cupos_alineados/A2-B0-C2-batch3-r100_f706_permutado,/Users/alexis/phantom_cs073/bateria_fase7_f706_cupos_alineados/A2-B0-C2-batch3-r100_f706_anti,/Users/alexis/phantom_cs073/bateria_fase7_f706_cupos_alineados/A2-B0-C2-batch3-r100_f706_alin_dil,/Users/alexis/phantom_cs073/bateria_fase7_f706_cupos_alineados/A2-B0-C2-batch3-r100_f706_perm_dil,0.47,18.89,5.03,0.33,8.7,1495.41,1529.15
A2-B0-C2-batch4-r18,573575,571828,min_pendiente_lote_571828,I,5,0.364,0.321,6.05,6,2000,6.05,0.41852793307367914,True,3986,0,0.5348611955256038,0.08200000000000002,0.5510204081632653,True,True,5567118967,5567118979,6.0,0.0,6,6,12000,nan,6.053,0.41723245790458924,1,17,12106,0.9999989822040939,6.053,0.4172324579045891,1,17,12106,-0.03756383813461247,6.053,0.41723245790458924,1,17,12106,-0.983532481463062,0.5605530276513826,0.4421182266009852,0.648267456033432,0.29937828790052606,3986,0.0029500000000000004,0.002729181245626312,13,1971,3.986,0.562515762560359,0.5656854237492379,False,"[12.0, 7.0, 6.0, 5.0, 4.0]","[2000, 1153, 685, 454, 330]",5480,0.0017635531135531135,0.0010760401721664275,11,1991,5.48,0.42738050165704483,0.42426406781192816,False,"[8.0, 7.0, 5.0, 4.0, 4.0]","[2000, 1132, 666, 452, 320]",3437,0.00771547619047619,0.0041254834550923936,16,1942,3.437,0.7814888828378025,0.4242640678119288,False,"[13.0, 10.0, 6.0, 5.0, 4.0]","[2000, 1195, 760, 532, 430]",2717,0.004933333333333334,0.004047976011994003,9,1885,2.717,0.90774563741719,0.26389584320146836,False,"[18.0, 13.0, 8.0, 6.0, 5.0]","[2000, 1235, 801, 569, 473]",2717,0.0,0.0,0,1809,2.717,0.8373050382369214,0.4053171993387778,False,"[15.0, 11.0, 8.0, 6.0, 5.0]","[2000, 1245, 849, 637, 539]",2717,0.005001190476190476,0.0032926327342570998,8,1861,2.717,0.7618038710660378,0.5088448171797861,False,"[16.0, 11.0, 9.0, 7.0, 5.0]","[2000, 1238, 823, 614, 471]",False,2043,2763,2717,2763,720,True,True,True,True,3986,True,/Users/alexis/phantom_cs073/bateria_fase5b_a2b0c2_escala_v4/A2-B0-C2-batch4-r18_I/meta_regla.json,/Users/alexis/phantom_cs073/bateria_fase7_f706_cupos_alineados/A2-B0-C2-batch4-r18_f706_alineado,/Users/alexis/phantom_cs073/bateria_fase7_f706_cupos_alineados/A2-B0-C2-batch4-r18_f706_permutado,/Users/alexis/phantom_cs073/bateria_fase7_f706_cupos_alineados/A2-B0-C2-batch4-r18_f706_anti,/Users/alexis/phantom_cs073/bateria_fase7_f706_cupos_alineados/A2-B0-C2-batch4-r18_f706_alin_dil,/Users/alexis/phantom_cs073/bateria_fase7_f706_cupos_alineados/A2-B0-C2-batch4-r18_f706_perm_dil,0.48,22.52,5.97,0.43,13.06,1501.64,1544.68
A2-B0-C2-batch4-r43,576000,571828,mediana_pendiente_lote_571828,III,7,0.422,0.258,4.53,5,2000,4.53,0.46284500314078764,True,3269,0,0.7452540925441452,0.09350000000000003,0.5052631578947369,True,True,5590656017,5590656029,5.0,0.0,5,5,10000,nan,5.0225,0.4978792789082837,1,14,10045,0.9999643993937578,5.0225,0.4978792789082837,1,14,10045,0.01038162920086988,5.0225,0.4978792789082837,1,14,10045,-0.981542430920081,0.5744436797430603,0.4139995394888326,0.7077833409194356,0.2626697581980788,3269,0.0020499999999999997,0.00258732212160414,8,1951,3.269,0.7393344988081424,1.093477109602175,False,"[14.0, 10.0, 7.0, 5.0, 4.0]","[2000, 1177, 739, 482, 362]",4235,0.001131013431013431,0.001681708615953809,10,1975,4.235,0.5847280864923076,0.5311685644911839,False,"[11.0, 8.0, 6.0, 5.0, 4.0]","[2000, 1157, 729, 500, 361]",2628,0.004183333333333333,0.0031088082901554403,7,1850,2.628,0.9140538413108851,1.202081525692131,False,"[18.0, 12.0, 8.0, 6.0, 5.0]","[2000, 1260, 850, 596, 489]",1906,0.005,0.004961958319550115,5,1630,1.906,1.15361224368173,6.1518289858979625,False,"[31.0, 24.0, 14.0, 10.0, 7.0]","[2000, 1288, 899, 664, 541]",1906,0.0002833333333333333,0.0007874015748031496,1,1525,1.906,1.2038643844650736,1.9798989834223335,False,"[24.0, 14.0, 11.0, 7.0, 7.0]","[2000, 1336, 1001, 807, 686]",1906,0.0010833333333333333,0.0016863406408094434,2,1529,1.906,1.2176659001570926,1.6263455938040583,False,"[24.0, 19.0, 13.0, 8.0, 6.0]","[2000, 1331, 954, 748, 631]",False,1607,2329,1906,2329,722,True,True,True,True,3269,True,/Users/alexis/phantom_cs073/bateria_fase5b_a2b0c2_escala_v4/A2-B0-C2-batch4-r43_III/meta_regla.json,/Users/alexis/phantom_cs073/bateria_fase7_f706_cupos_alineados/A2-B0-C2-batch4-r43_f706_alineado,/Users/alexis/phantom_cs073/bateria_fase7_f706_cupos_alineados/A2-B0-C2-batch4-r43_f706_permutado,/Users/alexis/phantom_cs073/bateria_fase7_f706_cupos_alineados/A2-B0-C2-batch4-r43_f706_anti,/Users/alexis/phantom_cs073/bateria_fase7_f706_cupos_alineados/A2-B0-C2-batch4-r43_f706_alin_dil,/Users/alexis/phantom_cs073/bateria_fase7_f706_cupos_alineados/A2-B0-C2-batch4-r43_f706_perm_dil,0.29,20.1,5.45,0.41,9.85,1507.26,1543.7
A2-B0-C2-batch4-r51,576776,571828,max_pendiente_lote_571828,I,8,0.449,0.196,5.29,4,2000,5.29,0.424464566318226,True,2483,0,1.080657709435624,0.14499999999999996,1.3424657534246576,True,True,5598187873,5598187885,4.0,0.0,4,4,8000,nan,4.0945,0.4158062398200958,1,11,8189,0.9891246829869885,4.0945,0.4158062398200958,1,11,8189,0.001657476375939289,4.0945,0.4158062398200958,1,11,8189,-0.9640426911189194,0.49221098660836293,0.38744042612839924,0.5760654812305955,0.2982086406743941,2483,0.009083333333333332,0.007846067625630488,14,1781,2.483,1.0059268047621233,1.6970562721277136,False,"[22.0, 15.0, 11.0, 7.0, 5.0]","[2000, 1250, 826, 601, 467]",3101,0.0070734126984126995,0.005087789305666401,17,1842,3.101,0.8068187202661815,0.7071067796865472,False,"[14.0, 10.0, 7.0, 5.0, 5.0]","[2000, 1237, 828, 600, 514]",2359,0.011523809523809523,0.009387078961899503,17,1788,2.359,1.0987568051426821,2.0455328635670402,False,"[21.0, 16.0, 11.0, 7.0, 5.0]","[2000, 1278, 904, 642, 552]",1848,0.012083333333333331,0.012133468149646108,12,1584,1.848,1.4142646100381469,11.950104579327654,False,"[38.0, 30.0, 17.0, 12.0, 6.0]","[2000, 1325, 927, 683, 589]",1848,0.004473809523809523,0.006734006734006734,8,1446,1.848,1.2972354842523235,1.9798989838723315,False,"[23.0, 17.0, 10.0, 8.0, 6.0]","[2000, 1346, 1013, 820, 696]",1848,0.007966666666666667,0.008976660682226212,10,1532,1.848,1.2428174424567775,1.4849242374167493,False,"[26.0, 18.0, 13.0, 9.0, 6.0]","[2000, 1330, 983, 746, 653]",False,742,1253,1848,1253,511,True,True,True,True,2483,True,/Users/alexis/phantom_cs073/bateria_fase5b_a2b0c2_escala_v4/A2-B0-C2-batch4-r51_I/meta_regla.json,/Users/alexis/phantom_cs073/bateria_fase7_f706_cupos_alineados/A2-B0-C2-batch4-r51_f706_alineado,/Users/alexis/phantom_cs073/bateria_fase7_f706_cupos_alineados/A2-B0-C2-batch4-r51_f706_permutado,/Users/alexis/phantom_cs073/bateria_fase7_f706_cupos_alineados/A2-B0-C2-batch4-r51_f706_anti,/Users/alexis/phantom_cs073/bateria_fase7_f706_cupos_alineados/A2-B0-C2-batch4-r51_f706_alin_dil,/Users/alexis/phantom_cs073/bateria_fase7_f706_cupos_alineados/A2-B0-C2-batch4-r51_f706_perm_dil,0.47,19.56,5.16,0.27,8.97,1508.31,1543.01
