carpeta,rule_id,clase,seed,K,J,noise,meandeg,kcap,n_aristas_grafo_final,diam_grafo_final,n_gas_inicial,n_dump_final,masa_gas_final,masa_sumideros_final,masa_total_final,fraccion_masa_en_sumideros,n_sumideros,t_primer_sumidero,masa_acretada_total,kappa_v_agregado,kappa_v_medio_valido,n_kappa_indefinidos,par,rol,match_exacto_K_kcap,nota,carpeta_real
A2-B0-C2-r9_I,A2-B0-C2-r9,I,272702,5,0.493,0.244,4.25,7,3939,10.0,2000,cosmog_00500,17286.600000000002,1513.4000000000005,18800.000000000004,0.08050000000000002,8,0.046,1513.4,0.3859649122807018,0.3824404761904762,0,PAR_piloto_A_r9_r19,I,True,piloto original,/Users/alexis/phantom_cs073/bateria_fase5b_a2b0c2_piloto/A2-B0-C2-r9_I
A2-B0-C2-r19_III,A2-B0-C2-r19,III,273672,5,0.341,0.326,4.02,7,3679,12.0,2000,cosmog_00500,17164.4,1635.6000000000006,18800.000000000004,0.08700000000000001,8,0.038,1635.6000000000001,0.43636363636363634,0.4450396825396825,0,PAR_piloto_A_r9_r19,III,True,piloto original,/Users/alexis/phantom_cs073/bateria_fase5b_a2b0c2_piloto/A2-B0-C2-r19_III
A2-B0-C2-r1_I,A2-B0-C2-r1,I,271926,5,0.659,0.234,7.63,6,4078,13.0,2000,cosmog_00500,17164.4,1635.6000000000004,18800.0,0.08700000000000002,8,0.038,1635.5999999999997,0.4137931034482758,0.42485119047619047,0,PAR_piloto_B_r1_r17,I,False,"piloto original, kcap difiere 6 vs 5",/Users/alexis/phantom_cs073/bateria_fase5b_a2b0c2_piloto/A2-B0-C2-r1_I
A2-B0-C2-r17_III,A2-B0-C2-r17,III,273478,5,0.475,0.211,7.35,5,3165,15.0,2000,cosmog_00500,16525.2,2274.8000000000006,18800.0,0.12100000000000004,8,0.03,2274.8,0.7971014492753623,0.7951388888888888,0,PAR_piloto_B_r1_r17,III,False,"piloto original, kcap difiere 6 vs 5",/Users/alexis/phantom_cs073/bateria_fase5b_a2b0c2_piloto/A2-B0-C2-r17_III
A2-B0-C2-r6_I,A2-B0-C2-r6,I,272411,7,0.632,0.119,5.38,5,3381,13.0,2000,cosmog_00500,16910.600000000002,1889.4000000000008,18800.000000000004,0.10050000000000002,8,0.039,1889.4,0.5238095238095237,0.5183531746031745,0,PAR_piloto_C_r6_r14,I,False,"piloto original, K difiere 7 vs 8",/Users/alexis/phantom_cs073/bateria_fase5b_a2b0c2_piloto/A2-B0-C2-r6_I
A2-B0-C2-r14_III,A2-B0-C2-r14,III,273187,8,0.567,0.198,5.76,5,3296,17.0,2000,cosmog_00500,16938.8,1861.2000000000007,18800.0,0.09900000000000003,8,0.042,1861.1999999999998,0.5151515151515152,0.5080357142857144,0,PAR_piloto_C_r6_r14,III,False,"piloto original, K difiere 7 vs 8",/Users/alexis/phantom_cs073/bateria_fase5b_a2b0c2_piloto/A2-B0-C2-r14_III
A2-B0-C2-r2_I,A2-B0-C2-r2,I,372023,5,0.517,0.323,5.74,6,4094,11.0,2000,cosmog_00500,17371.2,1428.8000000000002,18800.0,0.07600000000000001,8,0.05,1428.8000000000002,0.5000000000000001,0.5074404761904763,0,PAR_v2_D_r2_r20,I,True,"nuevo v2, exacto",/Users/alexis/phantom_cs073/bateria_fase5b_a2b0c2_escala_v2/A2-B0-C2-r2_I
A2-B0-C2-r20_III,A2-B0-C2-r20,III,373769,5,0.302,0.292,4.7,6,3706,14.0,2000,cosmog_00500,17173.8,1626.2000000000005,18800.0,0.08650000000000002,8,0.04,1626.2,0.39784946236559127,0.39806547619047605,0,PAR_v2_D_r2_r20,III,True,"nuevo v2, exacto",/Users/alexis/phantom_cs073/bateria_fase5b_a2b0c2_escala_v2/A2-B0-C2-r20_III
A2-B0-C2-r12_I,A2-B0-C2-r12,I,372993,6,0.425,0.148,7.18,6,3978,12.0,2000,cosmog_00500,17258.4,1541.6000000000004,18800.0,0.08200000000000002,8,0.037,1541.6,0.37037037037037046,0.3955357142857144,0,PAR_v2_E_r12_r28,I,True,"nuevo v2, exacto",/Users/alexis/phantom_cs073/bateria_fase5b_a2b0c2_escala_v2/A2-B0-C2-r12_I
A2-B0-C2-r28_III,A2-B0-C2-r28,III,374545,6,0.47,0.23,7.76,6,3947,13.0,2000,cosmog_00500,17117.4,1682.6000000000004,18800.0,0.08950000000000002,8,0.04,1682.6000000000001,0.4285714285714286,0.4642857142857142,0,PAR_v2_E_r12_r28,III,True,"nuevo v2, exacto",/Users/alexis/phantom_cs073/bateria_fase5b_a2b0c2_escala_v2/A2-B0-C2-r28_III
A2-B0-C2-r6_I,A2-B0-C2-r6,I,272411,7,0.632,0.119,5.38,5,3381,13.0,2000,cosmog_00500,16910.600000000002,1889.4000000000008,18800.000000000004,0.10050000000000002,8,0.039,1889.4,0.5238095238095237,0.5183531746031745,0,PAR_v2_F_r6_r2v1fix,I,True,"nuevo v2 (fix bug colision), exacto",/Users/alexis/phantom_cs073/bateria_fase5b_a2b0c2_piloto/A2-B0-C2-r6_I
A2-B0-C2-r2v1fix_III,A2-B0-C2-r2v1fix,III,272023,7,0.351,0.15,7.28,5,3057,16.0,2000,cosmog_00500,16515.8,2284.2000000000007,18800.0,0.12150000000000004,8,0.041,2284.2,0.8169014084507041,0.8167613636363636,0,PAR_v2_F_r6_r2v1fix,III,True,"nuevo v2 (fix bug colision), exacto",/Users/alexis/phantom_cs073/bateria_fase5b_a2b0c2_escala_v2/A2-B0-C2-r2v1fix_III
A2-B0-C2-r12v1fix_I,A2-B0-C2-r12v1fix,I,272993,5,0.6,0.203,5.75,7,4777,10.0,2000,cosmog_00500,17634.4,1165.6000000000004,18800.0,0.06200000000000002,8,0.052,1165.6,0.3440860215053776,0.3902777777777794,0,PAR_v2_G_r12v1fix_r19,I,True,"nuevo v2 (fix bug colision), exacto",/Users/alexis/phantom_cs073/bateria_fase5b_a2b0c2_escala_v2/A2-B0-C2-r12v1fix_I
A2-B0-C2-r19_III,A2-B0-C2-r19,III,273672,5,0.341,0.326,4.02,7,3679,12.0,2000,cosmog_00500,17164.4,1635.6000000000006,18800.000000000004,0.08700000000000001,8,0.038,1635.6000000000001,0.43636363636363634,0.4450396825396825,0,PAR_v2_G_r12v1fix_r19,III,True,"nuevo v2 (fix bug colision), exacto",/Users/alexis/phantom_cs073/bateria_fase5b_a2b0c2_piloto/A2-B0-C2-r19_III
A2-B0-C2-r9_I,A2-B0-C2-r9,I,272702,5,0.493,0.244,4.25,7,3939,10.0,2000,cosmog_00500,17286.600000000002,1513.4000000000005,18800.000000000004,0.08050000000000002,8,0.046,1513.4,0.3859649122807018,0.3824404761904762,0,PAR_v2_H_r9_r39,I,False,"nuevo v2, kcap difiere 7 vs 6 (bug de colision de nombre en r9 impidio el match exacto original)",/Users/alexis/phantom_cs073/bateria_fase5b_a2b0c2_piloto/A2-B0-C2-r9_I
A2-B0-C2-r39_III,A2-B0-C2-r39,III,375612,5,0.526,0.152,5.7,6,4083,15.0,2000,cosmog_00500,17324.2,1475.8000000000002,18800.0,0.07850000000000001,8,0.045,1475.8000000000002,0.47222222222222177,0.4819940476190472,0,PAR_v2_H_r9_r39,III,False,"nuevo v2, kcap difiere 7 vs 6 (bug de colision de nombre en r9 impidio el match exacto original)",/Users/alexis/phantom_cs073/bateria_fase5b_a2b0c2_escala_v2/A2-B0-C2-r39_III
