rule_id,seed,clase,nivel,a_pico,carpeta,N,masa_particula,masa_total,n_aristas,grado_medio,grafo_sha256,radio_burbuja,sep_media,n_centros,pico_original,pico_logrado,pico_razon,cv_original,cv_logrado,fof030_original,fof030_logrado,fof030_razon,n_grupos_fof,n_particulas_movidas,frac_movidas,desp_max,desp_medio_movidas,caja_x,caja_y,caja_z,lado_original,ic_ida_vuelta_ok,ic_md5_igual_al_original,frac_masa_historica,kappa_v_historica,ic_original,completa,dump_final,a_pico_ph,clase_ph,grafo_sha256_ph,grafo_n_aristas,masa_total_ic,N_ph,frac_masa,masa_sumideros,masa_total_final,n_sumideros,t_primer_sumidero,kappa_v,n_gas_inicial,carpeta_ph,particulas_en_sumideros
A2-B0-C2-batch3-r111,482596,III,L0,-0.35,/Users/alexis/phantom_cs073/bateria_fase8_f802_pico/A2-B0-C2-batch3-r111_s482596_f802_L0,2000,9.4,18800.0,3017,3.017,faa91e489b4316d13d764781df522023162827a4c6a1e9648f171f2b15254ec0,7.745955402573984,7.745955402573984,30,14.903601369411886,10.076387336904382,0.6761041903324879,4.156079491344683,3.7210829749511527,0.6955000000000021,0.6969999999999977,1.0021567217828835,10,797,0.3985,0.7759551764263452,0.431596201519968,97.84242725108844,97.7041715805668,97.79376786689546,97.59292263249878,True,False,0.122,0.838235294117647,/Users/alexis/phantom_cs073/bateria_fase5b_a2b0c2_escala_v4/A2-B0-C2-batch3-r111_III/cosmogenesis_ic.txt,True,cosmog_00500,-0.35,III,faa91e489b4316d13d764781df522023162827a4c6a1e9648f171f2b15254ec0,3017,18800.0,2000,0.09200000000000001,1729.6000000000006,18800.000000000004,9,0.061,0.766666666666666,2000,A2-B0-C2-batch3-r111_s482596_f802_L0,184.00000000000003
A2-B0-C2-batch3-r111,482596,III,L1,0.0,/Users/alexis/phantom_cs073/bateria_fase8_f802_pico/A2-B0-C2-batch3-r111_s482596_f802_L1,2000,9.4,18800.0,3017,3.017,faa91e489b4316d13d764781df522023162827a4c6a1e9648f171f2b15254ec0,7.745955402573984,7.745955402573984,30,14.903601369411886,14.903601369411886,1.0,4.156079491344683,4.156079491344683,0.6955000000000021,0.6955000000000021,1.0,12,797,0.3985,0.0,0.0,97.5928128127976,97.59273728147792,97.59292263249878,97.59292263249878,True,True,0.122,0.838235294117647,/Users/alexis/phantom_cs073/bateria_fase5b_a2b0c2_escala_v4/A2-B0-C2-batch3-r111_III/cosmogenesis_ic.txt,True,cosmog_00500,0.0,III,faa91e489b4316d13d764781df522023162827a4c6a1e9648f171f2b15254ec0,3017,18800.0,2000,0.12200000000000003,2293.6000000000004,18800.0,8,0.036,0.838235294117647,2000,A2-B0-C2-batch3-r111_s482596_f802_L1,244.00000000000006
A2-B0-C2-batch3-r111,482596,III,L2,0.2,/Users/alexis/phantom_cs073/bateria_fase8_f802_pico/A2-B0-C2-batch3-r111_s482596_f802_L2,2000,9.4,18800.0,3017,3.017,faa91e489b4316d13d764781df522023162827a4c6a1e9648f171f2b15254ec0,7.745955402573984,7.745955402573984,30,14.903601369411886,22.466715301560804,1.5074688824991946,4.156079491344683,4.3107439312382985,0.6955000000000021,0.6960000000000013,1.000718907260962,14,797,0.3985,0.4434029579579105,0.2466264008685531,97.5927882638175,97.59268686259291,97.59289702650574,97.59292263249878,True,False,0.122,0.838235294117647,/Users/alexis/phantom_cs073/bateria_fase5b_a2b0c2_escala_v4/A2-B0-C2-batch3-r111_III/cosmogenesis_ic.txt,True,cosmog_00500,0.2,III,faa91e489b4316d13d764781df522023162827a4c6a1e9648f171f2b15254ec0,3017,18800.0,2000,0.13149999999999998,2472.2,18800.0,8,0.024,0.4962121212121201,2000,A2-B0-C2-batch3-r111_s482596_f802_L2,262.99999999999994
A2-B0-C2-batch3-r111,482596,III,L3,0.35,/Users/alexis/phantom_cs073/bateria_fase8_f802_pico/A2-B0-C2-batch3-r111_s482596_f802_L3,2000,9.4,18800.0,3017,3.017,faa91e489b4316d13d764781df522023162827a4c6a1e9648f171f2b15254ec0,7.745955402573984,7.745955402573984,30,14.903601369411886,30.86526025201875,2.0709934120598885,4.156079491344683,4.414955848520831,0.6955000000000021,0.6965000000000011,1.0014378145219252,17,797,0.3985,0.7759551764263452,0.4315962015199679,97.5927882638175,97.59268686259291,97.59287782201096,97.59292263249878,True,False,0.122,0.838235294117647,/Users/alexis/phantom_cs073/bateria_fase5b_a2b0c2_escala_v4/A2-B0-C2-batch3-r111_III/cosmogenesis_ic.txt,True,cosmog_00500,0.35,III,faa91e489b4316d13d764781df522023162827a4c6a1e9648f171f2b15254ec0,3017,18800.0,2000,0.15100000000000002,2838.8,18800.0,11,0.016,0.36697247706422015,2000,A2-B0-C2-batch3-r111_s482596_f802_L3,302.00000000000006
A2-B0-C2-batch3-r111,482596,III,L4,0.5,/Users/alexis/phantom_cs073/bateria_fase8_f802_pico/A2-B0-C2-batch3-r111_s482596_f802_L4,2000,9.4,18800.0,3017,3.017,faa91e489b4316d13d764781df522023162827a4c6a1e9648f171f2b15254ec0,7.745955402573984,7.745955402573984,30,14.903601369411886,45.80216516380474,3.07322800902398,4.156079491344683,4.516737975938653,0.6955000000000021,0.6965000000000005,1.0014378145219245,20,797,0.3985,1.10850739489478,0.616566002171383,97.5927882638175,97.59268686259291,97.5928586175162,97.59292263249878,True,False,0.122,0.838235294117647,/Users/alexis/phantom_cs073/bateria_fase5b_a2b0c2_escala_v4/A2-B0-C2-batch3-r111_III/cosmogenesis_ic.txt,True,cosmog_00500,0.5,III,faa91e489b4316d13d764781df522023162827a4c6a1e9648f171f2b15254ec0,3017,18800.0,2000,0.19399999999999998,3647.2,18800.0,20,0.008,0.26618705035971224,2000,A2-B0-C2-batch3-r111_s482596_f802_L4,387.99999999999994
A2-B0-C2-batch3-r120,483469,I,L0,-0.35,/Users/alexis/phantom_cs073/bateria_fase8_f802_pico/A2-B0-C2-batch3-r120_s483469_f802_L0,2000,9.4,18800.0,3396,3.396,03faead2d1c7a349142fecc26785ddeebb15ccfeac11fffe4a020acd443cfcd1,7.745961360565738,7.745961360565738,30,7.252821264358074,5.971989213724316,0.8234022314974115,4.396950042053868,3.986416302846887,0.6630000000000003,0.6620000000000003,0.9984917043740572,17,748,0.374,0.7759530210315086,0.4185160204253645,97.7194343469735,97.76164394051824,97.77168459221522,97.59299769849105,True,False,0.0925,0.4444444444444445,/Users/alexis/phantom_cs073/bateria_fase5b_a2b0c2_escala_v4/A2-B0-C2-batch3-r120_I/cosmogenesis_ic.txt,True,cosmog_00500,-0.35,I,03faead2d1c7a349142fecc26785ddeebb15ccfeac11fffe4a020acd443cfcd1,3396,18800.0,2000,0.07750000000000003,1457.0000000000005,18800.0,8,0.056,0.5833333333333331,2000,A2-B0-C2-batch3-r120_s483469_f802_L0,155.00000000000006
A2-B0-C2-batch3-r120,483469,I,L1,0.0,/Users/alexis/phantom_cs073/bateria_fase8_f802_pico/A2-B0-C2-batch3-r120_s483469_f802_L1,2000,9.4,18800.0,3396,3.396,03faead2d1c7a349142fecc26785ddeebb15ccfeac11fffe4a020acd443cfcd1,7.745961360565738,7.745961360565738,30,7.252821264358074,7.252821264358074,1.0,4.396950042053868,4.396950042053868,0.6630000000000003,0.6630000000000003,1.0,21,748,0.374,0.0,0.0,97.59295480017327,97.59299769849105,97.59295275989612,97.59299769849105,True,True,0.0925,0.4444444444444445,/Users/alexis/phantom_cs073/bateria_fase5b_a2b0c2_escala_v4/A2-B0-C2-batch3-r120_I/cosmogenesis_ic.txt,True,cosmog_00500,0.0,I,03faead2d1c7a349142fecc26785ddeebb15ccfeac11fffe4a020acd443cfcd1,3396,18800.0,2000,0.09250000000000004,1739.0000000000007,18800.0,8,0.034,0.4444444444444445,2000,A2-B0-C2-batch3-r120_s483469_f802_L1,185.00000000000009
A2-B0-C2-batch3-r120,483469,I,L2,0.2,/Users/alexis/phantom_cs073/bateria_fase8_f802_pico/A2-B0-C2-batch3-r120_s483469_f802_L2,2000,9.4,18800.0,3396,3.396,03faead2d1c7a349142fecc26785ddeebb15ccfeac11fffe4a020acd443cfcd1,7.745961360565738,7.745961360565738,30,7.252821264358074,10.521985359314078,1.450743783115321,4.396950042053868,4.538529629425805,0.6630000000000003,0.6629999999999997,0.9999999999999992,23,748,0.374,0.4434017263037191,0.239152011671637,97.59288682943104,97.59299489409068,97.59295275989612,97.59299769849105,True,False,0.0925,0.4444444444444445,/Users/alexis/phantom_cs073/bateria_fase5b_a2b0c2_escala_v4/A2-B0-C2-batch3-r120_I/cosmogenesis_ic.txt,True,cosmog_00500,0.2,I,03faead2d1c7a349142fecc26785ddeebb15ccfeac11fffe4a020acd443cfcd1,3396,18800.0,2000,0.10750000000000004,2021.0000000000007,18800.0,9,0.023,0.3815789473684211,2000,A2-B0-C2-batch3-r120_s483469_f802_L2,215.00000000000009
A2-B0-C2-batch3-r120,483469,I,L3,0.35,/Users/alexis/phantom_cs073/bateria_fase8_f802_pico/A2-B0-C2-batch3-r120_s483469_f802_L3,2000,9.4,18800.0,3396,3.396,03faead2d1c7a349142fecc26785ddeebb15ccfeac11fffe4a020acd443cfcd1,7.745961360565738,7.745961360565738,30,7.252821264358074,14.16244021540032,1.9526801639242928,4.396950042053868,4.623485893898885,0.6630000000000003,0.6599999999999996,0.995475113122171,26,748,0.374,0.7759530210315082,0.4185160204253645,97.59288682943104,97.59299489409068,97.59295275989612,97.59299769849105,True,False,0.0925,0.4444444444444445,/Users/alexis/phantom_cs073/bateria_fase5b_a2b0c2_escala_v4/A2-B0-C2-batch3-r120_I/cosmogenesis_ic.txt,True,cosmog_00500,0.35,I,03faead2d1c7a349142fecc26785ddeebb15ccfeac11fffe4a020acd443cfcd1,3396,18800.0,2000,0.1285,2415.8,18800.0,12,0.015,0.27173913043478265,2000,A2-B0-C2-batch3-r120_s483469_f802_L3,257.0
A2-B0-C2-batch3-r120,483469,I,L4,0.5,/Users/alexis/phantom_cs073/bateria_fase8_f802_pico/A2-B0-C2-batch3-r120_s483469_f802_L4,2000,9.4,18800.0,3396,3.396,03faead2d1c7a349142fecc26785ddeebb15ccfeac11fffe4a020acd443cfcd1,7.745961360565738,7.745961360565738,30,7.252821264358074,22.173178147657904,3.0571797290278857,4.396950042053868,4.701931316451447,0.6630000000000003,0.6599999999999995,0.9954751131221709,29,748,0.374,1.1085043157592982,0.5978800291790924,97.59288682943104,97.59299489409068,97.59295275989612,97.59299769849105,True,False,0.0925,0.4444444444444445,/Users/alexis/phantom_cs073/bateria_fase5b_a2b0c2_escala_v4/A2-B0-C2-batch3-r120_I/cosmogenesis_ic.txt,True,cosmog_00500,0.5,I,03faead2d1c7a349142fecc26785ddeebb15ccfeac11fffe4a020acd443cfcd1,3396,18800.0,2000,0.18500000000000003,3478.0000000000005,18800.0,25,0.008,0.20058139534883712,2000,A2-B0-C2-batch3-r120_s483469_f802_L4,370.00000000000006
A2-B0-C2-batch3-r143,485700,I,L0,-0.35,/Users/alexis/phantom_cs073/bateria_fase8_f802_pico/A2-B0-C2-batch3-r143_s485700_f802_L0,2000,9.4,18800.0,3349,3.349,3833a428c2429a2e7da8973b3ce5927f300797009c1415cd87bd31f18e9dcef4,7.74596123190363,7.74596123190363,30,10.076707237291789,8.786331749178064,0.8719447278037101,4.169620382486741,3.741300732845216,0.6530000000000007,0.6530000000000014,1.000000000000001,13,734,0.367,0.7759567025962294,0.4297863497049475,97.69058560766123,97.67315620894092,97.85277957452864,97.59299607745004,True,False,0.1,0.393518518518518,/Users/alexis/phantom_cs073/bateria_fase5b_a2b0c2_escala_v4/A2-B0-C2-batch3-r143_I/cosmogenesis_ic.txt,True,cosmog_00500,-0.35,I,3833a428c2429a2e7da8973b3ce5927f300797009c1415cd87bd31f18e9dcef4,3349,18800.0,2000,0.08900000000000002,1673.2000000000005,18800.0,10,0.063,0.5833333333333333,2000,A2-B0-C2-batch3-r143_s485700_f802_L0,178.00000000000006
A2-B0-C2-batch3-r143,485700,I,L1,0.0,/Users/alexis/phantom_cs073/bateria_fase8_f802_pico/A2-B0-C2-batch3-r143_s485700_f802_L1,2000,9.4,18800.0,3349,3.349,3833a428c2429a2e7da8973b3ce5927f300797009c1415cd87bd31f18e9dcef4,7.74596123190363,7.74596123190363,30,10.076707237291789,10.076707237291789,1.0,4.169620382486741,4.169620382486741,0.6530000000000007,0.6530000000000007,1.0,15,734,0.367,0.0,0.0,97.59288618426405,97.59295596764348,97.59299607745004,97.59299607745004,True,True,0.1,0.393518518518518,/Users/alexis/phantom_cs073/bateria_fase5b_a2b0c2_escala_v4/A2-B0-C2-batch3-r143_I/cosmogenesis_ic.txt,True,cosmog_00500,0.0,I,3833a428c2429a2e7da8973b3ce5927f300797009c1415cd87bd31f18e9dcef4,3349,18800.0,2000,0.10000000000000003,1880.0000000000007,18800.0,8,0.037,0.39351851851851805,2000,A2-B0-C2-batch3-r143_s485700_f802_L1,200.00000000000006
A2-B0-C2-batch3-r143,485700,I,L2,0.2,/Users/alexis/phantom_cs073/bateria_fase8_f802_pico/A2-B0-C2-batch3-r143_s485700_f802_L2,2000,9.4,18800.0,3349,3.349,3833a428c2429a2e7da8973b3ce5927f300797009c1415cd87bd31f18e9dcef4,7.74596123190363,7.74596123190363,30,10.076707237291789,14.488936869090166,1.4378642276585785,4.169620382486741,4.322266910844719,0.6530000000000007,0.6520000000000014,0.998468606431854,17,734,0.367,0.4434038300549872,0.2455921998313986,97.59288618426405,97.59283628965204,97.59296455556915,97.59299607745004,True,False,0.1,0.393518518518518,/Users/alexis/phantom_cs073/bateria_fase5b_a2b0c2_escala_v4/A2-B0-C2-batch3-r143_I/cosmogenesis_ic.txt,True,cosmog_00500,0.2,I,3833a428c2429a2e7da8973b3ce5927f300797009c1415cd87bd31f18e9dcef4,3349,18800.0,2000,0.10900000000000004,2049.2000000000007,18800.0,8,0.024,0.29885057471264376,2000,A2-B0-C2-batch3-r143_s485700_f802_L2,218.00000000000009
A2-B0-C2-batch3-r143,485700,I,L3,0.35,/Users/alexis/phantom_cs073/bateria_fase8_f802_pico/A2-B0-C2-batch3-r143_s485700_f802_L3,2000,9.4,18800.0,3349,3.349,3833a428c2429a2e7da8973b3ce5927f300797009c1415cd87bd31f18e9dcef4,7.74596123190363,7.74596123190363,30,10.076707237291789,19.398306445748485,1.9250640103901604,4.169620382486741,4.4086161581159535,0.6530000000000007,0.6535000000000012,1.0007656967840743,19,734,0.367,0.7759567025962294,0.4297863497049475,97.59288618426405,97.59283628965204,97.59296455556915,97.59299607745004,True,False,0.1,0.393518518518518,/Users/alexis/phantom_cs073/bateria_fase5b_a2b0c2_escala_v4/A2-B0-C2-batch3-r143_I/cosmogenesis_ic.txt,True,cosmog_00500,0.35,I,3833a428c2429a2e7da8973b3ce5927f300797009c1415cd87bd31f18e9dcef4,3349,18800.0,2000,0.12200000000000003,2293.6000000000004,18800.0,9,0.015,0.26557377049180325,2000,A2-B0-C2-batch3-r143_s485700_f802_L3,244.00000000000006
A2-B0-C2-batch3-r143,485700,I,L4,0.5,/Users/alexis/phantom_cs073/bateria_fase8_f802_pico/A2-B0-C2-batch3-r143_s485700_f802_L4,2000,9.4,18800.0,3349,3.349,3833a428c2429a2e7da8973b3ce5927f300797009c1415cd87bd31f18e9dcef4,7.74596123190363,7.74596123190363,30,10.076707237291789,28.15073975261165,2.7936446985808656,4.169620382486741,4.485874953167516,0.6530000000000007,0.6534999999999999,1.000765696784072,25,734,0.367,1.1085095751374714,0.6139804995784967,97.59288618426405,97.59283628965204,97.59296455556915,97.59299607745004,True,False,0.1,0.393518518518518,/Users/alexis/phantom_cs073/bateria_fase5b_a2b0c2_escala_v4/A2-B0-C2-batch3-r143_I/cosmogenesis_ic.txt,False,cosmog_00452,0.5,I,3833a428c2429a2e7da8973b3ce5927f300797009c1415cd87bd31f18e9dcef4,3349,18800.0,2000,0.13750000481275818,2585.0,18799.99934196472,12,0.008,0.2676923076923076,2000,A2-B0-C2-batch3-r143_s485700_f802_L4,275.0000096255163
A2-B0-C2-batch4-r1,571926,III,L0,-0.35,/Users/alexis/phantom_cs073/bateria_fase8_f802_pico/A2-B0-C2-batch4-r1_s571926_f802_L0,2000,9.4,18800.0,3224,3.224,33a5ab60a38437e1e9b852e0be2ab0df3eed79f447d8d8023834524ebe8cbf3f,7.74596303647005,7.74596303647005,30,11.43495169884778,8.50576372570313,0.7438390602524534,4.199267573673695,3.770309377488428,0.6810000000000032,0.6804999999999961,0.9992657856093876,4,764,0.382,0.7759581462642987,0.428989074432283,97.73289119562972,97.85713167329676,97.74221787808472,97.59301881356224,True,False,0.1075,0.6307692307692309,/Users/alexis/phantom_cs073/bateria_fase5b_a2b0c2_escala_v4/A2-B0-C2-batch4-r1_III/cosmogenesis_ic.txt,True,cosmog_00500,-0.35,III,33a5ab60a38437e1e9b852e0be2ab0df3eed79f447d8d8023834524ebe8cbf3f,3224,18800.0,2000,0.09000000000000002,1692.0000000000005,18800.0,10,0.059,0.6619718309859155,2000,A2-B0-C2-batch4-r1_s571926_f802_L0,180.00000000000006
A2-B0-C2-batch4-r1,571926,III,L1,0.0,/Users/alexis/phantom_cs073/bateria_fase8_f802_pico/A2-B0-C2-batch4-r1_s571926_f802_L1,2000,9.4,18800.0,3224,3.224,33a5ab60a38437e1e9b852e0be2ab0df3eed79f447d8d8023834524ebe8cbf3f,7.74596303647005,7.74596303647005,30,11.43495169884778,11.43495169884778,1.0,4.199267573673695,4.199267573673695,0.6810000000000032,0.6810000000000032,1.0,6,764,0.382,0.0,0.0,97.59296657182666,97.59301881356224,97.5929942652188,97.59301881356224,True,True,0.1075,0.6307692307692309,/Users/alexis/phantom_cs073/bateria_fase5b_a2b0c2_escala_v4/A2-B0-C2-batch4-r1_III/cosmogenesis_ic.txt,True,cosmog_00500,0.0,III,33a5ab60a38437e1e9b852e0be2ab0df3eed79f447d8d8023834524ebe8cbf3f,3224,18800.0,2000,0.10750000000000003,2021.0000000000005,18800.0,8,0.035,0.6307692307692309,2000,A2-B0-C2-batch4-r1_s571926_f802_L1,215.00000000000006
A2-B0-C2-batch4-r1,571926,III,L2,0.2,/Users/alexis/phantom_cs073/bateria_fase8_f802_pico/A2-B0-C2-batch4-r1_s571926_f802_L2,2000,9.4,18800.0,3224,3.224,33a5ab60a38437e1e9b852e0be2ab0df3eed79f447d8d8023834524ebe8cbf3f,7.74596303647005,7.74596303647005,30,11.43495169884778,17.04912096693145,1.4909657177344589,4.199267573673695,4.359026296682736,0.6810000000000032,0.6820000000000025,1.0014684287812032,8,764,0.382,0.4434046550081728,0.2451366139613047,97.59294982913588,97.59289671410096,97.59293184121664,97.59301881356224,True,False,0.1075,0.6307692307692309,/Users/alexis/phantom_cs073/bateria_fase5b_a2b0c2_escala_v4/A2-B0-C2-batch4-r1_III/cosmogenesis_ic.txt,True,cosmog_00500,0.2,III,33a5ab60a38437e1e9b852e0be2ab0df3eed79f447d8d8023834524ebe8cbf3f,3224,18800.0,2000,0.11800000000000001,2218.4000000000005,18800.000000000004,8,0.023,0.43902439024390244,2000,A2-B0-C2-batch4-r1_s571926_f802_L2,236.00000000000003
A2-B0-C2-batch4-r1,571926,III,L3,0.35,/Users/alexis/phantom_cs073/bateria_fase8_f802_pico/A2-B0-C2-batch4-r1_s571926_f802_L3,2000,9.4,18800.0,3224,3.224,33a5ab60a38437e1e9b852e0be2ab0df3eed79f447d8d8023834524ebe8cbf3f,7.74596303647005,7.74596303647005,30,11.43495169884778,22.726360092506315,1.9874469688224643,4.199267573673695,4.458821280153868,0.6810000000000032,0.6815000000000017,1.0007342143906,13,764,0.382,0.7759581462642987,0.428989074432283,97.59294982913588,97.59289671410096,97.59293184121664,97.59301881356224,True,False,0.1075,0.6307692307692309,/Users/alexis/phantom_cs073/bateria_fase5b_a2b0c2_escala_v4/A2-B0-C2-batch4-r1_III/cosmogenesis_ic.txt,True,cosmog_00500,0.35,III,33a5ab60a38437e1e9b852e0be2ab0df3eed79f447d8d8023834524ebe8cbf3f,3224,18800.0,2000,0.136,2556.8,18800.0,11,0.014,0.25,2000,A2-B0-C2-batch4-r1_s571926_f802_L3,272.0
A2-B0-C2-batch4-r1,571926,III,L4,0.5,/Users/alexis/phantom_cs073/bateria_fase8_f802_pico/A2-B0-C2-batch4-r1_s571926_f802_L4,2000,9.4,18800.0,3224,3.224,33a5ab60a38437e1e9b852e0be2ab0df3eed79f447d8d8023834524ebe8cbf3f,7.74596303647005,7.74596303647005,30,11.43495169884778,34.56423146146172,3.0226827687382807,4.199267573673695,4.546729529780047,0.6810000000000032,0.6815000000000015,1.0007342143905995,15,764,0.382,1.108511637520425,0.6128415349032617,97.59294982913588,97.59289671410096,97.59293184121664,97.59301881356224,True,False,0.1075,0.6307692307692309,/Users/alexis/phantom_cs073/bateria_fase5b_a2b0c2_escala_v4/A2-B0-C2-batch4-r1_III/cosmogenesis_ic.txt,True,cosmog_00500,0.5,III,33a5ab60a38437e1e9b852e0be2ab0df3eed79f447d8d8023834524ebe8cbf3f,3224,18800.0,2000,0.1725,3243.0,18800.0,18,0.008,0.22480620155038764,2000,A2-B0-C2-batch4-r1_s571926_f802_L4,345.0
A2-B0-C2-batch4-r12,572993,III,L0,-0.35,/Users/alexis/phantom_cs073/bateria_fase8_f802_pico/A2-B0-C2-batch4-r12_s572993_f802_L0,2000,9.4,18800.0,3340,3.34,ebe9492f3c1dbb71694d689dd18d5406259126da3b10f7e304de97ffcb493176,7.745956329125743,7.745956329125743,30,8.79084888501245,7.496643066283309,0.8527780609520388,4.2477559136763485,3.833462293634722,0.6650000000000017,0.6660000000000019,1.0015037593984966,13,734,0.367,0.7759520954484473,0.4233530109784508,97.76036939094888,97.79204115078194,97.69528341145656,97.59293430631944,True,False,0.1005,0.5384615384615384,/Users/alexis/phantom_cs073/bateria_fase5b_a2b0c2_escala_v4/A2-B0-C2-batch4-r12_III/cosmogenesis_ic.txt,True,cosmog_00500,-0.35,III,ebe9492f3c1dbb71694d689dd18d5406259126da3b10f7e304de97ffcb493176,3340,18800.0,2000,0.07900000000000001,1485.2000000000003,18800.0,8,0.065,0.5434782608695651,2000,A2-B0-C2-batch4-r12_s572993_f802_L0,158.00000000000003
A2-B0-C2-batch4-r12,572993,III,L1,0.0,/Users/alexis/phantom_cs073/bateria_fase8_f802_pico/A2-B0-C2-batch4-r12_s572993_f802_L1,2000,9.4,18800.0,3340,3.34,ebe9492f3c1dbb71694d689dd18d5406259126da3b10f7e304de97ffcb493176,7.745956329125743,7.745956329125743,30,8.79084888501245,8.79084888501245,1.0,4.2477559136763485,4.2477559136763485,0.6650000000000017,0.6650000000000017,1.0,15,734,0.367,0.0,0.0,97.59266663809626,97.59293430631944,97.59290031175352,97.59293430631944,True,True,0.1005,0.5384615384615384,/Users/alexis/phantom_cs073/bateria_fase5b_a2b0c2_escala_v4/A2-B0-C2-batch4-r12_III/cosmogenesis_ic.txt,True,cosmog_00500,0.0,III,ebe9492f3c1dbb71694d689dd18d5406259126da3b10f7e304de97ffcb493176,3340,18800.0,2000,0.1005,1889.4000000000005,18800.000000000004,8,0.039,0.5384615384615384,2000,A2-B0-C2-batch4-r12_s572993_f802_L1,201.0
A2-B0-C2-batch4-r12,572993,III,L2,0.2,/Users/alexis/phantom_cs073/bateria_fase8_f802_pico/A2-B0-C2-batch4-r12_s572993_f802_L2,2000,9.4,18800.0,3340,3.34,ebe9492f3c1dbb71694d689dd18d5406259126da3b10f7e304de97ffcb493176,7.745956329125743,7.745956329125743,30,8.79084888501245,12.21562008581054,1.389583673385285,4.2477559136763485,4.3976933167273256,0.6650000000000017,0.6630000000000009,0.9969924812030064,18,734,0.367,0.4434011973991026,0.2419160062734006,97.5926125443318,97.59290547494297,97.59287368136413,97.59293430631944,True,False,0.1005,0.5384615384615384,/Users/alexis/phantom_cs073/bateria_fase5b_a2b0c2_escala_v4/A2-B0-C2-batch4-r12_III/cosmogenesis_ic.txt,True,cosmog_00500,0.2,III,ebe9492f3c1dbb71694d689dd18d5406259126da3b10f7e304de97ffcb493176,3340,18800.0,2000,0.11150000000000004,2096.2000000000007,18800.0,8,0.025,0.3950617283950618,2000,A2-B0-C2-batch4-r12_s572993_f802_L2,223.00000000000009
A2-B0-C2-batch4-r12,572993,III,L3,0.35,/Users/alexis/phantom_cs073/bateria_fase8_f802_pico/A2-B0-C2-batch4-r12_s572993_f802_L3,2000,9.4,18800.0,3340,3.34,ebe9492f3c1dbb71694d689dd18d5406259126da3b10f7e304de97ffcb493176,7.745956329125743,7.745956329125743,30,8.79084888501245,17.273541975738286,1.9649458433062148,4.2477559136763485,4.487734133725363,0.6650000000000017,0.6640000000000001,0.9984962406015014,20,734,0.367,0.7759520954484473,0.4233530109784508,97.5926125443318,97.5928838514106,97.59287368136413,97.59293430631944,True,False,0.1005,0.5384615384615384,/Users/alexis/phantom_cs073/bateria_fase5b_a2b0c2_escala_v4/A2-B0-C2-batch4-r12_III/cosmogenesis_ic.txt,True,cosmog_00500,0.35,III,ebe9492f3c1dbb71694d689dd18d5406259126da3b10f7e304de97ffcb493176,3340,18800.0,2000,0.11800000000000001,2218.4000000000005,18800.000000000004,8,0.016,0.2551020408163266,2000,A2-B0-C2-batch4-r12_s572993_f802_L3,236.00000000000003
A2-B0-C2-batch4-r12,572993,III,L4,0.5,/Users/alexis/phantom_cs073/bateria_fase8_f802_pico/A2-B0-C2-batch4-r12_s572993_f802_L4,2000,9.4,18800.0,3340,3.34,ebe9492f3c1dbb71694d689dd18d5406259126da3b10f7e304de97ffcb493176,7.745956329125743,7.745956329125743,30,8.79084888501245,24.22471260869923,2.755673874681208,4.2477559136763485,4.573993147262415,0.6650000000000017,0.6619999999999998,0.9954887218045084,25,734,0.367,1.108502993497778,0.6047900156835013,97.5926125443318,97.59286222787824,97.59287368136413,97.59293430631944,True,False,0.1005,0.5384615384615384,/Users/alexis/phantom_cs073/bateria_fase5b_a2b0c2_escala_v4/A2-B0-C2-batch4-r12_III/cosmogenesis_ic.txt,True,cosmog_00500,0.5,III,ebe9492f3c1dbb71694d689dd18d5406259126da3b10f7e304de97ffcb493176,3340,18800.0,2000,0.16250000000000006,3055.000000000001,18800.0,17,0.008,0.2773109243697478,2000,A2-B0-C2-batch4-r12_s572993_f802_L4,325.0000000000001
A2-B0-C2-batch4-r31,574836,I,L0,-0.35,/Users/alexis/phantom_cs073/bateria_fase8_f802_pico/A2-B0-C2-batch4-r31_s574836_f802_L0,2000,9.4,18800.0,3332,3.332,338fe959f2f1dcedd274b2ebd2c30d0795ca562da2ce0b7f626572b0edbc7a6f,7.745960941246859,7.745960941246859,30,8.16213088034305,6.7313022735036,0.8246991345991118,4.21002939844544,3.7790495959836696,0.6670000000000005,0.6685000000000025,1.002248875562222,13,750,0.375,0.7759579364620453,0.4266816000035772,97.748214490197,97.7976696875177,97.79816304183974,97.59299241540424,True,False,0.0985,0.523076923076923,/Users/alexis/phantom_cs073/bateria_fase5b_a2b0c2_escala_v4/A2-B0-C2-batch4-r31_I/cosmogenesis_ic.txt,True,cosmog_00500,-0.35,I,338fe959f2f1dcedd274b2ebd2c30d0795ca562da2ce0b7f626572b0edbc7a6f,3332,18800.0,2000,0.08250000000000002,1551.0000000000005,18800.0,9,0.06,0.5106382978723402,2000,A2-B0-C2-batch4-r31_s574836_f802_L0,165.00000000000003
A2-B0-C2-batch4-r31,574836,I,L1,0.0,/Users/alexis/phantom_cs073/bateria_fase8_f802_pico/A2-B0-C2-batch4-r31_s574836_f802_L1,2000,9.4,18800.0,3332,3.332,338fe959f2f1dcedd274b2ebd2c30d0795ca562da2ce0b7f626572b0edbc7a6f,7.745960941246859,7.745960941246859,30,8.16213088034305,8.16213088034305,1.0,4.21002939844544,4.21002939844544,0.6670000000000005,0.6670000000000005,1.0,17,750,0.375,0.0,0.0,97.59280067825324,97.5928889941367,97.59299241540424,97.59299241540424,True,True,0.0985,0.523076923076923,/Users/alexis/phantom_cs073/bateria_fase5b_a2b0c2_escala_v4/A2-B0-C2-batch4-r31_I/cosmogenesis_ic.txt,True,cosmog_00500,0.0,I,338fe959f2f1dcedd274b2ebd2c30d0795ca562da2ce0b7f626572b0edbc7a6f,3332,18800.0,2000,0.09850000000000003,1851.8000000000006,18800.0,8,0.036,0.523076923076923,2000,A2-B0-C2-batch4-r31_s574836_f802_L1,197.00000000000006
A2-B0-C2-batch4-r31,574836,I,L2,0.2,/Users/alexis/phantom_cs073/bateria_fase8_f802_pico/A2-B0-C2-batch4-r31_s574836_f802_L2,2000,9.4,18800.0,3332,3.332,338fe959f2f1dcedd274b2ebd2c30d0795ca562da2ce0b7f626572b0edbc7a6f,7.745960941246859,7.745960941246859,30,8.16213088034305,11.749112851193583,1.439466362820658,4.21002939844544,4.367801243927981,0.6670000000000005,0.6665000000000004,0.9992503748125936,18,750,0.375,0.4434045351211698,0.2438180571449012,97.59275534828778,97.59283997342352,97.59294970411976,97.59299241540424,True,False,0.0985,0.523076923076923,/Users/alexis/phantom_cs073/bateria_fase5b_a2b0c2_escala_v4/A2-B0-C2-batch4-r31_I/cosmogenesis_ic.txt,True,cosmog_00500,0.2,I,338fe959f2f1dcedd274b2ebd2c30d0795ca562da2ce0b7f626572b0edbc7a6f,3332,18800.0,2000,0.10950000000000003,2058.600000000001,18800.000000000004,8,0.023,0.379746835443038,2000,A2-B0-C2-batch4-r31_s574836_f802_L2,219.00000000000006
A2-B0-C2-batch4-r31,574836,I,L3,0.35,/Users/alexis/phantom_cs073/bateria_fase8_f802_pico/A2-B0-C2-batch4-r31_s574836_f802_L3,2000,9.4,18800.0,3332,3.332,338fe959f2f1dcedd274b2ebd2c30d0795ca562da2ce0b7f626572b0edbc7a6f,7.745960941246859,7.745960941246859,30,8.16213088034305,14.8254411653855,1.816368958391708,4.21002939844544,4.460236715366946,0.6670000000000005,0.6665000000000003,0.9992503748125936,20,750,0.375,0.7759579364620453,0.4266816000035772,97.59275534828778,97.59283997342352,97.59294970411976,97.59299241540424,True,False,0.0985,0.523076923076923,/Users/alexis/phantom_cs073/bateria_fase5b_a2b0c2_escala_v4/A2-B0-C2-batch4-r31_I/cosmogenesis_ic.txt,True,cosmog_00500,0.35,I,338fe959f2f1dcedd274b2ebd2c30d0795ca562da2ce0b7f626572b0edbc7a6f,3332,18800.0,2000,0.12100000000000004,2274.8000000000006,18800.0,9,0.015,0.2886597938144329,2000,A2-B0-C2-batch4-r31_s574836_f802_L3,242.00000000000009
A2-B0-C2-batch4-r31,574836,I,L4,0.5,/Users/alexis/phantom_cs073/bateria_fase8_f802_pico/A2-B0-C2-batch4-r31_s574836_f802_L4,2000,9.4,18800.0,3332,3.332,338fe959f2f1dcedd274b2ebd2c30d0795ca562da2ce0b7f626572b0edbc7a6f,7.745960941246859,7.745960941246859,30,8.16213088034305,22.76625539558128,2.789253900646154,4.21002939844544,4.539113839770728,0.6670000000000005,0.6670000000000003,0.9999999999999996,22,750,0.375,1.1085113378029208,0.6095451428622533,97.59275534828778,97.59283997342352,97.59294970411976,97.59299241540424,True,False,0.0985,0.523076923076923,/Users/alexis/phantom_cs073/bateria_fase5b_a2b0c2_escala_v4/A2-B0-C2-batch4-r31_I/cosmogenesis_ic.txt,True,cosmog_00500,0.5,I,338fe959f2f1dcedd274b2ebd2c30d0795ca562da2ce0b7f626572b0edbc7a6f,3332,18800.0,2000,0.16400000000000003,3083.2000000000007,18800.0,18,0.008,0.3135593220338983,2000,A2-B0-C2-batch4-r31_s574836_f802_L4,328.00000000000006
A2-B0-C2-batch4-r47,576388,III,L0,-0.35,/Users/alexis/phantom_cs073/bateria_fase8_f802_pico/A2-B0-C2-batch4-r47_s576388_f802_L0,2000,9.4,18800.0,3282,3.282,f94ea97a75d9e9f53e227b9e16fe5fe1133afea63a78bb892d68e63d96ee7b35,7.745951050173112,7.745951050173112,30,6.028091084201561,5.769747868911274,0.9571434452993994,4.217924389749361,3.766984324747945,0.6774999999999985,0.6764999999999987,0.9985239852398524,9,747,0.3735,0.7759539231069225,0.4290838984457081,97.71659717405782,97.89295536400115,97.6557855048259,97.592867795684,True,False,0.093,0.4,/Users/alexis/phantom_cs073/bateria_fase5b_a2b0c2_escala_v4/A2-B0-C2-batch4-r47_III/cosmogenesis_ic.txt,True,cosmog_00500,-0.35,III,f94ea97a75d9e9f53e227b9e16fe5fe1133afea63a78bb892d68e63d96ee7b35,3282,18800.0,2000,0.08400000000000002,1579.2000000000003,18800.0,10,0.065,0.5208333333333331,2000,A2-B0-C2-batch4-r47_s576388_f802_L0,168.00000000000003
A2-B0-C2-batch4-r47,576388,III,L1,0.0,/Users/alexis/phantom_cs073/bateria_fase8_f802_pico/A2-B0-C2-batch4-r47_s576388_f802_L1,2000,9.4,18800.0,3282,3.282,f94ea97a75d9e9f53e227b9e16fe5fe1133afea63a78bb892d68e63d96ee7b35,7.745951050173112,7.745951050173112,30,6.028091084201561,6.028091084201561,1.0,4.217924389749361,4.217924389749361,0.6774999999999985,0.6774999999999985,1.0,11,747,0.3735,0.0,0.0,97.59239606057643,97.592867795684,97.59285152602703,97.592867795684,True,True,0.093,0.4,/Users/alexis/phantom_cs073/bateria_fase5b_a2b0c2_escala_v4/A2-B0-C2-batch4-r47_III/cosmogenesis_ic.txt,True,cosmog_00500,0.0,III,f94ea97a75d9e9f53e227b9e16fe5fe1133afea63a78bb892d68e63d96ee7b35,3282,18800.0,2000,0.09300000000000001,1748.4000000000005,18800.000000000004,8,0.039,0.4,2000,A2-B0-C2-batch4-r47_s576388_f802_L1,186.00000000000003
A2-B0-C2-batch4-r47,576388,III,L2,0.2,/Users/alexis/phantom_cs073/bateria_fase8_f802_pico/A2-B0-C2-batch4-r47_s576388_f802_L2,2000,9.4,18800.0,3282,3.282,f94ea97a75d9e9f53e227b9e16fe5fe1133afea63a78bb892d68e63d96ee7b35,7.745951050173112,7.745951050173112,30,6.028091084201561,8.331704175672634,1.38214636429572,4.217924389749361,4.375078701713653,0.6774999999999985,0.6779999999999989,1.0007380073800745,12,747,0.3735,0.4434022417753823,0.2451907991118332,97.5918371856406,97.592867795684,97.59278824685217,97.592867795684,True,False,0.093,0.4,/Users/alexis/phantom_cs073/bateria_fase5b_a2b0c2_escala_v4/A2-B0-C2-batch4-r47_III/cosmogenesis_ic.txt,True,cosmog_00500,0.2,III,f94ea97a75d9e9f53e227b9e16fe5fe1133afea63a78bb892d68e63d96ee7b35,3282,18800.0,2000,0.10700000000000001,2011.6000000000006,18800.000000000004,9,0.026,0.37837837837837907,2000,A2-B0-C2-batch4-r47_s576388_f802_L2,214.00000000000003
A2-B0-C2-batch4-r47,576388,III,L3,0.35,/Users/alexis/phantom_cs073/bateria_fase8_f802_pico/A2-B0-C2-batch4-r47_s576388_f802_L3,2000,9.4,18800.0,3282,3.282,f94ea97a75d9e9f53e227b9e16fe5fe1133afea63a78bb892d68e63d96ee7b35,7.745951050173112,7.745951050173112,30,6.028091084201561,11.096425393757166,1.840785953423748,4.217924389749361,4.467424792474415,0.6774999999999985,0.6779999999999988,1.0007380073800742,14,747,0.3735,0.7759539231069225,0.4290838984457082,97.59182454174125,97.592867795684,97.59278824685217,97.592867795684,True,False,0.093,0.4,/Users/alexis/phantom_cs073/bateria_fase5b_a2b0c2_escala_v4/A2-B0-C2-batch4-r47_III/cosmogenesis_ic.txt,True,cosmog_00500,0.35,III,f94ea97a75d9e9f53e227b9e16fe5fe1133afea63a78bb892d68e63d96ee7b35,3282,18800.0,2000,0.12600000000000006,2368.800000000001,18800.0,11,0.017,0.358695652173913,2000,A2-B0-C2-batch4-r47_s576388_f802_L3,252.0000000000001
A2-B0-C2-batch4-r47,576388,III,L4,0.5,/Users/alexis/phantom_cs073/bateria_fase8_f802_pico/A2-B0-C2-batch4-r47_s576388_f802_L4,2000,9.4,18800.0,3282,3.282,f94ea97a75d9e9f53e227b9e16fe5fe1133afea63a78bb892d68e63d96ee7b35,7.745951050173112,7.745951050173112,30,6.028091084201561,18.17210859279168,3.014571004147099,4.217924389749361,4.549783871981978,0.6774999999999985,0.6760000000000014,0.9977859778597828,19,747,0.3735,1.108505604438463,0.6129769977795829,97.59182454174125,97.592867795684,97.59278824685217,97.592867795684,True,False,0.093,0.4,/Users/alexis/phantom_cs073/bateria_fase5b_a2b0c2_escala_v4/A2-B0-C2-batch4-r47_III/cosmogenesis_ic.txt,True,cosmog_00500,0.5,III,f94ea97a75d9e9f53e227b9e16fe5fe1133afea63a78bb892d68e63d96ee7b35,3282,18800.0,2000,0.16150000000000003,3036.2000000000007,18800.0,18,0.009,0.2993827160493828,2000,A2-B0-C2-batch4-r47_s576388_f802_L4,323.00000000000006
A2-B0-C2-r1,271926,I,L0,-0.35,/Users/alexis/phantom_cs073/bateria_fase8_f802_pico/A2-B0-C2-r1_s271926_f802_L0,2000,9.4,18800.0,4078,4.078,b0638abe3be3b048806827eeb863259cc1814810fcbbf4afc7960c6e0a23da6f,7.745964062689553,7.745964062689553,30,12.25778896617674,10.997616334006326,0.8971941321842264,4.68452326728292,4.43082134120958,0.5259999999999995,0.5254999999999995,0.9990494296577948,48,638,0.319,0.7759569898477617,0.4292763433154706,97.81900371461826,97.77832097900144,97.852087606513,97.59303174311778,True,False,0.087,0.4137931034482758,/Users/alexis/phantom_cs073/bateria_fase5b_a2b0c2_piloto/A2-B0-C2-r1_I/cosmogenesis_ic.txt,True,cosmog_00500,-0.35,I,b0638abe3be3b048806827eeb863259cc1814810fcbbf4afc7960c6e0a23da6f,4078,18800.0,2000,0.07250000000000002,1363.0000000000005,18800.0,8,0.064,0.487179487179487,2000,A2-B0-C2-r1_s271926_f802_L0,145.00000000000006
A2-B0-C2-r1,271926,I,L1,0.0,/Users/alexis/phantom_cs073/bateria_fase8_f802_pico/A2-B0-C2-r1_s271926_f802_L1,2000,9.4,18800.0,4078,4.078,b0638abe3be3b048806827eeb863259cc1814810fcbbf4afc7960c6e0a23da6f,7.745964062689553,7.745964062689553,30,12.25778896617674,12.25778896617674,1.0,4.68452326728292,4.68452326728292,0.5259999999999995,0.5259999999999995,1.0,48,638,0.319,0.0,0.0,97.59296751829405,97.5928121295328,97.59303174311778,97.59303174311778,True,True,0.087,0.4137931034482758,/Users/alexis/phantom_cs073/bateria_fase5b_a2b0c2_piloto/A2-B0-C2-r1_I/cosmogenesis_ic.txt,True,cosmog_00500,0.0,I,b0638abe3be3b048806827eeb863259cc1814810fcbbf4afc7960c6e0a23da6f,4078,18800.0,2000,0.08700000000000002,1635.6000000000004,18800.0,8,0.038,0.4137931034482758,2000,A2-B0-C2-r1_s271926_f802_L1,174.00000000000006
A2-B0-C2-r1,271926,I,L2,0.2,/Users/alexis/phantom_cs073/bateria_fase8_f802_pico/A2-B0-C2-r1_s271926_f802_L2,2000,9.4,18800.0,4078,4.078,b0638abe3be3b048806827eeb863259cc1814810fcbbf4afc7960c6e0a23da6f,7.745964062689553,7.745964062689553,30,12.25778896617674,15.462270485409896,1.2614241057726945,4.68452326728292,4.775359275277144,0.5259999999999995,0.5224999999999995,0.9933460076045628,50,638,0.319,0.4434039941987168,0.2453007676088403,97.59296751829405,97.59258107234037,97.59303174311778,97.59303174311778,True,False,0.087,0.4137931034482758,/Users/alexis/phantom_cs073/bateria_fase5b_a2b0c2_piloto/A2-B0-C2-r1_I/cosmogenesis_ic.txt,True,cosmog_00500,0.2,I,b0638abe3be3b048806827eeb863259cc1814810fcbbf4afc7960c6e0a23da6f,4078,18800.0,2000,0.09550000000000002,1795.4000000000005,18800.000000000004,8,0.026,0.30092592592592565,2000,A2-B0-C2-r1_s271926_f802_L2,191.00000000000003
A2-B0-C2-r1,271926,I,L3,0.35,/Users/alexis/phantom_cs073/bateria_fase8_f802_pico/A2-B0-C2-r1_s271926_f802_L3,2000,9.4,18800.0,4078,4.078,b0638abe3be3b048806827eeb863259cc1814810fcbbf4afc7960c6e0a23da6f,7.745964062689553,7.745964062689553,30,12.25778896617674,20.715870528004853,1.6900169015119066,4.68452326728292,4.834596344176554,0.5259999999999995,0.5234999999999995,0.9952471482889734,51,638,0.319,0.7759569898477617,0.4292763433154706,97.59296751829405,97.59258107234037,97.59303174311778,97.59303174311778,True,False,0.087,0.4137931034482758,/Users/alexis/phantom_cs073/bateria_fase5b_a2b0c2_piloto/A2-B0-C2-r1_I/cosmogenesis_ic.txt,True,cosmog_00500,0.35,I,b0638abe3be3b048806827eeb863259cc1814810fcbbf4afc7960c6e0a23da6f,4078,18800.0,2000,0.10650000000000004,2002.2000000000007,18800.0,9,0.017,0.2891566265060241,2000,A2-B0-C2-r1_s271926_f802_L3,213.00000000000009
A2-B0-C2-r1,271926,I,L4,0.5,/Users/alexis/phantom_cs073/bateria_fase8_f802_pico/A2-B0-C2-r1_s271926_f802_L4,2000,9.4,18800.0,4078,4.078,b0638abe3be3b048806827eeb863259cc1814810fcbbf4afc7960c6e0a23da6f,7.745964062689553,7.745964062689553,30,12.25778896617674,27.53491694708205,2.24632003561653,4.68452326728292,4.895165682346221,0.5259999999999995,0.5229999999999995,0.994296577946768,52,638,0.319,1.1085099854968063,0.613251919022101,97.59296751829405,97.59258107234037,97.59303174311778,97.59303174311778,True,False,0.087,0.4137931034482758,/Users/alexis/phantom_cs073/bateria_fase5b_a2b0c2_piloto/A2-B0-C2-r1_I/cosmogenesis_ic.txt,True,cosmog_00500,0.5,I,b0638abe3be3b048806827eeb863259cc1814810fcbbf4afc7960c6e0a23da6f,4078,18800.0,2000,0.12150000000000007,2284.200000000001,18800.0,11,0.0125,0.28571428571428564,2000,A2-B0-C2-r1_s271926_f802_L4,243.00000000000014
A2-B0-C2-r14,273187,III,L0,-0.35,/Users/alexis/phantom_cs073/bateria_fase8_f802_pico/A2-B0-C2-r14_s273187_f802_L0,2000,9.4,18800.0,3296,3.296,0c6fc25052dcd04b9ce39c6e385b238d8ccd217f65951236756d4b5e3bb7cd0e,7.745965173279898,7.745965173279898,30,7.870617297086977,6.707357610393728,0.8522022297890424,4.32029404723538,3.912567050083741,0.6655000000000015,0.6654999999999995,0.999999999999997,12,739,0.3695,0.7759585198956575,0.4322891063763897,97.74808274630286,97.65172808920622,97.85265434001764,97.59304573567933,True,False,0.099,0.5151515151515152,/Users/alexis/phantom_cs073/bateria_fase5b_a2b0c2_piloto/A2-B0-C2-r14_III/cosmogenesis_ic.txt,True,cosmog_00500,-0.35,III,0c6fc25052dcd04b9ce39c6e385b238d8ccd217f65951236756d4b5e3bb7cd0e,3296,18800.0,2000,0.08650000000000002,1626.2000000000003,18800.0,10,0.071,0.6992481203007517,2000,A2-B0-C2-r14_s273187_f802_L0,173.00000000000006
A2-B0-C2-r14,273187,III,L1,0.0,/Users/alexis/phantom_cs073/bateria_fase8_f802_pico/A2-B0-C2-r14_s273187_f802_L1,2000,9.4,18800.0,3296,3.296,0c6fc25052dcd04b9ce39c6e385b238d8ccd217f65951236756d4b5e3bb7cd0e,7.745965173279898,7.745965173279898,30,7.870617297086977,7.870617297086977,1.0,4.32029404723538,4.32029404723538,0.6655000000000015,0.6655000000000015,1.0,14,739,0.3695,0.0,0.0,97.59294247262024,97.59295382341116,97.59304573567933,97.59304573567933,True,True,0.099,0.5151515151515152,/Users/alexis/phantom_cs073/bateria_fase5b_a2b0c2_piloto/A2-B0-C2-r14_III/cosmogenesis_ic.txt,True,cosmog_00500,0.0,III,0c6fc25052dcd04b9ce39c6e385b238d8ccd217f65951236756d4b5e3bb7cd0e,3296,18800.0,2000,0.09900000000000003,1861.2000000000007,18800.0,8,0.042,0.5151515151515152,2000,A2-B0-C2-r14_s273187_f802_L1,198.00000000000006
A2-B0-C2-r14,273187,III,L2,0.2,/Users/alexis/phantom_cs073/bateria_fase8_f802_pico/A2-B0-C2-r14_s273187_f802_L2,2000,9.4,18800.0,3296,3.296,0c6fc25052dcd04b9ce39c6e385b238d8ccd217f65951236756d4b5e3bb7cd0e,7.745965173279898,7.745965173279898,30,7.870617297086977,10.483417564958687,1.3319689128880328,4.32029404723538,4.475047686619982,0.6655000000000015,0.6660000000000009,1.0007513148009006,17,739,0.3695,0.4434048685118042,0.2470223465007942,97.59294247262024,97.59295382341116,97.59304573567933,97.59304573567933,True,False,0.099,0.5151515151515152,/Users/alexis/phantom_cs073/bateria_fase5b_a2b0c2_piloto/A2-B0-C2-r14_III/cosmogenesis_ic.txt,True,cosmog_00500,0.2,III,0c6fc25052dcd04b9ce39c6e385b238d8ccd217f65951236756d4b5e3bb7cd0e,3296,18800.0,2000,0.10850000000000003,2039.8000000000006,18800.0,8,0.028,0.38333333333333225,2000,A2-B0-C2-r14_s273187_f802_L2,217.00000000000006
A2-B0-C2-r14,273187,III,L3,0.35,/Users/alexis/phantom_cs073/bateria_fase8_f802_pico/A2-B0-C2-r14_s273187_f802_L3,2000,9.4,18800.0,3296,3.296,0c6fc25052dcd04b9ce39c6e385b238d8ccd217f65951236756d4b5e3bb7cd0e,7.745965173279898,7.745965173279898,30,7.870617297086977,15.116409015479736,1.920612887768603,4.32029404723538,4.569780417819964,0.6655000000000015,0.6660000000000009,1.0007513148009006,19,739,0.3695,0.7759585198956575,0.4322891063763898,97.59294247262024,97.59295382341116,97.59304573567933,97.59304573567933,True,False,0.099,0.5151515151515152,/Users/alexis/phantom_cs073/bateria_fase5b_a2b0c2_piloto/A2-B0-C2-r14_III/cosmogenesis_ic.txt,True,cosmog_00500,0.35,III,0c6fc25052dcd04b9ce39c6e385b238d8ccd217f65951236756d4b5e3bb7cd0e,3296,18800.0,2000,0.12000000000000002,2256.0000000000005,18800.0,9,0.018,0.3404255319148936,2000,A2-B0-C2-r14_s273187_f802_L3,240.00000000000006
A2-B0-C2-r14,273187,III,L4,0.5,/Users/alexis/phantom_cs073/bateria_fase8_f802_pico/A2-B0-C2-r14_s273187_f802_L4,2000,9.4,18800.0,3296,3.296,0c6fc25052dcd04b9ce39c6e385b238d8ccd217f65951236756d4b5e3bb7cd0e,7.745965173279898,7.745965173279898,30,7.870617297086977,24.55700772995505,3.1200866212925806,4.32029404723538,4.654838800907945,0.6655000000000015,0.6655,0.9999999999999976,24,739,0.3695,1.1085121712795234,0.6175558662519857,97.59294247262024,97.59295382341116,97.59304573567933,97.59304573567933,True,False,0.099,0.5151515151515152,/Users/alexis/phantom_cs073/bateria_fase5b_a2b0c2_piloto/A2-B0-C2-r14_III/cosmogenesis_ic.txt,True,cosmog_00500,0.5,III,0c6fc25052dcd04b9ce39c6e385b238d8ccd217f65951236756d4b5e3bb7cd0e,3296,18800.0,2000,0.15550000000000003,2923.4000000000005,18800.0,16,0.009,0.27433628318584063,2000,A2-B0-C2-r14_s273187_f802_L4,311.00000000000006
A2-B0-C2-r17,273478,III,L0,-0.35,/Users/alexis/phantom_cs073/bateria_fase8_f802_pico/A2-B0-C2-r17_s273478_f802_L0,2000,9.4,18800.0,3165,3.165,5f5174b6cb43345da88c4a74bd560bc1d2011d0303033ac1f3fb9a40f1dbe4e9,7.745965411722877,7.745965411722877,30,18.34790695991243,12.793226642034274,0.6972580943420771,4.193278924879399,3.77182796171284,0.6615000000000013,0.6630000000000018,1.002267573696146,17,785,0.3925,0.7759575348171239,0.4335929948310077,97.73693435874785,97.7437764567215,97.76932492228624,97.5930487398726,True,False,0.121,0.7971014492753623,/Users/alexis/phantom_cs073/bateria_fase5b_a2b0c2_piloto/A2-B0-C2-r17_III/cosmogenesis_ic.txt,True,cosmog_00500,-0.35,III,5f5174b6cb43345da88c4a74bd560bc1d2011d0303033ac1f3fb9a40f1dbe4e9,3165,18800.0,2000,0.09200000000000001,1729.6000000000006,18800.000000000004,8,0.053,0.9503546099290775,2000,A2-B0-C2-r17_s273478_f802_L0,184.00000000000003
A2-B0-C2-r17,273478,III,L1,0.0,/Users/alexis/phantom_cs073/bateria_fase8_f802_pico/A2-B0-C2-r17_s273478_f802_L1,2000,9.4,18800.0,3165,3.165,5f5174b6cb43345da88c4a74bd560bc1d2011d0303033ac1f3fb9a40f1dbe4e9,7.745965411722877,7.745965411722877,30,18.34790695991243,18.34790695991243,1.0,4.193278924879399,4.193278924879399,0.6615000000000013,0.6615000000000013,1.0,18,785,0.3925,0.0,0.0,97.59296034536496,97.59297769901566,97.5930487398726,97.5930487398726,True,True,0.121,0.7971014492753623,/Users/alexis/phantom_cs073/bateria_fase5b_a2b0c2_piloto/A2-B0-C2-r17_III/cosmogenesis_ic.txt,True,cosmog_00500,0.0,III,5f5174b6cb43345da88c4a74bd560bc1d2011d0303033ac1f3fb9a40f1dbe4e9,3165,18800.0,2000,0.12100000000000004,2274.8000000000006,18800.0,8,0.03,0.7971014492753623,2000,A2-B0-C2-r17_s273478_f802_L1,242.00000000000009
A2-B0-C2-r17,273478,III,L2,0.2,/Users/alexis/phantom_cs073/bateria_fase8_f802_pico/A2-B0-C2-r17_s273478_f802_L2,2000,9.4,18800.0,3165,3.165,5f5174b6cb43345da88c4a74bd560bc1d2011d0303033ac1f3fb9a40f1dbe4e9,7.745965411722877,7.745965411722877,30,18.34790695991243,28.924265035603145,1.576434036797688,4.193278924879399,4.340756978923569,0.6615000000000013,0.6620000000000013,1.000755857898715,21,785,0.3925,0.4434043056097871,0.2477674256177186,97.59284884275225,97.59280222148608,97.5930487398726,97.5930487398726,True,False,0.121,0.7971014492753623,/Users/alexis/phantom_cs073/bateria_fase5b_a2b0c2_piloto/A2-B0-C2-r17_III/cosmogenesis_ic.txt,True,cosmog_00500,0.2,III,5f5174b6cb43345da88c4a74bd560bc1d2011d0303033ac1f3fb9a40f1dbe4e9,3165,18800.0,2000,0.1325,2491.0,18800.0,8,0.018,0.5074074074074065,2000,A2-B0-C2-r17_s273478_f802_L2,265.0
A2-B0-C2-r17,273478,III,L3,0.35,/Users/alexis/phantom_cs073/bateria_fase8_f802_pico/A2-B0-C2-r17_s273478_f802_L3,2000,9.4,18800.0,3165,3.165,5f5174b6cb43345da88c4a74bd560bc1d2011d0303033ac1f3fb9a40f1dbe4e9,7.745965411722877,7.745965411722877,30,18.34790695991243,40.79434938424628,2.22337891037796,4.193278924879399,4.435804062660671,0.6615000000000013,0.6605000000000006,0.998488284202569,24,785,0.3925,0.7759575348171239,0.4335929948310078,97.59284884275225,97.59280222148608,97.5930487398726,97.5930487398726,True,False,0.121,0.7971014492753623,/Users/alexis/phantom_cs073/bateria_fase5b_a2b0c2_piloto/A2-B0-C2-r17_III/cosmogenesis_ic.txt,True,cosmog_00500,0.35,III,5f5174b6cb43345da88c4a74bd560bc1d2011d0303033ac1f3fb9a40f1dbe4e9,3165,18800.0,2000,0.14949999999999997,2810.5999999999995,18800.0,11,0.011,0.3669724770642206,2000,A2-B0-C2-r17_s273478_f802_L3,298.99999999999994
A2-B0-C2-r17,273478,III,L4,0.5,/Users/alexis/phantom_cs073/bateria_fase8_f802_pico/A2-B0-C2-r17_s273478_f802_L4,2000,9.4,18800.0,3165,3.165,5f5174b6cb43345da88c4a74bd560bc1d2011d0303033ac1f3fb9a40f1dbe4e9,7.745965411722877,7.745965411722877,30,18.34790695991243,62.004471192075904,3.379375714491406,4.193278924879399,4.535147019009978,0.6615000000000013,0.6585000000000006,0.9954648526077088,27,785,0.3925,1.108510764024475,0.619418564044297,97.59284884275225,97.59280222148608,97.5930487398726,97.5930487398726,True,False,0.121,0.7971014492753623,/Users/alexis/phantom_cs073/bateria_fase5b_a2b0c2_piloto/A2-B0-C2-r17_III/cosmogenesis_ic.txt,True,cosmog_00500,0.5,III,5f5174b6cb43345da88c4a74bd560bc1d2011d0303033ac1f3fb9a40f1dbe4e9,3165,18800.0,2000,0.16449999999999998,3092.5999999999995,18800.0,13,0.007,0.18978102189781024,2000,A2-B0-C2-r17_s273478_f802_L4,328.99999999999994
A2-B0-C2-r2,372023,I,L0,-0.35,/Users/alexis/phantom_cs073/bateria_fase8_f802_pico/A2-B0-C2-r2_s372023_f802_L0,2000,9.4,18800.0,4094,4.094,ddce696ffe7d69aea23f43d7f2114e773716b9e07f42a993a43e8099cd058cfa,7.745965025080108,7.745965025080108,30,7.527256426368226,7.824807256554844,1.0395297852673502,4.580536647875594,4.244211544116017,0.5344999999999994,0.5349999999999994,1.000935453695042,30,625,0.3125,0.7759583326174198,0.4319429773976635,97.70329829400062,97.74630405968765,97.77475539706168,97.59304386847896,True,False,0.076,0.5000000000000001,/Users/alexis/phantom_cs073/bateria_fase5b_a2b0c2_escala_v2/A2-B0-C2-r2_I/cosmogenesis_ic.txt,True,cosmog_00500,-0.35,I,ddce696ffe7d69aea23f43d7f2114e773716b9e07f42a993a43e8099cd058cfa,4094,18800.0,2000,0.06299999999999999,1184.4,18800.000000000004,8,0.084,0.4166666666666667,2000,A2-B0-C2-r2_s372023_f802_L0,125.99999999999997
A2-B0-C2-r2,372023,I,L1,0.0,/Users/alexis/phantom_cs073/bateria_fase8_f802_pico/A2-B0-C2-r2_s372023_f802_L1,2000,9.4,18800.0,4094,4.094,ddce696ffe7d69aea23f43d7f2114e773716b9e07f42a993a43e8099cd058cfa,7.745965025080108,7.745965025080108,30,7.527256426368226,7.527256426368226,1.0,4.580536647875594,4.580536647875594,0.5344999999999994,0.5344999999999994,1.0,37,625,0.3125,0.0,0.0,97.59296540737448,97.59304386847896,97.59303824883584,97.59304386847896,True,True,0.076,0.5000000000000001,/Users/alexis/phantom_cs073/bateria_fase5b_a2b0c2_escala_v2/A2-B0-C2-r2_I/cosmogenesis_ic.txt,True,cosmog_00500,0.0,I,ddce696ffe7d69aea23f43d7f2114e773716b9e07f42a993a43e8099cd058cfa,4094,18800.0,2000,0.07600000000000001,1428.8000000000002,18800.0,8,0.05,0.5000000000000001,2000,A2-B0-C2-r2_s372023_f802_L1,152.00000000000003
A2-B0-C2-r2,372023,I,L2,0.2,/Users/alexis/phantom_cs073/bateria_fase8_f802_pico/A2-B0-C2-r2_s372023_f802_L2,2000,9.4,18800.0,4094,4.094,ddce696ffe7d69aea23f43d7f2114e773716b9e07f42a993a43e8099cd058cfa,7.745965025080108,7.745965025080108,30,7.527256426368226,8.8234519448172,1.1722002606299369,4.580536647875594,4.696612917011522,0.5344999999999994,0.5324999999999994,0.9962581852198316,43,625,0.3125,0.4434047614956623,0.2468245585129505,97.59270115219148,97.59304386847896,97.5930284441045,97.59304386847896,True,False,0.076,0.5000000000000001,/Users/alexis/phantom_cs073/bateria_fase5b_a2b0c2_escala_v2/A2-B0-C2-r2_I/cosmogenesis_ic.txt,True,cosmog_00500,0.2,I,ddce696ffe7d69aea23f43d7f2114e773716b9e07f42a993a43e8099cd058cfa,4094,18800.0,2000,0.08600000000000003,1616.8000000000006,18800.0,8,0.033,0.396551724137931,2000,A2-B0-C2-r2_s372023_f802_L2,172.00000000000006
A2-B0-C2-r2,372023,I,L3,0.35,/Users/alexis/phantom_cs073/bateria_fase8_f802_pico/A2-B0-C2-r2_s372023_f802_L3,2000,9.4,18800.0,4094,4.094,ddce696ffe7d69aea23f43d7f2114e773716b9e07f42a993a43e8099cd058cfa,7.745965025080108,7.745965025080108,30,7.527256426368226,11.936896738006023,1.5858230491777436,4.580536647875594,4.76315376313342,0.5344999999999994,0.5299999999999995,0.9915809167446212,48,625,0.3125,0.7759583326174198,0.4319429773976633,97.59270115219148,97.59304386847896,97.5930284441045,97.59304386847896,True,False,0.076,0.5000000000000001,/Users/alexis/phantom_cs073/bateria_fase5b_a2b0c2_escala_v2/A2-B0-C2-r2_I/cosmogenesis_ic.txt,True,cosmog_00500,0.35,I,ddce696ffe7d69aea23f43d7f2114e773716b9e07f42a993a43e8099cd058cfa,4094,18800.0,2000,0.09250000000000004,1739.0000000000007,18800.0,8,0.022,0.3538461538461538,2000,A2-B0-C2-r2_s372023_f802_L3,185.00000000000009
A2-B0-C2-r2,372023,I,L4,0.5,/Users/alexis/phantom_cs073/bateria_fase8_f802_pico/A2-B0-C2-r2_s372023_f802_L4,2000,9.4,18800.0,4094,4.094,ddce696ffe7d69aea23f43d7f2114e773716b9e07f42a993a43e8099cd058cfa,7.745965025080108,7.745965025080108,30,7.527256426368226,17.31644865332959,2.3004993682252546,4.580536647875594,4.824075571044741,0.5344999999999994,0.5279999999999996,0.987839101964453,53,625,0.3125,1.1085119037391773,0.6170613962823763,97.59270115219148,97.59304386847896,97.5930284441045,97.59304386847896,True,False,0.076,0.5000000000000001,/Users/alexis/phantom_cs073/bateria_fase5b_a2b0c2_escala_v2/A2-B0-C2-r2_I/cosmogenesis_ic.txt,True,cosmog_00500,0.5,I,ddce696ffe7d69aea23f43d7f2114e773716b9e07f42a993a43e8099cd058cfa,4094,18800.0,2000,0.10200000000000002,1917.6000000000008,18800.000000000004,9,0.013,0.2647058823529411,2000,A2-B0-C2-r2_s372023_f802_L4,204.00000000000003
A2-B0-C2-r39,375612,III,L0,-0.35,/Users/alexis/phantom_cs073/bateria_fase8_f802_pico/A2-B0-C2-r39_s375612_f802_L0,2000,9.4,18800.0,4083,4.083,6b73fc02f4e6f5a1661503ea7fc8bb17a6ee9475142da14406cdc21dc19fee2a,7.745959299993383,7.745959299993383,30,8.341468000805753,8.532490705369856,1.0229003701201815,4.576282896001966,4.239185264619257,0.5304999999999996,0.5314999999999994,1.0018850141376057,41,627,0.3135,0.7759536775756506,0.4381930725802455,97.74700971257472,97.78035641469678,97.76255351128864,97.5929717369062,True,False,0.0785,0.4722222222222217,/Users/alexis/phantom_cs073/bateria_fase5b_a2b0c2_escala_v2/A2-B0-C2-r39_III/cosmogenesis_ic.txt,True,cosmog_00500,-0.35,III,6b73fc02f4e6f5a1661503ea7fc8bb17a6ee9475142da14406cdc21dc19fee2a,4083,18800.0,2000,0.06650000000000002,1250.2000000000003,18800.0,8,0.077,0.4678899082568808,2000,A2-B0-C2-r39_s375612_f802_L0,133.00000000000003
A2-B0-C2-r39,375612,III,L1,0.0,/Users/alexis/phantom_cs073/bateria_fase8_f802_pico/A2-B0-C2-r39_s375612_f802_L1,2000,9.4,18800.0,4083,4.083,6b73fc02f4e6f5a1661503ea7fc8bb17a6ee9475142da14406cdc21dc19fee2a,7.745959299993383,7.745959299993383,30,8.341468000805753,8.341468000805753,1.0,4.576282896001966,4.576282896001966,0.5304999999999996,0.5304999999999996,1.0,41,627,0.3135,0.0,0.0,97.5929717369062,97.59293764902256,97.59287445432336,97.5929717369062,True,True,0.0785,0.4722222222222217,/Users/alexis/phantom_cs073/bateria_fase5b_a2b0c2_escala_v2/A2-B0-C2-r39_III/cosmogenesis_ic.txt,True,cosmog_00500,0.0,III,6b73fc02f4e6f5a1661503ea7fc8bb17a6ee9475142da14406cdc21dc19fee2a,4083,18800.0,2000,0.07850000000000001,1475.8000000000002,18800.0,8,0.045,0.47222222222222177,2000,A2-B0-C2-r39_s375612_f802_L1,157.00000000000003
A2-B0-C2-r39,375612,III,L2,0.2,/Users/alexis/phantom_cs073/bateria_fase8_f802_pico/A2-B0-C2-r39_s375612_f802_L2,2000,9.4,18800.0,4083,4.083,6b73fc02f4e6f5a1661503ea7fc8bb17a6ee9475142da14406cdc21dc19fee2a,7.745959299993383,7.745959299993383,30,8.341468000805753,9.985230607364642,1.1970591515066782,4.576282896001966,4.70105245349029,0.5304999999999996,0.5314999999999995,1.001885014137606,44,627,0.3135,0.4434021014718044,0.2503960414744259,97.5929717369062,97.5928756137548,97.59275626935111,97.5929717369062,True,False,0.0785,0.4722222222222217,/Users/alexis/phantom_cs073/bateria_fase5b_a2b0c2_escala_v2/A2-B0-C2-r39_III/cosmogenesis_ic.txt,True,cosmog_00500,0.2,III,6b73fc02f4e6f5a1661503ea7fc8bb17a6ee9475142da14406cdc21dc19fee2a,4083,18800.0,2000,0.08600000000000003,1616.8000000000006,18800.0,8,0.029,0.31318681318681335,2000,A2-B0-C2-r39_s375612_f802_L2,172.00000000000006
A2-B0-C2-r39,375612,III,L3,0.35,/Users/alexis/phantom_cs073/bateria_fase8_f802_pico/A2-B0-C2-r39_s375612_f802_L3,2000,9.4,18800.0,4083,4.083,6b73fc02f4e6f5a1661503ea7fc8bb17a6ee9475142da14406cdc21dc19fee2a,7.745959299993383,7.745959299993383,30,8.341468000805753,12.37887951062248,1.4840169031909884,4.576282896001966,4.774263807336491,0.5304999999999996,0.5324999999999993,1.0037700282752111,47,627,0.3135,0.7759536775756506,0.4381930725802455,97.5929717369062,97.5928756137548,97.59275626935111,97.5929717369062,True,False,0.0785,0.4722222222222217,/Users/alexis/phantom_cs073/bateria_fase5b_a2b0c2_escala_v2/A2-B0-C2-r39_III/cosmogenesis_ic.txt,True,cosmog_00500,0.35,III,6b73fc02f4e6f5a1661503ea7fc8bb17a6ee9475142da14406cdc21dc19fee2a,4083,18800.0,2000,0.09450000000000001,1776.6000000000006,18800.000000000004,8,0.019,0.29999999999999993,2000,A2-B0-C2-r39_s375612_f802_L3,189.00000000000003
A2-B0-C2-r39,375612,III,L4,0.5,/Users/alexis/phantom_cs073/bateria_fase8_f802_pico/A2-B0-C2-r39_s375612_f802_L4,2000,9.4,18800.0,4083,4.083,6b73fc02f4e6f5a1661503ea7fc8bb17a6ee9475142da14406cdc21dc19fee2a,7.745959299993383,7.745959299993383,30,8.341468000805753,18.419552811410707,2.2081907896345645,4.576282896001966,4.847379192523773,0.5304999999999996,0.5319999999999995,1.0028275212064088,52,627,0.3135,1.1085052536794968,0.6259901036860648,97.5929717369062,97.5928756137548,97.59275626935111,97.5929717369062,True,False,0.0785,0.4722222222222217,/Users/alexis/phantom_cs073/bateria_fase5b_a2b0c2_escala_v2/A2-B0-C2-r39_III/cosmogenesis_ic.txt,True,cosmog_00500,0.5,III,6b73fc02f4e6f5a1661503ea7fc8bb17a6ee9475142da14406cdc21dc19fee2a,4083,18800.0,2000,0.11100000000000003,2086.8000000000006,18800.0,11,0.01,0.2530120481927712,2000,A2-B0-C2-r39_s375612_f802_L4,222.00000000000006
