rule_id,N,escala_b,dt,diam_real,giant_real,holon_real,n_aristas,n_triangulos,diam_null_topo,diam_null_topo_std,holon_null_valor,eje_A,eje_B,eje_C,clase_final
A2-B0-C2-r0,2000,1,0.01,1.0,0.869,0.6489069342308292,2479,78,19.0,0.816496581927726,1.5693341049954863,A2,B0,C2,intermedio (sin clase clara)
A2-B0-C2-r0,1263,2,0.04,13.0,0.8194774346793349,0.6489069342308292,1717,78,12.666666666666666,1.2472191299246471,1.5693341049954863,A2,B0,C2,intermedio (sin clase clara)
A2-B0-C2-r0,817,4,0.07,9.0,0.7380660954712362,0.6489069342308292,1273,78,9.0,0.816496581927726,1.5693341049954863,A2,B0,C2,intermedio (sin clase clara)
A2-B0-C2-r0,622,8,0.09,6.0,0.6591639871382636,0.6489069342308292,1062,78,6.666666666666667,0.4714045217910317,1.5693341049954863,A2,B0,C2,intermedio (sin clase clara)
A2-B0-C2-r0,488,16,0.11,5.0,0.569672131147541,0.6489069342308292,901,78,5.0,1e-09,1.5693341049954863,A2,B0,C2,intermedio (sin clase clara)
A2-B0-C2-r1,2000,1,0.01,13.0,0.973,0.4860429941260429,4078,75,10.666666666666666,0.4714045217910317,1.5759175587462673,A2,B0,C2,I
A2-B0-C2-r1,1167,2,0.06,8.0,0.9545844044558698,0.4860429941260429,3228,75,7.666666666666667,0.9428090425820633,1.5759175587462673,A2,B0,C2,I
A2-B0-C2-r1,710,4,0.1,6.0,0.9253521126760563,0.4860429941260429,2745,75,5.666666666666667,0.4714045217910317,1.5759175587462673,A2,B0,C2,I
A2-B0-C2-r1,498,8,0.13,5.0,0.893574297188755,0.4860429941260429,2466,75,4.666666666666667,0.4714045217910317,1.5759175587462673,A2,B0,C2,I
A2-B0-C2-r1,359,16,0.16,4.0,0.8523676880222841,0.4860429941260429,2113,75,4.0,1e-09,1.5759175587462673,A2,B0,C2,I
A2-B0-C2-r2,2000,1,0.02,16.0,0.9195,0.733457597721185,3057,84,14.666666666666666,0.4714045217910317,1.3386504631859013,A2,B0,C2,III
A2-B0-C2-r2,1222,2,0.05,10.0,0.8739770867430442,0.733457597721185,2253,84,9.666666666666666,0.4714045217910317,1.3386504631859013,A2,B0,C2,III
A2-B0-C2-r2,805,4,0.09,7.0,0.8099378881987578,0.733457597721185,1823,84,6.666666666666667,0.4714045217910317,1.3386504631859013,A2,B0,C2,III
A2-B0-C2-r2,582,8,0.12,5.0,0.7371134020618557,0.733457597721185,1572,84,5.333333333333333,0.4714045217910317,1.3386504631859013,A2,B0,C2,III
A2-B0-C2-r2,479,16,0.15,5.0,0.6805845511482255,0.733457597721185,1391,84,4.0,1e-09,1.3386504631859013,A2,B0,C2,III
A2-B0-C2-r3,2000,1,0.02,14.0,0.965,0.21405127044907357,3386,51,12.666666666666666,0.4714045217910317,1.3085915318802543,A2,B0,C2,I
A2-B0-C2-r3,1186,2,0.07,9.0,0.9443507588532883,0.21405127044907357,2556,51,9.333333333333334,0.9428090425820633,1.3085915318802543,A2,B0,C2,I
A2-B0-C2-r3,726,4,0.1,6.0,0.9104683195592287,0.21405127044907357,2094,51,6.333333333333333,0.4714045217910317,1.3085915318802543,A2,B0,C2,I
A2-B0-C2-r3,496,8,0.13,6.0,0.8689516129032258,0.21405127044907357,1821,51,5.0,1e-09,1.3085915318802543,A2,B0,C2,I
A2-B0-C2-r3,386,16,0.16,4.0,0.8316062176165803,0.21405127044907357,1606,51,4.0,1e-09,1.3085915318802543,A2,B0,C2,I
A2-B0-C2-r4,2000,1,0.03,15.0,0.9845,1.0054129937209575,4017,24,10.666666666666666,0.4714045217910317,1.614194344397587,A2,B0,C2,III
A2-B0-C2-r4,1170,2,0.08,10.0,0.9752136752136752,1.0054129937209575,3184,24,7.333333333333333,0.4714045217910317,1.614194344397587,A2,B0,C2,III
A2-B0-C2-r4,710,4,0.12,6.0,0.9591549295774648,1.0054129937209575,2711,24,6.0,1e-09,1.614194344397587,A2,B0,C2,III
A2-B0-C2-r4,479,8,0.15,5.0,0.9394572025052192,1.0054129937209575,2435,24,5.0,1e-09,1.614194344397587,A2,B0,C2,III
A2-B0-C2-r4,349,16,0.18,4.0,0.9169054441260746,1.0054129937209575,2100,24,4.0,1e-09,1.614194344397587,A2,B0,C2,III
A2-B0-C2-r5,2000,1,0.02,12.0,0.9695,0.7675757127095034,4026,117,12.0,0.816496581927726,1.4478079786894535,A2,B0,C2,I
A2-B0-C2-r5,1173,2,0.07,8.0,0.948849104859335,0.7675757127095034,3179,117,8.0,1e-09,1.4478079786894535,A2,B0,C2,I
A2-B0-C2-r5,737,4,0.1,7.0,0.9185888738127544,0.7675757127095034,2708,117,6.0,1e-09,1.4478079786894535,A2,B0,C2,I
A2-B0-C2-r5,478,8,0.14,5.0,0.8744769874476988,0.7675757127095034,2384,117,5.0,1e-09,1.4478079786894535,A2,B0,C2,I
A2-B0-C2-r5,384,16,0.18,4.0,0.84375,0.7675757127095034,2116,117,4.0,1e-09,1.4478079786894535,A2,B0,C2,I
A2-B0-C2-r6,2000,1,0.02,13.0,0.9705,0.7113835931258626,3381,48,13.333333333333334,0.4714045217910317,1.3998531625250241,A2,B0,C2,I
A2-B0-C2-r6,1177,2,0.06,9.0,0.9558198810535259,0.7113835931258626,2548,48,8.666666666666666,0.4714045217910317,1.3998531625250241,A2,B0,C2,I
A2-B0-C2-r6,724,4,0.1,6.0,0.9295580110497238,0.7113835931258626,2081,48,6.0,1e-09,1.3998531625250241,A2,B0,C2,I
A2-B0-C2-r6,493,8,0.13,5.0,0.896551724137931,0.7113835931258626,1827,48,5.0,1e-09,1.3998531625250241,A2,B0,C2,I
A2-B0-C2-r6,368,16,0.16,5.0,0.8614130434782609,0.7113835931258626,1603,48,4.0,1e-09,1.3998531625250241,A2,B0,C2,I
A2-B0-C2-r7,2000,1,0.01,14.0,0.984,0.9391970706191858,3715,33,12.666666666666666,1.699673172197595,1.6500146843798236,A2,B0,C2,III
A2-B0-C2-r7,1152,2,0.05,7.0,0.9739583333333334,0.9391970706191858,2858,33,9.0,0.816496581927726,1.6500146843798236,A2,B0,C2,III
A2-B0-C2-r7,710,4,0.09,6.0,0.9577464788732394,0.9391970706191858,2408,33,6.0,1e-09,1.6500146843798236,A2,B0,C2,III
A2-B0-C2-r7,474,8,0.12,4.0,0.9367088607594937,0.9391970706191858,2115,33,5.0,1e-09,1.6500146843798236,A2,B0,C2,III
A2-B0-C2-r7,363,16,0.15,4.0,0.9173553719008265,0.9391970706191858,1874,33,4.0,1e-09,1.6500146843798236,A2,B0,C2,III
A2-B0-C2-r8,2000,1,0.02,11.0,0.982,0.9372624959400702,4032,51,11.0,0.816496581927726,1.316613554466165,A2,B0,C2,I
A2-B0-C2-r8,1146,2,0.06,8.0,0.9685863874345549,0.9372624959400702,3167,51,7.333333333333333,0.4714045217910317,1.316613554466165,A2,B0,C2,I
A2-B0-C2-r8,704,4,0.1,6.0,0.9488636363636364,0.9372624959400702,2701,51,6.0,1e-09,1.316613554466165,A2,B0,C2,I
A2-B0-C2-r8,462,8,0.13,5.0,0.922077922077922,0.9372624959400702,2417,51,5.0,1e-09,1.316613554466165,A2,B0,C2,I
A2-B0-C2-r8,336,16,0.17,4.0,0.8928571428571429,0.9372624959400702,2078,51,4.0,1e-09,1.316613554466165,A2,B0,C2,I
A2-B0-C2-r9,2000,1,0.02,10.0,0.9785,0.6897801613169617,3939,24,12.333333333333334,1.2472191299246471,1.3197587236470127,A2,B0,C2,I
A2-B0-C2-r9,1154,2,0.05,9.0,0.9653379549393414,0.6897801613169617,3088,24,7.666666666666667,0.4714045217910317,1.3197587236470127,A2,B0,C2,I
A2-B0-C2-r9,736,4,0.07,5.0,0.9456521739130435,0.6897801613169617,2644,24,6.0,0.816496581927726,1.3197587236470127,A2,B0,C2,I
A2-B0-C2-r9,483,8,0.09,5.0,0.917184265010352,0.6897801613169617,2359,24,5.0,1e-09,1.3197587236470127,A2,B0,C2,I
A2-B0-C2-r9,352,16,0.11,4.0,0.8863636363636364,0.6897801613169617,2020,24,4.0,1e-09,1.3197587236470127,A2,B0,C2,I
A2-B0-C2-r10,2000,1,0.02,14.0,0.9145,1.028250887586531,3037,105,16.0,0.816496581927726,1.6879057958249202,A2,B0,C2,III
A2-B0-C2-r10,1232,2,0.07,12.0,0.8709415584415584,1.028250887586531,2240,105,10.666666666666666,0.9428090425820633,1.6879057958249202,A2,B0,C2,III
A2-B0-C2-r10,810,4,0.11,7.0,0.8074074074074075,1.028250887586531,1811,105,7.0,0.816496581927726,1.6879057958249202,A2,B0,C2,III
A2-B0-C2-r10,584,8,0.16,5.0,0.7328767123287672,1.028250887586531,1554,105,5.333333333333333,0.4714045217910317,1.6879057958249202,A2,B0,C2,III
A2-B0-C2-r10,480,16,0.19,5.0,0.675,1.028250887586531,1361,105,5.0,1e-09,1.6879057958249202,A2,B0,C2,III
A2-B0-C2-r11,2000,1,0.01,16.0,0.8925,0.5923716333793245,2533,45,18.666666666666668,1.2472191299246471,1.3769616245066039,A2,B0,C2,III
A2-B0-C2-r11,1238,2,0.04,13.0,0.8416801292407108,0.5923716333793245,1761,45,13.333333333333334,0.4714045217910317,1.3769616245066039,A2,B0,C2,III
A2-B0-C2-r11,842,4,0.06,7.0,0.7731591448931117,0.5923716333793245,1355,45,8.0,0.816496581927726,1.3769616245066039,A2,B0,C2,III
A2-B0-C2-r11,594,8,0.07,7.0,0.6784511784511784,0.5923716333793245,1101,45,6.333333333333333,0.4714045217910317,1.3769616245066039,A2,B0,C2,III
A2-B0-C2-r11,487,16,0.1,5.0,0.6078028747433265,0.5923716333793245,960,45,5.0,1e-09,1.3769616245066039,A2,B0,C2,III
A2-B0-C2-r12,2000,1,0.02,10.0,0.994,0.4576853500334667,4777,54,9.333333333333334,0.4714045217910317,2.0073867166816832,A2,B0,C2,I
A2-B0-C2-r12,1126,2,0.06,6.0,0.9893428063943162,0.4576853500334667,3896,54,6.666666666666667,0.4714045217910317,2.0073867166816832,A2,B0,C2,I
A2-B0-C2-r12,670,4,0.1,5.0,0.982089552238806,0.4576853500334667,3411,54,5.333333333333333,0.4714045217910317,2.0073867166816832,A2,B0,C2,I
A2-B0-C2-r12,433,8,0.13,4.0,0.9722863741339491,0.4576853500334667,3087,54,5.0,1e-09,2.0073867166816832,A2,B0,C2,I
A2-B0-C2-r12,305,16,0.16,4.0,0.9606557377049181,0.4576853500334667,2667,54,4.0,1e-09,2.0073867166816832,A2,B0,C2,I
A2-B0-C2-r13,2000,1,0.01,19.0,0.888,0.667007785665621,2481,66,18.333333333333332,1.2472191299246471,1.6803245675672076,A2,B0,C2,III
A2-B0-C2-r13,1253,2,0.04,13.0,0.8379888268156425,0.667007785665621,1718,66,13.0,0.816496581927726,1.6803245675672076,A2,B0,C2,III
A2-B0-C2-r13,856,4,0.07,8.0,0.7710280373831776,0.667007785665621,1320,66,9.666666666666666,0.9428090425820633,1.6803245675672076,A2,B0,C2,III
A2-B0-C2-r13,615,8,0.09,6.0,0.6813008130081301,0.667007785665621,1062,66,6.666666666666667,0.4714045217910317,1.6803245675672076,A2,B0,C2,III
A2-B0-C2-r13,511,16,0.11,5.0,0.6164383561643836,0.667007785665621,926,66,4.666666666666667,0.4714045217910317,1.6803245675672076,A2,B0,C2,III
A2-B0-C2-r14,2000,1,0.03,17.0,0.963,0.48364220761222637,3296,57,14.0,0.816496581927726,1.451011623355736,A2,B0,C2,III
A2-B0-C2-r14,1177,2,0.11,11.0,0.9405267629566695,0.48364220761222637,2461,57,10.0,0.816496581927726,1.451011623355736,A2,B0,C2,III
A2-B0-C2-r14,743,4,0.14,6.0,0.9057873485868102,0.48364220761222637,2015,57,6.0,1e-09,1.451011623355736,A2,B0,C2,III
A2-B0-C2-r14,485,8,0.17,5.0,0.8556701030927835,0.48364220761222637,1730,57,5.0,1e-09,1.451011623355736,A2,B0,C2,III
A2-B0-C2-r14,365,16,0.2,5.0,0.8082191780821918,0.48364220761222637,1520,57,4.333333333333333,0.4714045217910317,1.451011623355736,A2,B0,C2,III
A2-B0-C2-r15,2000,1,0.02,10.0,0.994,0.2391900788479059,4939,87,10.0,0.816496581927726,1.4933327308055961,A2,B0,C2,II
A2-B0-C2-r15,1119,2,0.06,6.0,0.9892761394101877,0.2391900788479059,4044,87,6.333333333333333,0.4714045217910317,1.4933327308055961,A2,B0,C2,II
A2-B0-C2-r15,665,4,0.11,6.0,0.9819548872180451,0.2391900788479059,3558,87,5.333333333333333,0.4714045217910317,1.4933327308055961,A2,B0,C2,II
A2-B0-C2-r15,428,8,0.15,5.0,0.9719626168224299,0.2391900788479059,3216,87,4.666666666666667,0.4714045217910317,1.4933327308055961,A2,B0,C2,II
A2-B0-C2-r15,300,16,0.19,4.0,0.96,0.2391900788479059,2734,87,4.0,1e-09,1.4933327308055961,A2,B0,C2,II
A2-B0-C2-r16,2000,1,0.01,19.0,0.812,0.6548757658581984,2228,69,19.666666666666668,0.9428090425820633,1.3222343533147116,A2,B0,C2,III
A2-B0-C2-r16,1309,2,0.04,14.0,0.7379679144385026,0.6548757658581984,1518,69,13.333333333333334,1.2472191299246471,1.3222343533147116,A2,B0,C2,III
A2-B0-C2-r16,904,4,0.07,11.0,0.6371681415929203,0.6548757658581984,1105,69,10.0,0.816496581927726,1.3222343533147116,A2,B0,C2,III
A2-B0-C2-r16,707,8,0.09,7.0,0.5374823196605375,0.6548757658581984,901,69,6.666666666666667,0.4714045217910317,1.3222343533147116,A2,B0,C2,III
A2-B0-C2-r16,626,16,0.11,5.0,0.4776357827476038,0.6548757658581984,791,69,5.0,1e-09,1.3222343533147116,A2,B0,C2,III
A2-B0-C2-r17,2000,1,0.01,15.0,0.922,0.5749645887494234,3165,87,13.333333333333334,0.4714045217910317,1.5744315894572558,A2,B0,C2,III
A2-B0-C2-r17,1239,2,0.05,10.0,0.880548829701372,0.5749645887494234,2379,87,9.666666666666666,0.4714045217910317,1.5744315894572558,A2,B0,C2,III
A2-B0-C2-r17,794,4,0.08,7.0,0.8161209068010076,0.5749645887494234,1923,87,6.333333333333333,0.4714045217910317,1.5744315894572558,A2,B0,C2,III
A2-B0-C2-r17,565,8,0.11,6.0,0.7415929203539823,0.5749645887494234,1660,87,4.666666666666667,0.4714045217910317,1.5744315894572558,A2,B0,C2,III
A2-B0-C2-r17,463,16,0.14,5.0,0.6846652267818575,0.5749645887494234,1479,87,4.0,1e-09,1.5744315894572558,A2,B0,C2,III
A2-B0-C2-r18,2000,1,0.03,10.0,0.9915,0.79473146407285,4780,111,8.666666666666666,0.4714045217910317,1.7016546083936277,A2,B0,C2,I
A2-B0-C2-r18,1113,2,0.1,7.0,0.9847259658580413,0.79473146407285,3869,111,6.333333333333333,0.4714045217910317,1.7016546083936277,A2,B0,C2,I
A2-B0-C2-r18,673,4,0.13,5.0,0.974739970282318,0.79473146407285,3400,111,5.333333333333333,0.4714045217910317,1.7016546083936277,A2,B0,C2,I
A2-B0-C2-r18,428,8,0.17,5.0,0.9602803738317757,0.79473146407285,3041,111,4.666666666666667,0.4714045217910317,1.7016546083936277,A2,B0,C2,I
A2-B0-C2-r18,295,16,0.21,4.0,0.9423728813559322,0.79473146407285,2581,111,4.0,1e-09,1.7016546083936277,A2,B0,C2,I
A2-B0-C2-r19,2000,1,0.01,12.0,0.9775,1.054852606985123,3679,18,12.333333333333334,0.4714045217910317,1.8972843731081868,A2,B0,C2,III
A2-B0-C2-r19,1177,2,0.05,8.0,0.9660152931180969,1.054852606985123,2853,18,8.666666666666666,1.2472191299246471,1.8972843731081868,A2,B0,C2,III
A2-B0-C2-r19,737,4,0.08,6.0,0.9457259158751696,1.054852606985123,2395,18,6.0,1e-09,1.8972843731081868,A2,B0,C2,III
A2-B0-C2-r19,534,8,0.1,4.0,0.9250936329588015,1.054852606985123,2169,18,5.0,1e-09,1.8972843731081868,A2,B0,C2,III
A2-B0-C2-r19,394,16,0.12,4.0,0.8984771573604061,1.054852606985123,1888,18,4.0,1e-09,1.8972843731081868,A2,B0,C2,III
