rule_id,N,escala_b,dt,diam_real,giant_real,holon_real,n_aristas,n_triangulos,diam_null_topo,diam_null_topo_std,holon_null_valor,brazo,clase_final
A2-B0-C2-r0,2000,1,0.02,17.0,0.9175,0.6367081080691963,3099,93,15.666666666666666,1.699673172197595,1.3585550397933892,C2-hard,III
A2-B0-C2-r0,1236,2,0.07,11.0,0.8762135922330098,0.6367081080691963,2315,93,10.0,0.816496581927726,1.3585550397933892,C2-hard,III
A2-B0-C2-r0,818,4,0.1,7.0,0.815403422982885,0.6367081080691963,1880,93,7.666666666666667,0.4714045217910317,1.3585550397933892,C2-hard,III
A2-B0-C2-r0,600,8,0.13,5.0,0.7483333333333333,0.6367081080691963,1635,93,5.0,1e-09,1.3585550397933892,C2-hard,III
A2-B0-C2-r0,476,16,0.17,4.0,0.6827731092436975,0.6367081080691963,1418,93,4.0,1e-09,1.3585550397933892,C2-hard,III
A2-B0-C2-r0,2000,1,0.02,15.0,0.8765,0.668639905661768,3467,90,14.0,0.816496581927726,1.330804826777614,C2-hibrido,III
A2-B0-C2-r0,1270,2,0.07,11.0,0.8086614173228347,0.668639905661768,2711,90,10.0,1e-09,1.330804826777614,C2-hibrido,III
A2-B0-C2-r0,884,4,0.11,6.0,0.7273755656108597,0.668639905661768,2309,90,6.0,1e-09,1.330804826777614,C2-hibrido,III
A2-B0-C2-r0,681,8,0.14,5.0,0.6461086637298091,0.668639905661768,2041,90,5.0,1e-09,1.330804826777614,C2-hibrido,III
A2-B0-C2-r0,567,16,0.18,4.0,0.5749559082892416,0.668639905661768,1768,90,4.0,1e-09,1.330804826777614,C2-hibrido,III
A2-B0-C2-r0,2000,1,0.03,12.0,0.9875,0.44226999113974064,3816,21,13.666666666666666,2.6246692923372703,1.6705473997920253,C2-budget-soporte,I
A2-B0-C2-r0,1136,2,0.1,9.0,0.9788732394366197,0.44226999113974064,2943,21,9.0,1.4142135633730952,1.6705473997920253,C2-budget-soporte,I
A2-B0-C2-r0,666,4,0.16,6.0,0.963963963963964,0.44226999113974064,2453,21,6.0,1e-09,1.6705473997920253,C2-budget-soporte,I
A2-B0-C2-r0,428,8,0.21,5.0,0.9439252336448598,0.44226999113974064,2167,21,5.0,1e-09,1.6705473997920253,C2-budget-soporte,I
A2-B0-C2-r0,307,16,0.25,4.0,0.9218241042345277,0.44226999113974064,1914,21,4.0,1e-09,1.6705473997920253,C2-budget-soporte,I
A2-B0-C2-r0,2000,1,0.02,11.0,0.9885,0.6626042756857321,4312,30,11.0,1.6329931628554522,1.7829865765732715,C2-presupuesto-variable,I
A2-B0-C2-r0,1149,2,0.08,7.0,0.9808529155787642,0.6626042756857321,3456,30,8.0,0.816496581927726,1.7829865765732715,C2-presupuesto-variable,I
A2-B0-C2-r0,711,4,0.13,5.0,0.9690576652601969,0.6626042756857321,2993,30,6.0,1e-09,1.7829865765732715,C2-presupuesto-variable,I
A2-B0-C2-r0,456,8,0.17,5.0,0.9517543859649122,0.6626042756857321,2667,30,5.0,1e-09,1.7829865765732715,C2-presupuesto-variable,I
A2-B0-C2-r0,350,16,0.2,3.0,0.9371428571428572,0.6626042756857321,2301,30,4.0,1e-09,1.7829865765732715,C2-presupuesto-variable,I
A2-B0-C2-r0,2000,1,0.03,6.0,0.998,1.0936901508300565,7640,183,6.666666666666667,0.4714045217910317,1.1090644631974935,C0,I
A2-B0-C2-r0,1086,2,0.1,5.0,0.996316758747698,1.0936901508300565,6703,183,5.0,0.816496581927726,1.1090644631974935,C0,I
A2-B0-C2-r0,623,4,0.17,4.0,0.9935794542536116,1.0936901508300565,6144,183,4.666666666666667,0.4714045217910317,1.1090644631974935,C0,I
A2-B0-C2-r0,387,8,0.23,3.0,0.9896640826873385,1.0936901508300565,5558,183,4.0,1e-09,1.1090644631974935,C0,I
A2-B0-C2-r0,260,16,0.28,4.0,0.9846153846153847,1.0936901508300565,4328,183,3.0,1e-09,1.1090644631974935,C0,I
A2-B0-C2-r1,2000,1,0.02,10.0,0.9915,0.7026597621415233,4663,48,10.666666666666666,0.4714045217910317,1.7326508376738872,C2-hard,I
A2-B0-C2-r1,1135,2,0.08,7.0,0.9859030837004406,0.7026597621415233,3784,48,7.0,1e-09,1.7326508376738872,C2-hard,I
A2-B0-C2-r1,667,4,0.13,6.0,0.9760119940029985,0.7026597621415233,3289,48,5.333333333333333,0.4714045217910317,1.7326508376738872,C2-hard,I
A2-B0-C2-r1,433,8,0.18,5.0,0.9630484988452656,0.7026597621415233,2967,48,5.0,1e-09,1.7326508376738872,C2-hard,I
A2-B0-C2-r1,299,16,0.22,4.0,0.9464882943143813,0.7026597621415233,2544,48,4.0,1e-09,1.7326508376738872,C2-hard,I
A2-B0-C2-r1,2000,1,0.02,9.0,0.9955,0.6557809009772856,5624,51,9.0,0.816496581927726,1.0802181887436992,C2-hibrido,I
A2-B0-C2-r1,1142,2,0.09,6.0,0.9921190893169878,0.6557809009772856,4759,51,6.666666666666667,0.4714045217910317,1.0802181887436992,C2-hibrido,I
A2-B0-C2-r1,674,4,0.14,4.0,0.9866468842729971,0.6557809009772856,4233,51,5.0,1e-09,1.0802181887436992,C2-hibrido,I
A2-B0-C2-r1,447,8,0.19,4.0,0.9798657718120806,0.6557809009772856,3844,51,4.333333333333333,0.4714045217910317,1.0802181887436992,C2-hibrido,I
A2-B0-C2-r1,318,16,0.23,4.0,0.9716981132075472,0.6557809009772856,3189,51,4.0,1e-09,1.0802181887436992,C2-hibrido,I
A2-B0-C2-r1,2000,1,0.02,9.0,0.995,0.6935380246396008,4663,30,10.666666666666666,0.4714045217910317,1.3022549305559432,C2-budget-soporte,II
A2-B0-C2-r1,1138,2,0.07,7.0,0.992091388400703,0.6935380246396008,3797,30,7.0,1e-09,1.3022549305559432,C2-budget-soporte,II
A2-B0-C2-r1,678,4,0.12,6.0,0.9867256637168141,0.6935380246396008,3299,30,5.333333333333333,0.4714045217910317,1.3022549305559432,C2-budget-soporte,II
A2-B0-C2-r1,450,8,0.17,5.0,0.98,0.6935380246396008,2976,30,5.0,1e-09,1.3022549305559432,C2-budget-soporte,II
A2-B0-C2-r1,322,16,0.21,4.0,0.9720496894409938,0.6935380246396008,2577,30,4.0,1e-09,1.3022549305559432,C2-budget-soporte,II
A2-B0-C2-r1,2000,1,0.02,9.0,0.9825,0.8504094824819189,5504,45,9.333333333333334,0.4714045217910317,1.2381993508490863,C2-presupuesto-variable,I
A2-B0-C2-r1,1156,2,0.08,6.0,0.9705882352941176,0.8504094824819189,4650,45,6.0,1e-09,1.2381993508490863,C2-presupuesto-variable,I
A2-B0-C2-r1,697,4,0.12,4.0,0.9512195121951219,0.8504094824819189,4145,45,5.0,1e-09,1.2381993508490863,C2-presupuesto-variable,I
A2-B0-C2-r1,456,8,0.17,4.0,0.9254385964912281,0.8504094824819189,3742,45,3.6666666666666665,0.4714045217910317,1.2381993508490863,C2-presupuesto-variable,I
A2-B0-C2-r1,337,16,0.21,4.0,0.8991097922848664,0.8504094824819189,3084,45,4.0,1e-09,1.2381993508490863,C2-presupuesto-variable,I
A2-B0-C2-r1,2000,1,0.02,9.0,0.9965,0.7671385812338346,5780,102,8.666666666666666,0.9428090425820633,1.5071753802911116,C0,II
A2-B0-C2-r1,1131,2,0.1,6.0,0.9938107869142352,0.7671385812338346,4895,102,6.333333333333333,0.4714045217910317,1.5071753802911116,C0,II
A2-B0-C2-r1,660,4,0.16,5.0,0.9893939393939394,0.7671385812338346,4368,102,5.0,1e-09,1.5071753802911116,C0,II
A2-B0-C2-r1,437,8,0.2,5.0,0.9839816933638444,0.7671385812338346,3974,102,4.333333333333333,0.4714045217910317,1.5071753802911116,C0,II
A2-B0-C2-r1,303,16,0.24,4.0,0.976897689768977,0.7671385812338346,3291,102,3.6666666666666665,0.4714045217910317,1.5071753802911116,C0,II
A2-B0-C2-r2,2000,1,0.02,17.0,0.934,0.7957535512942192,3175,96,13.333333333333334,0.4714045217910317,1.4998361101803688,C2-hard,III
A2-B0-C2-r2,1220,2,0.06,11.0,0.8991803278688525,0.7957535512942192,2370,96,9.333333333333334,0.4714045217910317,1.4998361101803688,C2-hard,III
A2-B0-C2-r2,790,4,0.11,7.0,0.8493670886075949,0.7957535512942192,1932,96,7.0,1e-09,1.4998361101803688,C2-hard,III
A2-B0-C2-r2,552,8,0.14,6.0,0.7844202898550725,0.7957535512942192,1676,96,5.0,1e-09,1.4998361101803688,C2-hard,III
A2-B0-C2-r2,428,16,0.17,4.0,0.7219626168224299,0.7957535512942192,1465,96,4.333333333333333,0.4714045217910317,1.4998361101803688,C2-hard,III
A2-B0-C2-r2,2000,1,0.02,13.0,0.9065,0.9387789237883061,3578,102,13.333333333333334,1.2472191299246471,1.551393284836421,C2-hibrido,III
A2-B0-C2-r2,1230,2,0.07,9.0,0.8552845528455284,0.9387789237883061,2782,102,9.0,0.816496581927726,1.551393284836421,C2-hibrido,III
A2-B0-C2-r2,840,4,0.1,6.0,0.7892857142857143,0.9387789237883061,2378,102,6.666666666666667,0.4714045217910317,1.551393284836421,C2-hibrido,III
A2-B0-C2-r2,614,8,0.14,5.0,0.7117263843648208,0.9387789237883061,2091,102,5.0,1e-09,1.551393284836421,C2-hibrido,III
A2-B0-C2-r2,528,16,0.17,4.0,0.6647727272727273,0.9387789237883061,1842,102,4.0,1e-09,1.551393284836421,C2-hibrido,III
A2-B0-C2-r2,2000,1,0.02,13.0,0.996,0.9532101507378306,3812,33,12.333333333333334,0.4714045217910317,1.4004221058941493,C2-budget-soporte,I
A2-B0-C2-r2,1129,2,0.06,8.0,0.9929140832595217,0.9532101507378306,2934,33,8.333333333333334,0.4714045217910317,1.4004221058941493,C2-budget-soporte,I
A2-B0-C2-r2,650,4,0.1,6.0,0.9876923076923076,0.9532101507378306,2441,33,6.333333333333333,0.4714045217910317,1.4004221058941493,C2-budget-soporte,I
A2-B0-C2-r2,423,8,0.13,5.0,0.9810874704491725,0.9532101507378306,2159,33,5.0,1e-09,1.4004221058941493,C2-budget-soporte,I
A2-B0-C2-r2,301,16,0.15,4.0,0.973421926910299,0.9532101507378306,1919,33,4.0,1e-09,1.4004221058941493,C2-budget-soporte,I
A2-B0-C2-r2,2000,1,0.03,11.0,0.992,0.8260325737326139,4265,48,11.333333333333334,0.4714045217910317,1.2839507711599907,C2-presupuesto-variable,I
A2-B0-C2-r2,1151,2,0.08,7.0,0.9860990443092963,0.8260325737326139,3406,48,6.666666666666667,0.4714045217910317,1.2839507711599907,C2-presupuesto-variable,I
A2-B0-C2-r2,690,4,0.13,6.0,0.9768115942028985,0.8260325737326139,2916,48,5.333333333333333,0.4714045217910317,1.2839507711599907,C2-presupuesto-variable,I
A2-B0-C2-r2,444,8,0.17,5.0,0.963963963963964,0.8260325737326139,2606,48,5.0,1e-09,1.2839507711599907,C2-presupuesto-variable,I
A2-B0-C2-r2,341,16,0.2,4.0,0.9530791788856305,0.8260325737326139,2292,48,4.0,1e-09,1.2839507711599907,C2-presupuesto-variable,I
A2-B0-C2-r2,2000,1,0.04,7.0,1.0,1.0098532136701137,7010,171,7.333333333333333,0.9428090425820633,1.4374408661343028,C0,II
A2-B0-C2-r2,1098,2,0.11,6.0,1.0,1.0098532136701137,6083,171,5.333333333333333,0.4714045217910317,1.4374408661343028,C0,II
A2-B0-C2-r2,619,4,0.17,5.0,1.0,1.0098532136701137,5542,171,4.666666666666667,0.4714045217910317,1.4374408661343028,C0,II
A2-B0-C2-r2,388,8,0.22,4.0,1.0,1.0098532136701137,4994,171,3.6666666666666665,0.4714045217910317,1.4374408661343028,C0,II
A2-B0-C2-r2,250,16,0.27,3.0,1.0,1.0098532136701137,4000,171,4.0,1e-09,1.4374408661343028,C0,II
A2-B0-C2-r3,2000,1,0.02,14.0,0.9645,0.7614505758367172,3390,42,13.333333333333334,1.2472191299246471,1.2530427757812488,C2-hard,III
A2-B0-C2-r3,1174,2,0.07,9.0,0.9437819420783645,0.7614505758367172,2558,42,8.666666666666666,0.4714045217910317,1.2530427757812488,C2-hard,III
A2-B0-C2-r3,714,4,0.11,6.0,0.907563025210084,0.7614505758367172,2080,42,7.0,1e-09,1.2530427757812488,C2-hard,III
A2-B0-C2-r3,508,8,0.14,5.0,0.8700787401574803,0.7614505758367172,1844,42,5.0,1e-09,1.2530427757812488,C2-hard,III
A2-B0-C2-r3,371,16,0.17,4.0,0.8221024258760108,0.7614505758367172,1618,42,4.333333333333333,0.4714045217910317,1.2530427757812488,C2-hard,III
A2-B0-C2-r3,2000,1,0.03,9.0,0.9945,0.7547121779961687,4850,54,8.333333333333334,0.4714045217910317,1.6138011176192526,C2-hibrido,II
A2-B0-C2-r3,1137,2,0.09,7.0,0.990325417766051,0.7547121779961687,3977,54,6.666666666666667,0.9428090425820633,1.6138011176192526,C2-hibrido,II
A2-B0-C2-r3,677,4,0.13,5.0,0.983751846381093,0.7547121779961687,3481,54,5.0,1e-09,1.6138011176192526,C2-hibrido,II
A2-B0-C2-r3,428,8,0.19,5.0,0.9742990654205608,0.7547121779961687,3139,54,4.0,1e-09,1.6138011176192526,C2-hibrido,II
A2-B0-C2-r3,342,16,0.24,4.0,0.9678362573099415,0.7547121779961687,2744,54,4.0,1e-09,1.6138011176192526,C2-hibrido,II
A2-B0-C2-r3,2000,1,0.02,12.0,0.9915,0.8082265278341332,3584,18,11.666666666666666,0.4714045217910317,1.829795235808186,C2-budget-soporte,I
A2-B0-C2-r3,1150,2,0.07,8.0,0.9852173913043478,0.8082265278341332,2729,18,8.333333333333334,0.9428090425820633,1.829795235808186,C2-budget-soporte,I
A2-B0-C2-r3,700,4,0.11,6.0,0.9757142857142858,0.8082265278341332,2264,18,6.0,1e-09,1.829795235808186,C2-budget-soporte,I
A2-B0-C2-r3,460,8,0.15,5.0,0.9630434782608696,0.8082265278341332,1986,18,5.0,1e-09,1.829795235808186,C2-budget-soporte,I
A2-B0-C2-r3,315,16,0.19,5.0,0.946031746031746,0.8082265278341332,1714,18,4.0,1e-09,1.829795235808186,C2-budget-soporte,I
A2-B0-C2-r3,2000,1,0.02,10.0,0.9905,0.6617112029328829,4364,30,11.0,0.816496581927726,1.2486238673730452,C2-presupuesto-variable,I
A2-B0-C2-r3,1158,2,0.08,8.0,0.9853195164075993,0.6617112029328829,3511,30,7.0,1e-09,1.2486238673730452,C2-presupuesto-variable,I
A2-B0-C2-r3,726,4,0.12,6.0,0.9765840220385675,0.6617112029328829,3059,30,5.666666666666667,0.4714045217910317,1.2486238673730452,C2-presupuesto-variable,I
A2-B0-C2-r3,477,8,0.15,5.0,0.9643605870020965,0.6617112029328829,2746,30,4.666666666666667,0.4714045217910317,1.2486238673730452,C2-presupuesto-variable,I
A2-B0-C2-r3,357,16,0.19,4.0,0.9523809523809523,0.6617112029328829,2372,30,4.0,1e-09,1.2486238673730452,C2-presupuesto-variable,I
A2-B0-C2-r3,2000,1,0.03,9.0,0.997,1.0321475726855842,5340,87,9.0,1e-09,1.5961300128885665,C0,II
A2-B0-C2-r3,1130,2,0.11,6.0,0.9946902654867257,1.0321475726855842,4456,87,6.333333333333333,0.4714045217910317,1.5961300128885665,C0,II
A2-B0-C2-r3,680,4,0.17,5.0,0.9911764705882353,1.0321475726855842,3957,87,5.0,1e-09,1.5961300128885665,C0,II
A2-B0-C2-r3,448,8,0.23,4.0,0.9866071428571429,1.0321475726855842,3594,87,4.0,1e-09,1.5961300128885665,C0,II
A2-B0-C2-r3,306,16,0.27,4.0,0.9803921568627451,1.0321475726855842,3021,87,4.0,1e-09,1.5961300128885665,C0,II
A2-B0-C2-r4,2000,1,0.02,13.0,0.9945,0.32132349357907536,4509,30,10.0,1e-09,1.221863329028947,C2-hard,I
A2-B0-C2-r4,1136,2,0.08,8.0,0.9911971830985915,0.32132349357907536,3637,30,7.0,1e-09,1.221863329028947,C2-hard,I
A2-B0-C2-r4,692,4,0.11,6.0,0.9855491329479769,0.32132349357907536,3167,30,5.666666666666667,0.4714045217910317,1.221863329028947,C2-hard,I
A2-B0-C2-r4,450,8,0.15,5.0,0.9777777777777777,0.32132349357907536,2847,30,4.666666666666667,0.4714045217910317,1.221863329028947,C2-hard,I
A2-B0-C2-r4,319,16,0.18,4.0,0.9686520376175548,0.32132349357907536,2426,30,4.0,1e-09,1.221863329028947,C2-hard,I
A2-B0-C2-r4,2000,1,0.03,9.0,0.9965,0.3089726246016606,5068,36,8.333333333333334,0.4714045217910317,1.6653097837659994,C2-hibrido,II
A2-B0-C2-r4,1134,2,0.09,6.0,0.9947089947089947,0.3089726246016606,4197,36,6.0,1e-09,1.6653097837659994,C2-hibrido,II
A2-B0-C2-r4,706,4,0.14,5.0,0.9915014164305949,0.3089726246016606,3725,36,5.0,1e-09,1.6653097837659994,C2-hibrido,II
A2-B0-C2-r4,442,8,0.19,5.0,0.9864253393665159,0.3089726246016606,3351,36,5.0,1e-09,1.6653097837659994,C2-hibrido,II
A2-B0-C2-r4,317,16,0.22,4.0,0.9810725552050473,0.3089726246016606,2836,36,4.0,1e-09,1.6653097837659994,C2-hibrido,II
A2-B0-C2-r4,2000,1,0.02,10.0,0.997,0.5848893991302155,4430,30,10.0,1e-09,1.4149667340741041,C2-budget-soporte,I
A2-B0-C2-r4,1135,2,0.07,7.0,0.9955947136563876,0.5848893991302155,3558,30,7.333333333333333,0.4714045217910317,1.4149667340741041,C2-budget-soporte,I
A2-B0-C2-r4,687,4,0.11,6.0,0.992721979621543,0.5848893991302155,3079,30,6.0,1e-09,1.4149667340741041,C2-budget-soporte,I
A2-B0-C2-r4,449,8,0.14,5.0,0.9888641425389755,0.5848893991302155,2776,30,5.0,1e-09,1.4149667340741041,C2-budget-soporte,I
A2-B0-C2-r4,306,16,0.17,4.0,0.9836601307189542,0.5848893991302155,2356,30,4.0,1e-09,1.4149667340741041,C2-budget-soporte,I
A2-B0-C2-r4,2000,1,0.02,9.0,0.991,0.39135629064722993,5022,42,8.666666666666666,0.4714045217910317,1.321619192016418,C2-presupuesto-variable,I
A2-B0-C2-r4,1143,2,0.08,7.0,0.9851268591426072,0.39135629064722993,4158,42,6.333333333333333,0.4714045217910317,1.321619192016418,C2-presupuesto-variable,I
A2-B0-C2-r4,708,4,0.13,5.0,0.9759887005649718,0.39135629064722993,3681,42,5.0,1e-09,1.321619192016418,C2-presupuesto-variable,I
A2-B0-C2-r4,446,8,0.17,4.0,0.9618834080717489,0.39135629064722993,3305,42,4.333333333333333,0.4714045217910317,1.321619192016418,C2-presupuesto-variable,I
A2-B0-C2-r4,315,16,0.2,4.0,0.946031746031746,0.39135629064722993,2736,42,4.0,1e-09,1.321619192016418,C2-presupuesto-variable,I
A2-B0-C2-r4,2000,1,0.02,9.0,0.9975,0.5633404683169984,5180,72,8.333333333333334,0.4714045217910317,1.4138693029235785,C0,II
A2-B0-C2-r4,1135,2,0.07,6.0,0.9964757709251101,0.5633404683169984,4303,72,6.0,1e-09,1.4138693029235785,C0,II
A2-B0-C2-r4,706,4,0.13,5.0,0.9943342776203966,0.5633404683169984,3832,72,5.0,1e-09,1.4138693029235785,C0,II
A2-B0-C2-r4,447,8,0.17,5.0,0.9910514541387024,0.5633404683169984,3439,72,4.333333333333333,0.4714045217910317,1.4138693029235785,C0,II
A2-B0-C2-r4,303,16,0.22,4.0,0.9867986798679867,0.5633404683169984,2855,72,4.0,1e-09,1.4138693029235785,C0,II
A2-B0-C2-r5,2000,1,0.02,10.0,0.9835,0.482329536661552,3922,33,12.666666666666666,1.8856180841641268,1.206904544003234,C2-hard,I
A2-B0-C2-r5,1166,2,0.07,7.0,0.9734133790737565,0.482329536661552,3081,33,8.333333333333334,0.4714045217910317,1.206904544003234,C2-hard,I
A2-B0-C2-r5,711,4,0.11,6.0,0.9563994374120957,0.482329536661552,2609,33,6.333333333333333,0.4714045217910317,1.206904544003234,C2-hard,I
A2-B0-C2-r5,471,8,0.15,5.0,0.9341825902335457,0.482329536661552,2324,33,5.0,1e-09,1.206904544003234,C2-hard,I
A2-B0-C2-r5,359,16,0.18,4.0,0.9136490250696379,0.482329536661552,2044,33,4.0,1e-09,1.206904544003234,C2-hard,I
A2-B0-C2-r5,2000,1,0.03,9.0,0.991,0.7802753422207397,4879,42,9.0,0.816496581927726,1.8111497554097213,C2-hibrido,II
A2-B0-C2-r5,1154,2,0.11,7.0,0.9852686308492201,0.7802753422207397,4027,42,7.0,1e-09,1.8111497554097213,C2-hibrido,II
A2-B0-C2-r5,687,4,0.17,5.0,0.975254730713246,0.7802753422207397,3514,42,5.333333333333333,0.4714045217910317,1.8111497554097213,C2-hibrido,II
A2-B0-C2-r5,460,8,0.23,5.0,0.9630434782608696,0.7802753422207397,3193,42,4.666666666666667,0.4714045217910317,1.8111497554097213,C2-hibrido,II
A2-B0-C2-r5,342,16,0.29,4.0,0.9502923976608187,0.7802753422207397,2720,42,4.0,1e-09,1.8111497554097213,C2-hibrido,II
A2-B0-C2-r5,2000,1,0.02,10.0,0.9855,0.8980251537008992,3911,18,12.666666666666666,1.8856180841641268,1.1449247125114423,C2-budget-soporte,I
A2-B0-C2-r5,1159,2,0.08,7.0,0.9758412424503883,0.8980251537008992,3065,18,8.333333333333334,0.4714045217910317,1.1449247125114423,C2-budget-soporte,I
A2-B0-C2-r5,701,4,0.12,6.0,0.9600570613409415,0.8980251537008992,2590,18,6.333333333333333,0.4714045217910317,1.1449247125114423,C2-budget-soporte,I
A2-B0-C2-r5,457,8,0.16,5.0,0.9387308533916849,0.8980251537008992,2305,18,5.0,1e-09,1.1449247125114423,C2-budget-soporte,I
A2-B0-C2-r5,340,16,0.19,4.0,0.9176470588235294,0.8980251537008992,2011,18,4.0,1e-09,1.1449247125114423,C2-budget-soporte,I
A2-B0-C2-r5,2000,1,0.03,9.0,0.9635,0.8756037345196993,4587,24,9.666666666666666,0.4714045217910317,1.66706023720947,C2-presupuesto-variable,I
A2-B0-C2-r5,1180,2,0.08,7.0,0.9389830508474576,0.8756037345196993,3765,24,7.333333333333333,0.4714045217910317,1.66706023720947,C2-presupuesto-variable,I
A2-B0-C2-r5,735,4,0.14,6.0,0.9020408163265307,0.8756037345196993,3284,24,6.0,0.816496581927726,1.66706023720947,C2-presupuesto-variable,I
A2-B0-C2-r5,521,8,0.18,5.0,0.8618042226487524,0.8756037345196993,2974,24,4.666666666666667,0.4714045217910317,1.66706023720947,C2-presupuesto-variable,I
A2-B0-C2-r5,414,16,0.22,4.0,0.8260869565217391,0.8756037345196993,2562,24,4.0,1e-09,1.66706023720947,C2-presupuesto-variable,I
A2-B0-C2-r5,2000,1,0.03,9.0,0.9925,1.1168645848177177,4970,63,8.666666666666666,0.4714045217910317,1.5772336987651825,C0,II
A2-B0-C2-r5,1147,2,0.09,7.0,0.987794245858762,1.1168645848177177,4109,63,6.666666666666667,0.4714045217910317,1.5772336987651825,C0,II
A2-B0-C2-r5,689,4,0.14,5.0,0.9796806966618288,1.1168645848177177,3597,63,5.0,1e-09,1.5772336987651825,C0,II
A2-B0-C2-r5,454,8,0.18,5.0,0.9691629955947136,1.1168645848177177,3264,63,4.666666666666667,0.4714045217910317,1.5772336987651825,C0,II
A2-B0-C2-r5,344,16,0.23,4.0,0.9593023255813954,1.1168645848177177,2809,63,4.0,1e-09,1.5772336987651825,C0,II
A2-B0-C2-r6,2000,1,0.02,14.0,0.927,0.667708810951657,3067,93,15.0,0.816496581927726,1.7366519466635726,C2-hard,III
A2-B0-C2-r6,1224,2,0.05,11.0,0.8856209150326797,0.667708810951657,2265,93,8.666666666666666,0.4714045217910317,1.7366519466635726,C2-hard,III
A2-B0-C2-r6,798,4,0.09,8.0,0.8245614035087719,0.667708810951657,1825,93,7.666666666666667,0.4714045217910317,1.7366519466635726,C2-hard,III
A2-B0-C2-r6,589,8,0.12,5.0,0.7623089983022071,0.667708810951657,1600,93,5.0,1e-09,1.7366519466635726,C2-hard,III
A2-B0-C2-r6,464,16,0.15,4.0,0.6982758620689655,0.667708810951657,1381,93,4.0,1e-09,1.7366519466635726,C2-hard,III
A2-B0-C2-r6,2000,1,0.02,14.0,0.8655,0.7383637807948664,3315,75,13.333333333333334,1.2472191299246471,1.3146772668771072,C2-hibrido,III
A2-B0-C2-r6,1281,2,0.07,9.0,0.7962529274004684,0.7383637807948664,2573,75,9.0,1e-09,1.3146772668771072,C2-hibrido,III
A2-B0-C2-r6,893,4,0.11,7.0,0.7110862262038073,0.7383637807948664,2168,75,6.333333333333333,0.4714045217910317,1.3146772668771072,C2-hibrido,III
A2-B0-C2-r6,692,8,0.14,5.0,0.6271676300578035,0.7383637807948664,1918,75,5.0,1e-09,1.3146772668771072,C2-hibrido,III
A2-B0-C2-r6,598,16,0.16,4.0,0.568561872909699,0.7383637807948664,1675,75,4.0,1e-09,1.3146772668771072,C2-hibrido,III
A2-B0-C2-r6,2000,1,0.02,12.0,0.9925,0.8269520176454571,3860,36,11.0,1e-09,1.3268262334819463,C2-budget-soporte,I
A2-B0-C2-r6,1140,2,0.07,8.0,0.987719298245614,0.8269520176454571,2991,36,7.666666666666667,0.4714045217910317,1.3268262334819463,C2-budget-soporte,I
A2-B0-C2-r6,663,4,0.11,6.0,0.9788838612368024,0.8269520176454571,2494,36,5.666666666666667,0.4714045217910317,1.3268262334819463,C2-budget-soporte,I
A2-B0-C2-r6,440,8,0.15,5.0,0.9681818181818181,0.8269520176454571,2218,36,5.0,1e-09,1.3268262334819463,C2-budget-soporte,I
A2-B0-C2-r6,304,16,0.19,4.0,0.9539473684210527,0.8269520176454571,1931,36,4.0,1e-09,1.3268262334819463,C2-budget-soporte,I
A2-B0-C2-r6,2000,1,0.02,11.0,0.987,1.0776534724884497,4225,39,10.333333333333334,0.4714045217910317,1.4016514927626942,C2-presupuesto-variable,I
A2-B0-C2-r6,1155,2,0.08,8.0,0.9800865800865801,1.0776534724884497,3373,39,7.666666666666667,0.9428090425820633,1.4016514927626942,C2-presupuesto-variable,I
A2-B0-C2-r6,685,4,0.12,6.0,0.9664233576642336,1.0776534724884497,2883,39,5.666666666666667,0.4714045217910317,1.4016514927626942,C2-presupuesto-variable,I
A2-B0-C2-r6,470,8,0.17,5.0,0.951063829787234,1.0776534724884497,2584,39,5.0,1e-09,1.4016514927626942,C2-presupuesto-variable,I
A2-B0-C2-r6,349,16,0.21,4.0,0.9340974212034384,1.0776534724884497,2254,39,4.0,1e-09,1.4016514927626942,C2-presupuesto-variable,I
A2-B0-C2-r6,2000,1,0.03,7.0,0.999,1.2886810810608644,7400,192,7.0,1e-09,1.761460919919353,C0,I
A2-B0-C2-r6,1098,2,0.1,4.0,0.9981785063752276,1.2886810810608644,6473,192,5.666666666666667,0.4714045217910317,1.761460919919353,C0,I
A2-B0-C2-r6,624,4,0.15,5.0,0.9967948717948718,1.2886810810608644,5907,192,4.333333333333333,0.4714045217910317,1.761460919919353,C0,I
A2-B0-C2-r6,377,8,0.2,4.0,0.9946949602122016,1.2886810810608644,5327,192,4.0,1e-09,1.761460919919353,C0,I
A2-B0-C2-r6,268,16,0.25,3.0,0.9925373134328358,1.2886810810608644,4250,192,3.6666666666666665,0.4714045217910317,1.761460919919353,C0,I
A2-B0-C2-r7,2000,1,0.02,15.0,0.9305,0.8334436192558315,3134,105,13.666666666666666,0.4714045217910317,1.2932662207983432,C2-hard,III
A2-B0-C2-r7,1224,2,0.06,11.0,0.8921568627450981,0.8334436192558315,2329,105,9.0,0.816496581927726,1.2932662207983432,C2-hard,III
A2-B0-C2-r7,791,4,0.1,7.0,0.8356510745891277,0.8334436192558315,1884,105,6.666666666666667,0.4714045217910317,1.2932662207983432,C2-hard,III
A2-B0-C2-r7,570,8,0.13,6.0,0.7719298245614035,0.8334436192558315,1627,105,5.0,1e-09,1.2932662207983432,C2-hard,III
A2-B0-C2-r7,445,16,0.17,5.0,0.7078651685393258,0.8334436192558315,1414,105,4.333333333333333,0.4714045217910317,1.2932662207983432,C2-hard,III
A2-B0-C2-r7,2000,1,0.03,11.0,0.8935,0.8162432815096313,3460,96,12.666666666666666,0.4714045217910317,1.628732504048892,C2-hibrido,III
A2-B0-C2-r7,1267,2,0.08,9.0,0.8366219415943172,0.8162432815096313,2708,96,8.666666666666666,0.4714045217910317,1.628732504048892,C2-hibrido,III
A2-B0-C2-r7,860,4,0.13,6.0,0.7593023255813953,0.8162432815096313,2286,96,6.0,1e-09,1.628732504048892,C2-hibrido,III
A2-B0-C2-r7,662,8,0.16,5.0,0.6873111782477341,0.8162432815096313,2017,96,5.0,1e-09,1.628732504048892,C2-hibrido,III
A2-B0-C2-r7,555,16,0.2,4.0,0.6270270270270271,0.8162432815096313,1753,96,4.333333333333333,0.4714045217910317,1.628732504048892,C2-hibrido,III
A2-B0-C2-r7,2000,1,0.03,13.0,0.9965,0.9536124392965758,3844,21,12.0,1e-09,1.7490557353294722,C2-budget-soporte,I
A2-B0-C2-r7,1137,2,0.09,7.0,0.9938434476693052,0.9536124392965758,2975,21,8.0,1e-09,1.7490557353294722,C2-budget-soporte,I
A2-B0-C2-r7,667,4,0.14,6.0,0.9895052473763118,0.9536124392965758,2485,21,5.666666666666667,0.4714045217910317,1.7490557353294722,C2-budget-soporte,I
A2-B0-C2-r7,408,8,0.19,5.0,0.9828431372549019,0.9536124392965758,2177,21,5.0,1e-09,1.7490557353294722,C2-budget-soporte,I
A2-B0-C2-r7,292,16,0.22,4.0,0.976027397260274,0.9536124392965758,1908,21,4.0,1e-09,1.7490557353294722,C2-budget-soporte,I
A2-B0-C2-r7,2000,1,0.03,12.0,0.993,1.0371411217519597,4303,36,10.333333333333334,0.4714045217910317,1.9449991699832476,C2-presupuesto-variable,I
A2-B0-C2-r7,1143,2,0.09,7.0,0.9886264216972879,1.0371411217519597,3438,36,7.0,1e-09,1.9449991699832476,C2-presupuesto-variable,I
A2-B0-C2-r7,703,4,0.15,6.0,0.9815078236130867,1.0371411217519597,2976,36,6.0,1e-09,1.9449991699832476,C2-presupuesto-variable,I
A2-B0-C2-r7,461,8,0.21,5.0,0.9718004338394793,1.0371411217519597,2645,36,5.0,1e-09,1.9449991699832476,C2-presupuesto-variable,I
A2-B0-C2-r7,347,16,0.26,4.0,0.962536023054755,1.0371411217519597,2309,36,4.0,1e-09,1.9449991699832476,C2-presupuesto-variable,I
A2-B0-C2-r7,2000,1,0.03,8.0,0.9995,1.0763466800165118,7250,180,6.666666666666667,0.4714045217910317,1.3366792068681868,C0,I
A2-B0-C2-r7,1092,2,0.1,5.0,0.9990842490842491,1.0763466800165118,6313,180,5.333333333333333,0.4714045217910317,1.3366792068681868,C0,I
A2-B0-C2-r7,635,4,0.17,5.0,0.9984251968503937,1.0763466800165118,5761,180,4.666666666666667,0.4714045217910317,1.3366792068681868,C0,I
A2-B0-C2-r7,401,8,0.23,4.0,0.9975062344139651,1.0763466800165118,5246,180,4.0,1e-09,1.3366792068681868,C0,I
A2-B0-C2-r7,265,16,0.29,4.0,0.9962264150943396,1.0763466800165118,4118,180,3.3333333333333335,0.4714045217910317,1.3366792068681868,C0,I
A2-B0-C2-r8,2000,1,0.03,11.0,0.981,0.6947648859673987,3619,30,12.666666666666666,0.9428090425820633,1.4160364883683656,C2-hard,I
A2-B0-C2-r8,1180,2,0.11,8.0,0.9686440677966102,0.6947648859673987,2794,30,8.333333333333334,0.4714045217910317,1.4160364883683656,C2-hard,I
A2-B0-C2-r8,727,4,0.18,6.0,0.9491059147180193,0.6947648859673987,2326,30,6.0,1e-09,1.4160364883683656,C2-hard,I
A2-B0-C2-r8,492,8,0.24,5.0,0.9247967479674797,0.6947648859673987,2050,30,5.0,1e-09,1.4160364883683656,C2-hard,I
A2-B0-C2-r8,383,16,0.28,4.0,0.9033942558746736,0.6947648859673987,1800,30,4.0,1e-09,1.4160364883683656,C2-hard,I
A2-B0-C2-r8,2000,1,0.03,11.0,0.985,0.410721590925289,4054,27,11.333333333333334,0.4714045217910317,1.3180027250455053,C2-hibrido,I
A2-B0-C2-r8,1176,2,0.1,8.0,0.9744897959183674,0.410721590925289,3225,27,7.666666666666667,0.4714045217910317,1.3180027250455053,C2-hibrido,I
A2-B0-C2-r8,724,4,0.15,6.0,0.9585635359116023,0.410721590925289,2757,27,6.0,1e-09,1.3180027250455053,C2-hibrido,I
A2-B0-C2-r8,508,8,0.19,5.0,0.9409448818897638,0.410721590925289,2480,27,5.0,1e-09,1.3180027250455053,C2-hibrido,I
A2-B0-C2-r8,399,16,0.23,4.0,0.924812030075188,0.410721590925289,2168,27,4.0,1e-09,1.3180027250455053,C2-hibrido,I
A2-B0-C2-r8,2000,1,0.04,13.0,0.987,0.5446664449034486,3541,15,13.333333333333334,0.4714045217910317,1.199386322033066,C2-budget-soporte,I
A2-B0-C2-r8,1180,2,0.14,8.0,0.9779661016949153,0.5446664449034486,2719,15,9.0,1e-09,1.199386322033066,C2-budget-soporte,I
A2-B0-C2-r8,715,4,0.2,6.0,0.9636363636363636,0.5446664449034486,2242,15,6.333333333333333,0.4714045217910317,1.199386322033066,C2-budget-soporte,I
A2-B0-C2-r8,517,8,0.24,5.0,0.9497098646034816,0.5446664449034486,2010,15,5.0,1e-09,1.199386322033066,C2-budget-soporte,I
A2-B0-C2-r8,357,16,0.29,4.0,0.927170868347339,0.5446664449034486,1740,15,4.0,1e-09,1.199386322033066,C2-budget-soporte,I
A2-B0-C2-r8,2000,1,0.03,11.0,0.9815,0.5550244466649588,4047,30,11.333333333333334,0.4714045217910317,1.3467971919200725,C2-presupuesto-variable,I
A2-B0-C2-r8,1180,2,0.08,7.0,0.9686440677966102,0.5550244466649588,3218,30,7.666666666666667,0.4714045217910317,1.3467971919200725,C2-presupuesto-variable,I
A2-B0-C2-r8,718,4,0.12,6.0,0.9484679665738162,0.5550244466649588,2740,30,6.0,1e-09,1.3467971919200725,C2-presupuesto-variable,I
A2-B0-C2-r8,515,8,0.15,5.0,0.9281553398058252,0.5550244466649588,2468,30,5.0,1e-09,1.3467971919200725,C2-presupuesto-variable,I
A2-B0-C2-r8,404,16,0.18,4.0,0.9084158415841584,0.5550244466649588,2161,30,4.0,1e-09,1.3467971919200725,C2-presupuesto-variable,I
A2-B0-C2-r8,2000,1,0.02,11.0,0.989,1.2139429478408668,4180,51,11.0,0.816496581927726,1.237793284985444,C0,I
A2-B0-C2-r8,1174,2,0.09,8.0,0.9812606473594548,1.2139429478408668,3343,51,7.333333333333333,0.4714045217910317,1.237793284985444,C0,I
A2-B0-C2-r8,712,4,0.14,6.0,0.9691011235955056,1.2139429478408668,2865,51,5.666666666666667,0.4714045217910317,1.237793284985444,C0,I
A2-B0-C2-r8,502,8,0.18,5.0,0.9561752988047809,1.2139429478408668,2572,51,5.0,1e-09,1.237793284985444,C0,I
A2-B0-C2-r8,386,16,0.23,4.0,0.9430051813471503,1.2139429478408668,2258,51,4.0,1e-09,1.237793284985444,C0,I
A2-B0-C2-r9,2000,1,0.03,11.0,0.9955,0.5497491449782462,4533,33,10.0,0.816496581927726,1.5956786795473787,C2-hard,I
A2-B0-C2-r9,1122,2,0.11,7.0,0.9919786096256684,0.5497491449782462,3648,33,7.0,1e-09,1.5956786795473787,C2-hard,I
A2-B0-C2-r9,657,4,0.17,6.0,0.9863013698630136,0.5497491449782462,3156,33,5.333333333333333,0.4714045217910317,1.5956786795473787,C2-hard,I
A2-B0-C2-r9,433,8,0.22,5.0,0.9792147806004619,0.5497491449782462,2859,33,5.0,1e-09,1.5956786795473787,C2-hard,I
A2-B0-C2-r9,312,16,0.27,4.0,0.9711538461538461,0.5497491449782462,2454,33,4.0,1e-09,1.5956786795473787,C2-hard,I
A2-B0-C2-r9,2000,1,0.03,8.0,0.9945,0.559317224886632,5195,30,9.0,0.816496581927726,1.2490375267395735,C2-hibrido,II
A2-B0-C2-r9,1131,2,0.09,6.0,0.9902740937223696,0.559317224886632,4320,30,6.666666666666667,0.4714045217910317,1.2490375267395735,C2-hibrido,II
A2-B0-C2-r9,665,4,0.14,5.0,0.9834586466165414,0.559317224886632,3812,30,5.0,1e-09,1.2490375267395735,C2-hibrido,II
A2-B0-C2-r9,459,8,0.18,5.0,0.9760348583877996,0.559317224886632,3494,30,4.666666666666667,0.4714045217910317,1.2490375267395735,C2-hibrido,II
A2-B0-C2-r9,337,16,0.22,4.0,0.9673590504451038,0.559317224886632,2946,30,4.0,1e-09,1.2490375267395735,C2-hibrido,II
A2-B0-C2-r9,2000,1,0.03,9.0,0.9955,0.7008180205336855,4501,12,10.333333333333334,0.4714045217910317,1.679397389428355,C2-budget-soporte,II
A2-B0-C2-r9,1140,2,0.1,7.0,0.9921052631578947,0.7008180205336855,3638,12,7.0,1e-09,1.679397389428355,C2-budget-soporte,II
A2-B0-C2-r9,669,4,0.15,6.0,0.9865470852017937,0.7008180205336855,3142,12,5.666666666666667,0.4714045217910317,1.679397389428355,C2-budget-soporte,II
A2-B0-C2-r9,440,8,0.19,5.0,0.9795454545454545,0.7008180205336855,2832,12,4.666666666666667,0.4714045217910317,1.679397389428355,C2-budget-soporte,II
A2-B0-C2-r9,309,16,0.22,4.0,0.970873786407767,0.7008180205336855,2425,12,4.0,1e-09,1.679397389428355,C2-budget-soporte,II
A2-B0-C2-r9,2000,1,0.03,8.0,0.989,0.6169916346190588,5164,33,9.333333333333334,0.4714045217910317,1.8346247922616743,C2-presupuesto-variable,II
A2-B0-C2-r9,1128,2,0.09,7.0,0.9804964539007093,0.6169916346190588,4285,33,6.666666666666667,0.4714045217910317,1.8346247922616743,C2-presupuesto-variable,II
A2-B0-C2-r9,678,4,0.15,6.0,0.967551622418879,0.6169916346190588,3794,33,5.0,1e-09,1.8346247922616743,C2-presupuesto-variable,II
A2-B0-C2-r9,458,8,0.19,4.0,0.9519650655021834,0.6169916346190588,3453,33,4.0,1e-09,1.8346247922616743,C2-presupuesto-variable,II
A2-B0-C2-r9,342,16,0.24,4.0,0.935672514619883,0.6169916346190588,2941,33,4.0,1e-09,1.8346247922616743,C2-presupuesto-variable,II
A2-B0-C2-r9,2000,1,0.03,8.0,0.9965,0.973312712064945,5370,54,8.333333333333334,0.4714045217910317,1.6190892860201853,C0,I
A2-B0-C2-r9,1119,2,0.09,6.0,0.9937444146559428,0.973312712064945,4478,54,6.333333333333333,0.4714045217910317,1.6190892860201853,C0,I
A2-B0-C2-r9,667,4,0.14,5.0,0.9895052473763118,0.973312712064945,3981,54,5.0,1e-09,1.6190892860201853,C0,I
A2-B0-C2-r9,433,8,0.19,5.0,0.9838337182448037,0.973312712064945,3611,54,4.666666666666667,0.4714045217910317,1.6190892860201853,C0,I
A2-B0-C2-r9,307,16,0.22,4.0,0.9771986970684039,0.973312712064945,3025,54,4.0,1e-09,1.6190892860201853,C0,I
A2-B0-C2-r10,2000,1,0.02,9.0,0.9975,0.47077628176600284,4800,69,8.666666666666666,0.4714045217910317,1.5805144578780044,C2-hard,II
A2-B0-C2-r10,1121,2,0.07,7.0,0.9955396966993756,0.47077628176600284,3910,69,6.666666666666667,0.4714045217910317,1.5805144578780044,C2-hard,II
A2-B0-C2-r10,661,4,0.12,6.0,0.9924357034795764,0.47077628176600284,3422,69,5.0,1e-09,1.5805144578780044,C2-hard,II
A2-B0-C2-r10,428,8,0.15,5.0,0.9883177570093458,0.47077628176600284,3084,69,5.0,1e-09,1.5805144578780044,C2-hard,II
A2-B0-C2-r10,289,16,0.18,4.0,0.9826989619377162,0.47077628176600284,2672,69,4.0,1e-09,1.5805144578780044,C2-hard,II
A2-B0-C2-r10,2000,1,0.03,7.0,0.9965,0.4025561378715576,6077,81,7.333333333333333,0.4714045217910317,1.4086274220683612,C2-hibrido,I
A2-B0-C2-r10,1109,2,0.09,6.0,0.9945897204688909,0.4025561378715576,5172,81,6.0,1e-09,1.4086274220683612,C2-hibrido,I
A2-B0-C2-r10,663,4,0.14,5.0,0.9909502262443439,0.4025561378715576,4669,81,4.666666666666667,0.4714045217910317,1.4086274220683612,C2-hibrido,I
A2-B0-C2-r10,431,8,0.2,4.0,0.9860788863109049,0.4025561378715576,4255,81,4.0,1e-09,1.4086274220683612,C2-hibrido,I
A2-B0-C2-r10,280,16,0.24,4.0,0.9785714285714285,0.4025561378715576,3437,81,3.6666666666666665,0.4714045217910317,1.4086274220683612,C2-hibrido,I
A2-B0-C2-r10,2000,1,0.03,10.0,0.998,0.5057831550321136,4850,48,8.666666666666666,0.4714045217910317,1.3521724431880502,C2-budget-soporte,I
A2-B0-C2-r10,1119,2,0.1,7.0,0.9964253798033958,0.5057831550321136,3964,48,6.666666666666667,0.4714045217910317,1.3521724431880502,C2-budget-soporte,I
A2-B0-C2-r10,666,4,0.16,4.0,0.993993993993994,0.5057831550321136,3475,48,5.0,1e-09,1.3521724431880502,C2-budget-soporte,I
A2-B0-C2-r10,416,8,0.22,4.0,0.9903846153846154,0.5057831550321136,3124,48,5.0,1e-09,1.3521724431880502,C2-budget-soporte,I
A2-B0-C2-r10,277,16,0.28,4.0,0.9855595667870036,0.5057831550321136,2694,48,4.0,1e-09,1.3521724431880502,C2-budget-soporte,I
A2-B0-C2-r10,2000,1,0.04,8.0,0.9955,0.45297590327756143,5787,66,7.666666666666667,0.4714045217910317,1.3817084462267752,C2-presupuesto-variable,II
A2-B0-C2-r10,1119,2,0.1,6.0,0.9928507596067918,0.45297590327756143,4891,66,5.666666666666667,0.4714045217910317,1.3817084462267752,C2-presupuesto-variable,II
A2-B0-C2-r10,669,4,0.19,5.0,0.9880418535127056,0.45297590327756143,4401,66,5.0,0.816496581927726,1.3817084462267752,C2-presupuesto-variable,II
A2-B0-C2-r10,439,8,0.23,4.0,0.9817767653758542,0.45297590327756143,3995,66,4.333333333333333,0.4714045217910317,1.3817084462267752,C2-presupuesto-variable,II
A2-B0-C2-r10,323,16,0.27,4.0,0.9752321981424149,0.45297590327756143,3341,66,4.0,1e-09,1.3817084462267752,C2-presupuesto-variable,II
A2-B0-C2-r10,2000,1,0.04,7.0,0.9985,0.6285836890205778,6340,138,6.666666666666667,0.4714045217910317,1.3497090528957068,C0,I
A2-B0-C2-r10,1102,2,0.1,5.0,0.9972776769509982,0.6285836890205778,5427,138,5.333333333333333,0.4714045217910317,1.3497090528957068,C0,I
A2-B0-C2-r10,654,4,0.16,5.0,0.9954128440366973,0.6285836890205778,4920,138,5.0,1e-09,1.3497090528957068,C0,I
A2-B0-C2-r10,426,8,0.23,4.0,0.9929577464788732,0.6285836890205778,4481,138,4.0,1e-09,1.3497090528957068,C0,I
A2-B0-C2-r10,268,16,0.27,4.0,0.9888059701492538,0.6285836890205778,3577,138,4.0,1e-09,1.3497090528957068,C0,I
A2-B0-C2-r11,2000,1,0.02,12.0,0.983,0.7397610191655041,4052,93,11.666666666666666,0.9428090425820633,1.5780161993319302,C2-hard,I
A2-B0-C2-r11,1150,2,0.1,9.0,0.971304347826087,0.7397610191655041,3177,93,8.333333333333334,0.4714045217910317,1.5780161993319302,C2-hard,I
A2-B0-C2-r11,718,4,0.16,6.0,0.9540389972144847,0.7397610191655041,2733,93,6.0,1e-09,1.5780161993319302,C2-hard,I
A2-B0-C2-r11,467,8,0.22,5.0,0.9293361884368309,0.7397610191655041,2422,93,5.0,1e-09,1.5780161993319302,C2-hard,I
A2-B0-C2-r11,356,16,0.28,4.0,0.9073033707865169,0.7397610191655041,2126,93,4.0,1e-09,1.5780161993319302,C2-hard,I
A2-B0-C2-r11,2000,1,0.02,11.0,0.972,0.6524527358954699,4880,90,9.666666666666666,0.4714045217910317,1.5655989628530436,C2-hibrido,I
A2-B0-C2-r11,1171,2,0.08,7.0,0.9538855678906917,0.6524527358954699,4035,90,6.333333333333333,0.4714045217910317,1.5655989628530436,C2-hibrido,I
A2-B0-C2-r11,728,4,0.15,5.0,0.9258241758241759,0.6524527358954699,3558,90,5.333333333333333,0.4714045217910317,1.5655989628530436,C2-hibrido,I
A2-B0-C2-r11,489,8,0.21,4.0,0.8895705521472392,0.6524527358954699,3206,90,4.666666666666667,0.4714045217910317,1.5655989628530436,C2-hibrido,I
A2-B0-C2-r11,390,16,0.25,4.0,0.8615384615384616,0.6524527358954699,2722,90,4.0,1e-09,1.5655989628530436,C2-hibrido,I
A2-B0-C2-r11,2000,1,0.02,10.0,0.9975,0.9953297975463818,4469,45,10.333333333333334,0.9428090425820633,1.624240687690573,C2-budget-soporte,II
A2-B0-C2-r11,1140,2,0.08,7.0,0.9956140350877193,0.9953297975463818,3602,45,7.333333333333333,0.4714045217910317,1.624240687690573,C2-budget-soporte,II
A2-B0-C2-r11,663,4,0.12,6.0,0.9924585218702866,0.9953297975463818,3102,45,6.0,1e-09,1.624240687690573,C2-budget-soporte,II
A2-B0-C2-r11,418,8,0.16,5.0,0.9880382775119617,0.9953297975463818,2772,45,4.666666666666667,0.4714045217910317,1.624240687690573,C2-budget-soporte,II
A2-B0-C2-r11,296,16,0.2,4.0,0.9831081081081081,0.9953297975463818,2358,45,4.0,1e-09,1.624240687690573,C2-budget-soporte,II
A2-B0-C2-r11,2000,1,0.03,9.0,0.9945,0.9406984213057126,5044,57,9.0,0.816496581927726,1.3934283967562733,C2-presupuesto-variable,II
A2-B0-C2-r11,1147,2,0.13,6.0,0.990409764603313,0.9406984213057126,4185,57,7.0,1e-09,1.3934283967562733,C2-presupuesto-variable,II
A2-B0-C2-r11,682,4,0.19,6.0,0.9838709677419355,0.9406984213057126,3667,57,5.0,1e-09,1.3934283967562733,C2-presupuesto-variable,II
A2-B0-C2-r11,448,8,0.25,5.0,0.9754464285714286,0.9406984213057126,3316,57,4.0,0.816496581927726,1.3934283967562733,C2-presupuesto-variable,II
A2-B0-C2-r11,349,16,0.3,4.0,0.9684813753581661,0.9406984213057126,2835,57,4.0,1e-09,1.3934283967562733,C2-presupuesto-variable,II
A2-B0-C2-r11,2000,1,0.04,7.0,1.0,1.1922143890973436,6930,183,7.333333333333333,0.4714045217910317,1.4679542681485203,C0,I
A2-B0-C2-r11,1113,2,0.14,5.0,1.0,1.1922143890973436,6019,183,5.333333333333333,0.9428090425820633,1.4679542681485203,C0,I
A2-B0-C2-r11,631,4,0.24,5.0,1.0,1.1922143890973436,5464,183,4.666666666666667,0.4714045217910317,1.4679542681485203,C0,I
A2-B0-C2-r11,409,8,0.38,4.0,1.0,1.1922143890973436,4944,183,4.0,1e-09,1.4679542681485203,C0,I
A2-B0-C2-r11,273,16,0.44,4.0,1.0,1.1922143890973436,3983,183,3.6666666666666665,0.4714045217910317,1.4679542681485203,C0,I
A2-B0-C2-r12,2000,1,0.01,20.0,0.8965,0.987854317822392,2445,42,12.0,7.788880964698615,1.320578620919748,C2-hard,III
A2-B0-C2-r12,1250,2,0.05,12.0,0.852,0.987854317822392,1683,42,12.666666666666666,1.8856180841641268,1.320578620919748,C2-hard,III
A2-B0-C2-r12,810,4,0.08,9.0,0.7777777777777778,0.987854317822392,1239,42,9.0,0.816496581927726,1.320578620919748,C2-hard,III
A2-B0-C2-r12,592,8,0.11,6.0,0.6976351351351351,0.987854317822392,1009,42,6.0,1e-09,1.320578620919748,C2-hard,III
A2-B0-C2-r12,482,16,0.14,5.0,0.6286307053941909,0.987854317822392,871,42,4.666666666666667,0.4714045217910317,1.320578620919748,C2-hard,III
A2-B0-C2-r12,2000,1,0.01,15.0,0.869,0.7405726309712031,2810,45,16.666666666666668,1.2472191299246471,1.2697167589938287,C2-hibrido,III
A2-B0-C2-r12,1288,2,0.05,10.0,0.812888198757764,0.7405726309712031,2085,45,11.333333333333334,0.9428090425820633,1.2697167589938287,C2-hibrido,III
A2-B0-C2-r12,891,4,0.09,7.0,0.734006734006734,0.7405726309712031,1673,45,8.0,0.816496581927726,1.2697167589938287,C2-hibrido,III
A2-B0-C2-r12,685,8,0.11,5.0,0.6554744525547446,0.7405726309712031,1435,45,6.666666666666667,0.9428090425820633,1.2697167589938287,C2-hibrido,III
A2-B0-C2-r12,595,16,0.15,4.0,0.6033613445378151,0.7405726309712031,1266,45,4.333333333333333,0.4714045217910317,1.2697167589938287,C2-hibrido,III
A2-B0-C2-r12,2000,1,0.02,19.0,0.9735,0.4501354180063149,2784,9,16.333333333333332,1.2472191299246471,1.514105747038149,C2-budget-soporte,III
A2-B0-C2-r12,1178,2,0.08,13.0,0.9575551782682513,0.4501354180063149,1958,9,12.0,1e-09,1.514105747038149,C2-budget-soporte,III
A2-B0-C2-r12,741,4,0.12,8.0,0.9325236167341431,0.4501354180063149,1515,9,8.0,0.816496581927726,1.514105747038149,C2-budget-soporte,III
A2-B0-C2-r12,475,8,0.15,6.0,0.8947368421052632,0.4501354180063149,1234,9,6.666666666666667,0.9428090425820633,1.514105747038149,C2-budget-soporte,III
A2-B0-C2-r12,340,16,0.18,5.0,0.8529411764705882,0.4501354180063149,1058,9,5.0,1e-09,1.514105747038149,C2-budget-soporte,III
A2-B0-C2-r12,2000,1,0.02,16.0,0.9455,0.6925594800110356,3134,15,14.666666666666666,0.4714045217910317,1.8334228560979904,C2-presupuesto-variable,III
A2-B0-C2-r12,1206,2,0.08,10.0,0.9195688225538972,0.6925594800110356,2338,15,9.666666666666666,0.4714045217910317,1.8334228560979904,C2-presupuesto-variable,III
A2-B0-C2-r12,806,4,0.12,8.0,0.8796526054590571,0.6925594800110356,1926,15,6.333333333333333,0.4714045217910317,1.8334228560979904,C2-presupuesto-variable,III
A2-B0-C2-r12,562,8,0.16,5.0,0.8274021352313167,0.6925594800110356,1642,15,5.0,1e-09,1.8334228560979904,C2-presupuesto-variable,III
A2-B0-C2-r12,436,16,0.19,4.0,0.7775229357798165,0.6925594800110356,1433,15,4.0,1e-09,1.8334228560979904,C2-presupuesto-variable,III
A2-B0-C2-r12,2000,1,0.03,10.0,0.995,0.8695845779901171,5340,72,9.0,0.816496581927726,1.515719848132049,C0,I
A2-B0-C2-r12,1136,2,0.1,7.0,0.9911971830985915,0.8695845779901171,4457,72,6.333333333333333,0.4714045217910317,1.515719848132049,C0,I
A2-B0-C2-r12,686,4,0.17,5.0,0.9854227405247813,0.8695845779901171,3962,72,5.0,1e-09,1.515719848132049,C0,I
A2-B0-C2-r12,422,8,0.23,4.0,0.976303317535545,0.8695845779901171,3556,72,4.666666666666667,0.4714045217910317,1.515719848132049,C0,I
A2-B0-C2-r12,334,16,0.28,4.0,0.9700598802395209,0.8695845779901171,3069,72,4.0,1e-09,1.515719848132049,C0,I
A2-B0-C2-r13,2000,1,0.03,13.0,0.937,0.8664366231530488,3169,99,12.666666666666666,0.4714045217910317,1.5355223479693585,C2-hard,III
A2-B0-C2-r13,1218,2,0.08,9.0,0.9064039408866995,0.8664366231530488,2359,99,10.666666666666666,0.4714045217910317,1.5355223479693585,C2-hard,III
A2-B0-C2-r13,777,4,0.13,7.0,0.8558558558558559,0.8664366231530488,1911,99,6.666666666666667,0.4714045217910317,1.5355223479693585,C2-hard,III
A2-B0-C2-r13,546,8,0.16,5.0,0.7967032967032966,0.8664366231530488,1647,99,5.0,1e-09,1.5355223479693585,C2-hard,III
A2-B0-C2-r13,447,16,0.2,4.0,0.7516778523489933,0.8664366231530488,1463,99,4.0,1e-09,1.5355223479693585,C2-hard,III
A2-B0-C2-r13,2000,1,0.03,11.0,0.904,1.0242387341083135,3557,99,12.333333333333334,0.4714045217910317,1.5796154081458733,C2-hibrido,III
A2-B0-C2-r13,1244,2,0.09,10.0,0.8528938906752411,1.0242387341083135,2780,99,9.0,0.816496581927726,1.5796154081458733,C2-hibrido,III
A2-B0-C2-r13,825,4,0.14,6.0,0.7806060606060606,1.0242387341083135,2333,99,6.333333333333333,0.4714045217910317,1.5796154081458733,C2-hibrido,III
A2-B0-C2-r13,628,8,0.17,5.0,0.7117834394904459,1.0242387341083135,2085,99,5.0,1e-09,1.5796154081458733,C2-hibrido,III
A2-B0-C2-r13,524,16,0.2,4.0,0.6545801526717557,1.0242387341083135,1802,99,4.0,1e-09,1.5796154081458733,C2-hibrido,III
A2-B0-C2-r13,2000,1,0.03,12.0,0.9975,0.8150098119294453,3823,24,11.666666666666666,0.4714045217910317,1.5788784021963256,C2-budget-soporte,I
A2-B0-C2-r13,1135,2,0.09,8.0,0.9955947136563876,0.8150098119294453,2953,24,8.333333333333334,0.9428090425820633,1.5788784021963256,C2-budget-soporte,I
A2-B0-C2-r13,652,4,0.14,6.0,0.9923312883435583,0.8150098119294453,2452,24,6.0,1e-09,1.5788784021963256,C2-budget-soporte,I
A2-B0-C2-r13,407,8,0.18,5.0,0.9877149877149877,0.8150098119294453,2166,24,5.0,1e-09,1.5788784021963256,C2-budget-soporte,I
A2-B0-C2-r13,291,16,0.22,4.0,0.9828178694158075,0.8150098119294453,1917,24,4.0,1e-09,1.5788784021963256,C2-budget-soporte,I
A2-B0-C2-r13,2000,1,0.02,9.0,0.9885,1.240872658562102,4300,36,11.333333333333334,0.9428090425820633,1.3593980306816142,C2-presupuesto-variable,II
A2-B0-C2-r13,1154,2,0.07,7.0,0.9809358752166378,1.240872658562102,3446,36,7.666666666666667,0.9428090425820633,1.3593980306816142,C2-presupuesto-variable,II
A2-B0-C2-r13,686,4,0.12,5.0,0.967930029154519,1.240872658562102,2951,36,6.0,1e-09,1.3593980306816142,C2-presupuesto-variable,II
A2-B0-C2-r13,479,8,0.16,5.0,0.954070981210856,1.240872658562102,2678,36,5.0,1e-09,1.3593980306816142,C2-presupuesto-variable,II
A2-B0-C2-r13,328,16,0.2,4.0,0.9329268292682927,1.240872658562102,2323,36,4.0,1e-09,1.3593980306816142,C2-presupuesto-variable,II
A2-B0-C2-r13,2000,1,0.03,7.0,1.0,1.0823661877392647,7060,195,6.666666666666667,0.4714045217910317,1.6366828571090903,C0,I
A2-B0-C2-r13,1095,2,0.12,5.0,1.0,1.0823661877392647,6119,195,5.666666666666667,0.4714045217910317,1.6366828571090903,C0,I
A2-B0-C2-r13,636,4,0.19,5.0,1.0,1.0823661877392647,5591,195,4.333333333333333,0.4714045217910317,1.6366828571090903,C0,I
A2-B0-C2-r13,404,8,0.24,4.0,1.0,1.0823661877392647,5064,195,3.6666666666666665,0.4714045217910317,1.6366828571090903,C0,I
A2-B0-C2-r13,284,16,0.28,4.0,1.0,1.0823661877392647,4087,195,3.6666666666666665,0.4714045217910317,1.6366828571090903,C0,I
A2-B0-C2-r14,2000,1,0.02,11.0,0.975,0.7614837094803995,4102,126,9.666666666666666,0.4714045217910317,1.4399207633964468,C2-hard,I
A2-B0-C2-r14,1157,2,0.07,9.0,0.9602420051858254,0.7614837094803995,3237,126,7.666666666666667,0.4714045217910317,1.4399207633964468,C2-hard,I
A2-B0-C2-r14,687,4,0.13,6.0,0.9330422125181951,0.7614837094803995,2741,126,6.0,1e-09,1.4399207633964468,C2-hard,I
A2-B0-C2-r14,470,8,0.2,5.0,0.902127659574468,0.7614837094803995,2476,126,5.0,1e-09,1.4399207633964468,C2-hard,I
A2-B0-C2-r14,326,16,0.25,4.0,0.8588957055214724,0.7614837094803995,2103,126,4.0,1e-09,1.4399207633964468,C2-hard,I
A2-B0-C2-r14,2000,1,0.03,11.0,0.983,0.7347188436727784,4982,114,9.333333333333334,0.4714045217910317,1.4799343128498526,C2-hibrido,I
A2-B0-C2-r14,1149,2,0.09,7.0,0.9704090513489991,0.7347188436727784,4114,114,6.666666666666667,0.4714045217910317,1.4799343128498526,C2-hibrido,I
A2-B0-C2-r14,703,4,0.14,5.0,0.9516358463726885,0.7347188436727784,3629,114,5.333333333333333,0.4714045217910317,1.4799343128498526,C2-hibrido,I
A2-B0-C2-r14,484,8,0.19,5.0,0.9297520661157025,0.7347188436727784,3273,114,4.666666666666667,0.4714045217910317,1.4799343128498526,C2-hibrido,I
A2-B0-C2-r14,355,16,0.22,4.0,0.9042253521126761,0.7347188436727784,2760,114,4.0,1e-09,1.4799343128498526,C2-hibrido,I
A2-B0-C2-r14,2000,1,0.03,10.0,0.997,0.8736676496170541,4478,57,10.0,1e-09,1.4187221132571244,C2-budget-soporte,I
A2-B0-C2-r14,1123,2,0.09,8.0,0.9946571682991986,0.8736676496170541,3591,57,7.0,1e-09,1.4187221132571244,C2-budget-soporte,I
A2-B0-C2-r14,651,4,0.14,6.0,0.9907834101382489,0.8736676496170541,3091,57,5.666666666666667,0.4714045217910317,1.4187221132571244,C2-budget-soporte,I
A2-B0-C2-r14,413,8,0.18,5.0,0.9854721549636803,0.8736676496170541,2783,57,4.666666666666667,0.4714045217910317,1.4187221132571244,C2-budget-soporte,I
A2-B0-C2-r14,295,16,0.22,4.0,0.9796610169491525,0.8736676496170541,2414,57,4.0,1e-09,1.4187221132571244,C2-budget-soporte,I
A2-B0-C2-r14,2000,1,0.03,10.0,0.994,0.8778635553288647,5035,87,9.333333333333334,0.4714045217910317,1.4397084126589117,C2-presupuesto-variable,I
A2-B0-C2-r14,1132,2,0.08,7.0,0.9893992932862191,0.8778635553288647,4154,87,6.333333333333333,0.4714045217910317,1.4397084126589117,C2-presupuesto-variable,I
A2-B0-C2-r14,684,4,0.13,5.0,0.9824561403508771,0.8778635553288647,3669,87,5.0,1e-09,1.4397084126589117,C2-presupuesto-variable,I
A2-B0-C2-r14,455,8,0.18,4.0,0.9736263736263736,0.8778635553288647,3321,87,3.6666666666666665,0.4714045217910317,1.4397084126589117,C2-presupuesto-variable,I
A2-B0-C2-r14,330,16,0.23,4.0,0.9636363636363636,0.8778635553288647,2863,87,4.0,1e-09,1.4397084126589117,C2-presupuesto-variable,I
A2-B0-C2-r14,2000,1,0.03,7.0,0.999,0.8630904564931398,6750,180,7.333333333333333,0.4714045217910317,1.6045801955999075,C0,II
A2-B0-C2-r14,1096,2,0.1,6.0,0.9981751824817519,0.8630904564931398,5824,180,5.333333333333333,0.4714045217910317,1.6045801955999075,C0,II
A2-B0-C2-r14,635,4,0.18,4.0,0.9968503937007874,0.8630904564931398,5287,180,4.333333333333333,0.4714045217910317,1.6045801955999075,C0,II
A2-B0-C2-r14,395,8,0.24,4.0,0.9949367088607595,0.8630904564931398,4778,180,4.0,1e-09,1.6045801955999075,C0,II
A2-B0-C2-r14,270,16,0.29,3.0,0.9925925925925926,0.8630904564931398,3794,180,3.6666666666666665,0.4714045217910317,1.6045801955999075,C0,II
A2-B0-C2-r15,2000,1,0.03,12.0,0.974,0.472985540452736,4090,117,10.666666666666666,0.4714045217910317,1.4231974901411486,C2-hard,I
A2-B0-C2-r15,1163,2,0.1,8.0,0.9578675838349097,0.472985540452736,3228,117,8.333333333333334,0.4714045217910317,1.4231974901411486,C2-hard,I
A2-B0-C2-r15,702,4,0.15,6.0,0.9301994301994302,0.472985540452736,2743,117,6.0,1e-09,1.4231974901411486,C2-hard,I
A2-B0-C2-r15,483,8,0.2,5.0,0.8985507246376812,0.472985540452736,2467,117,5.0,1e-09,1.4231974901411486,C2-hard,I
A2-B0-C2-r15,359,16,0.24,4.0,0.8635097493036211,0.472985540452736,2134,117,4.0,1e-09,1.4231974901411486,C2-hard,I
A2-B0-C2-r15,2000,1,0.02,9.0,0.9605,0.3945453134847636,4776,114,9.333333333333334,0.9428090425820633,1.7046051519480507,C2-hibrido,I
A2-B0-C2-r15,1179,2,0.08,7.0,0.9338422391857506,0.3945453134847636,3934,114,6.666666666666667,0.4714045217910317,1.7046051519480507,C2-hibrido,I
A2-B0-C2-r15,745,4,0.14,6.0,0.8953020134228188,0.3945453134847636,3444,114,5.333333333333333,0.4714045217910317,1.7046051519480507,C2-hibrido,I
A2-B0-C2-r15,522,8,0.19,5.0,0.8505747126436781,0.3945453134847636,3111,114,5.0,1e-09,1.7046051519480507,C2-hibrido,I
A2-B0-C2-r15,405,16,0.24,4.0,0.8074074074074075,0.3945453134847636,2628,114,4.0,1e-09,1.7046051519480507,C2-hibrido,I
A2-B0-C2-r15,2000,1,0.02,9.0,0.9985,0.4685431311222087,4659,45,10.666666666666666,0.9428090425820633,1.6140119842924119,C2-budget-soporte,II
A2-B0-C2-r15,1112,2,0.08,8.0,0.9973021582733813,0.4685431311222087,3762,45,7.333333333333333,0.4714045217910317,1.6140119842924119,C2-budget-soporte,II
A2-B0-C2-r15,644,4,0.15,5.0,0.9953416149068323,0.4685431311222087,3270,45,5.333333333333333,0.4714045217910317,1.6140119842924119,C2-budget-soporte,II
A2-B0-C2-r15,400,8,0.2,5.0,0.9925,0.4685431311222087,2907,45,5.0,1e-09,1.6140119842924119,C2-budget-soporte,II
A2-B0-C2-r15,271,16,0.26,4.0,0.988929889298893,0.4685431311222087,2518,45,4.0,1e-09,1.6140119842924119,C2-budget-soporte,II
A2-B0-C2-r15,2000,1,0.03,9.0,0.998,0.5016446141620781,5239,75,9.333333333333334,0.9428090425820633,1.5013334749934808,C2-presupuesto-variable,II
A2-B0-C2-r15,1128,2,0.1,7.0,0.9964539007092199,0.5016446141620781,4354,75,6.0,1e-09,1.5013334749934808,C2-presupuesto-variable,II
A2-B0-C2-r15,665,4,0.16,5.0,0.9939849624060151,0.5016446141620781,3836,75,5.0,1e-09,1.5013334749934808,C2-presupuesto-variable,II
A2-B0-C2-r15,412,8,0.2,5.0,0.9902912621359223,0.5016446141620781,3445,75,4.333333333333333,0.9428090425820633,1.5013334749934808,C2-presupuesto-variable,II
A2-B0-C2-r15,321,16,0.25,4.0,0.9875389408099688,0.5016446141620781,2966,75,4.0,1e-09,1.5013334749934808,C2-presupuesto-variable,II
A2-B0-C2-r15,2000,1,0.03,7.0,1.0,0.7028784427228957,7450,201,7.333333333333333,0.4714045217910317,1.6083252436528337,C0,I
A2-B0-C2-r15,1083,2,0.13,5.0,1.0,0.7028784427228957,6509,201,4.666666666666667,0.4714045217910317,1.6083252436528337,C0,I
A2-B0-C2-r15,622,4,0.2,5.0,1.0,0.7028784427228957,5926,201,4.333333333333333,0.4714045217910317,1.6083252436528337,C0,I
A2-B0-C2-r15,403,8,0.26,4.0,1.0,0.7028784427228957,5366,201,4.0,1e-09,1.6083252436528337,C0,I
A2-B0-C2-r15,270,16,0.3,4.0,1.0,0.7028784427228957,4269,201,4.0,1e-09,1.6083252436528337,C0,I
A2-B0-C2-r16,2000,1,0.02,20.0,0.801,0.35017164298235043,2241,69,20.0,1.4142135633730952,1.3849058379999828,C2-hard,III
A2-B0-C2-r16,1323,2,0.06,13.0,0.7241118669690099,0.35017164298235043,1544,69,13.0,1e-09,1.3849058379999828,C2-hard,III
A2-B0-C2-r16,945,4,0.1,10.0,0.6253968253968254,0.35017164298235043,1164,69,9.666666666666666,0.4714045217910317,1.3849058379999828,C2-hard,III
A2-B0-C2-r16,726,8,0.13,6.0,0.5137741046831956,0.35017164298235043,927,69,6.666666666666667,0.4714045217910317,1.3849058379999828,C2-hard,III
A2-B0-C2-r16,633,16,0.16,5.0,0.4423380726698262,0.35017164298235043,813,69,5.0,1e-09,1.3849058379999828,C2-hard,III
A2-B0-C2-r16,2000,1,0.01,1.0,0.739,0.3472523092087973,2282,87,20.0,0.816496581927726,1.4212748011511958,C2-hibrido,intermedio (sin clase clara)
A2-B0-C2-r16,1380,2,0.06,12.0,0.6398550724637682,0.3472523092087973,1640,87,13.0,1e-09,1.4212748011511958,C2-hibrido,intermedio (sin clase clara)
A2-B0-C2-r16,1049,4,0.09,8.0,0.5347950428979981,0.3472523092087973,1300,87,9.333333333333334,0.4714045217910317,1.4212748011511958,C2-hibrido,intermedio (sin clase clara)
A2-B0-C2-r16,866,8,0.12,5.0,0.4376443418013857,0.3472523092087973,1093,87,6.666666666666667,0.4714045217910317,1.4212748011511958,C2-hibrido,intermedio (sin clase clara)
A2-B0-C2-r16,756,16,0.15,4.0,0.3558201058201058,0.3472523092087973,935,87,5.0,1e-09,1.4212748011511958,C2-hibrido,intermedio (sin clase clara)
A2-B0-C2-r16,2000,1,0.02,28.0,0.9815,0.2288483704124945,2615,12,16.666666666666668,1.2472191299246471,2.145185120555113,C2-budget-soporte,IV
A2-B0-C2-r16,1172,2,0.07,19.0,0.9709897610921502,0.2288483704124945,1784,12,12.666666666666666,0.9428090425820633,2.145185120555113,C2-budget-soporte,IV
A2-B0-C2-r16,695,4,0.11,13.0,0.9510791366906475,0.2288483704124945,1306,12,7.333333333333333,0.4714045217910317,2.145185120555113,C2-budget-soporte,IV
A2-B0-C2-r16,450,8,0.14,8.0,0.9244444444444444,0.2288483704124945,1040,12,6.0,1e-09,2.145185120555113,C2-budget-soporte,IV
A2-B0-C2-r16,316,16,0.17,6.0,0.8924050632911392,0.2288483704124945,872,12,5.0,1e-09,2.145185120555113,C2-budget-soporte,IV
A2-B0-C2-r16,2000,1,0.01,25.0,0.973,0.26799787905937755,2767,12,17.333333333333332,1.699673172197595,1.9413762183775933,C2-presupuesto-variable,IV
A2-B0-C2-r16,1201,2,0.05,15.0,0.9592006661115737,0.26799787905937755,1967,12,12.333333333333334,0.4714045217910317,1.9413762183775933,C2-presupuesto-variable,IV
A2-B0-C2-r16,755,4,0.08,11.0,0.9390728476821192,0.26799787905937755,1511,12,7.333333333333333,0.4714045217910317,1.9413762183775933,C2-presupuesto-variable,IV
A2-B0-C2-r16,516,8,0.11,7.0,0.9108527131782945,0.26799787905937755,1240,12,6.0,1e-09,1.9413762183775933,C2-presupuesto-variable,IV
A2-B0-C2-r16,387,16,0.13,6.0,0.8811369509043928,0.26799787905937755,1046,12,4.666666666666667,0.4714045217910317,1.9413762183775933,C2-presupuesto-variable,IV
A2-B0-C2-r16,2000,1,0.02,7.0,0.9995,0.5379159038310068,7310,165,7.0,1e-09,1.5718435930071144,C0,I
A2-B0-C2-r16,1091,2,0.09,5.0,0.999083409715857,0.5379159038310068,6379,165,5.0,1e-09,1.5718435930071144,C0,I
A2-B0-C2-r16,635,4,0.16,4.0,0.9984251968503937,0.5379159038310068,5831,165,4.666666666666667,0.4714045217910317,1.5718435930071144,C0,I
A2-B0-C2-r16,398,8,0.22,4.0,0.9974874371859297,0.5379159038310068,5305,165,3.6666666666666665,0.4714045217910317,1.5718435930071144,C0,I
A2-B0-C2-r16,272,16,0.28,4.0,0.9963235294117647,0.5379159038310068,4238,165,3.6666666666666665,0.4714045217910317,1.5718435930071144,C0,I
A2-B0-C2-r17,2000,1,0.03,15.0,0.9645,0.4568887811957097,3330,51,13.333333333333334,0.4714045217910317,1.5734978593226647,C2-hard,I
A2-B0-C2-r17,1178,2,0.09,9.0,0.9448217317487266,0.4568887811957097,2499,51,9.0,1e-09,1.5734978593226647,C2-hard,I
A2-B0-C2-r17,719,4,0.14,7.0,0.9123783031988874,0.4568887811957097,2027,51,7.333333333333333,0.4714045217910317,1.5734978593226647,C2-hard,I
A2-B0-C2-r17,486,8,0.18,5.0,0.8703703703703703,0.4568887811957097,1753,51,5.0,1e-09,1.5734978593226647,C2-hard,I
A2-B0-C2-r17,370,16,0.21,5.0,0.8297297297297297,0.4568887811957097,1542,51,4.0,1e-09,1.5734978593226647,C2-hard,I
A2-B0-C2-r17,2000,1,0.02,9.0,0.9925,0.4811683226759299,4974,45,9.666666666666666,0.4714045217910317,1.5304066723758278,C2-hibrido,I
A2-B0-C2-r17,1145,2,0.07,7.0,0.9868995633187773,0.4811683226759299,4109,45,7.0,1e-09,1.5304066723758278,C2-hibrido,I
A2-B0-C2-r17,715,4,0.11,5.0,0.9790209790209791,0.4811683226759299,3644,45,5.0,1e-09,1.5304066723758278,C2-hibrido,I
A2-B0-C2-r17,467,8,0.15,4.0,0.9678800856531049,0.4811683226759299,3303,45,4.666666666666667,0.4714045217910317,1.5304066723758278,C2-hibrido,I
A2-B0-C2-r17,344,16,0.19,4.0,0.9563953488372093,0.4811683226759299,2782,45,4.0,1e-09,1.5304066723758278,C2-hibrido,I
A2-B0-C2-r17,2000,1,0.02,12.0,0.9845,0.4434723676652383,3479,27,13.0,0.816496581927726,1.0691805924788274,C2-budget-soporte,I
A2-B0-C2-r17,1155,2,0.07,8.0,0.974025974025974,0.4434723676652383,2628,27,8.666666666666666,0.4714045217910317,1.0691805924788274,C2-budget-soporte,I
A2-B0-C2-r17,700,4,0.1,6.0,0.9571428571428572,0.4434723676652383,2158,27,6.333333333333333,0.4714045217910317,1.0691805924788274,C2-budget-soporte,I
A2-B0-C2-r17,459,8,0.14,5.0,0.934640522875817,0.4434723676652383,1891,27,5.0,1e-09,1.0691805924788274,C2-budget-soporte,I
A2-B0-C2-r17,327,16,0.17,4.0,0.908256880733945,0.4434723676652383,1665,27,4.0,1e-09,1.0691805924788274,C2-budget-soporte,I
A2-B0-C2-r17,2000,1,0.02,12.0,0.977,0.535344267839998,4214,45,10.333333333333334,0.9428090425820633,1.2565310265529144,C2-presupuesto-variable,I
A2-B0-C2-r17,1173,2,0.07,7.0,0.9607843137254902,0.535344267839998,3377,45,7.0,1e-09,1.2565310265529144,C2-presupuesto-variable,I
A2-B0-C2-r17,753,4,0.11,6.0,0.9389110225763613,0.535344267839998,2936,45,5.666666666666667,0.4714045217910317,1.2565310265529144,C2-presupuesto-variable,I
A2-B0-C2-r17,519,8,0.15,5.0,0.9113680154142582,0.535344267839998,2627,45,5.0,1e-09,1.2565310265529144,C2-presupuesto-variable,I
A2-B0-C2-r17,408,16,0.18,4.0,0.8872549019607843,0.535344267839998,2270,45,4.0,1e-09,1.2565310265529144,C2-presupuesto-variable,I
A2-B0-C2-r17,2000,1,0.03,9.0,0.994,0.6167143907477763,5160,81,9.333333333333334,0.4714045217910317,1.703618033692981,C0,I
A2-B0-C2-r17,1140,2,0.1,6.0,0.9894736842105263,0.6167143907477763,4286,81,7.0,1e-09,1.703618033692981,C0,I
A2-B0-C2-r17,688,4,0.16,5.0,0.9825581395348837,0.6167143907477763,3794,81,5.0,1e-09,1.703618033692981,C0,I
A2-B0-C2-r17,449,8,0.22,4.0,0.9732739420935412,0.6167143907477763,3435,81,4.333333333333333,0.4714045217910317,1.703618033692981,C0,I
A2-B0-C2-r17,331,16,0.26,4.0,0.9637462235649547,0.6167143907477763,2898,81,4.0,1e-09,1.703618033692981,C0,I
A2-B0-C2-r18,2000,1,0.01,18.0,0.886,0.9364044560359845,2431,57,19.666666666666668,1.2472191299246471,1.7165858777181064,C2-hard,III
A2-B0-C2-r18,1253,2,0.05,14.0,0.8332003192338387,0.9364044560359845,1671,57,14.333333333333334,1.2472191299246471,1.7165858777181064,C2-hard,III
A2-B0-C2-r18,832,4,0.07,10.0,0.7620192307692307,0.9364044560359845,1244,57,9.666666666666666,0.4714045217910317,1.7165858777181064,C2-hard,III
A2-B0-C2-r18,618,8,0.11,6.0,0.6796116504854369,0.9364044560359845,1017,57,6.0,1e-09,1.7165858777181064,C2-hard,III
A2-B0-C2-r18,500,16,0.13,5.0,0.604,0.9364044560359845,875,57,5.0,1e-09,1.7165858777181064,C2-hard,III
A2-B0-C2-r18,2000,1,0.02,13.0,0.8465,0.8999074505884499,2708,51,18.0,2.160246900469287,1.4251189591349938,C2-hibrido,III
A2-B0-C2-r18,1295,2,0.05,10.0,0.772972972972973,0.8999074505884499,1992,51,13.0,2.160246900469287,1.4251189591349938,C2-hibrido,III
A2-B0-C2-r18,932,4,0.08,7.0,0.6888412017167382,0.8999074505884499,1621,51,8.0,0.816496581927726,1.4251189591349938,C2-hibrido,III
A2-B0-C2-r18,730,8,0.11,5.0,0.6027397260273972,0.8999074505884499,1381,51,5.333333333333333,0.4714045217910317,1.4251189591349938,C2-hibrido,III
A2-B0-C2-r18,636,16,0.14,5.0,0.5440251572327044,0.8999074505884499,1227,51,5.0,1e-09,1.4251189591349938,C2-hibrido,III
A2-B0-C2-r18,2000,1,0.02,19.0,0.9795,0.8177095878259932,2891,9,16.333333333333332,1.2472191299246471,1.3865115191307167,C2-budget-soporte,III
A2-B0-C2-r18,1170,2,0.06,13.0,0.9709401709401709,0.8177095878259932,2059,9,11.666666666666666,1.699673172197595,1.3865115191307167,C2-budget-soporte,III
A2-B0-C2-r18,691,4,0.1,8.0,0.9522431259044862,0.8177095878259932,1569,9,7.333333333333333,0.4714045217910317,1.3865115191307167,C2-budget-soporte,III
A2-B0-C2-r18,460,8,0.13,6.0,0.9282608695652174,0.8177095878259932,1317,9,6.333333333333333,0.4714045217910317,1.3865115191307167,C2-budget-soporte,III
A2-B0-C2-r18,326,16,0.17,5.0,0.8987730061349694,0.8177095878259932,1133,9,4.666666666666667,0.4714045217910317,1.3865115191307167,C2-budget-soporte,III
A2-B0-C2-r18,2000,1,0.02,14.0,0.9755,0.7860192127772019,3301,15,13.666666666666666,0.4714045217910317,1.4409255613698562,C2-presupuesto-variable,III
A2-B0-C2-r18,1191,2,0.07,9.0,0.9596977329974811,0.7860192127772019,2486,15,8.666666666666666,0.4714045217910317,1.4409255613698562,C2-presupuesto-variable,III
A2-B0-C2-r18,751,4,0.1,7.0,0.9360852197070573,0.7860192127772019,2038,15,6.333333333333333,0.4714045217910317,1.4409255613698562,C2-presupuesto-variable,III
A2-B0-C2-r18,520,8,0.14,6.0,0.9076923076923077,0.7860192127772019,1751,15,5.0,1e-09,1.4409255613698562,C2-presupuesto-variable,III
A2-B0-C2-r18,412,16,0.16,4.0,0.883495145631068,0.7860192127772019,1565,15,4.0,1e-09,1.4409255613698562,C2-presupuesto-variable,III
A2-B0-C2-r18,2000,1,0.04,8.0,0.996,0.9060520853734341,6000,117,7.333333333333333,0.4714045217910317,1.499465657520987,C0,I
A2-B0-C2-r18,1123,2,0.1,5.0,0.9928762243989314,0.9060520853734341,5110,117,6.0,1e-09,1.499465657520987,C0,I
A2-B0-C2-r18,659,4,0.16,5.0,0.9878603945371776,0.9060520853734341,4581,117,4.666666666666667,0.4714045217910317,1.499465657520987,C0,I
A2-B0-C2-r18,413,8,0.22,4.0,0.9806295399515739,0.9060520853734341,4152,117,4.0,1e-09,1.499465657520987,C0,I
A2-B0-C2-r18,284,16,0.28,4.0,0.971830985915493,0.9060520853734341,3428,117,4.0,1e-09,1.499465657520987,C0,I
A2-B0-C2-r19,2000,1,0.03,9.0,0.9925,0.9945719262958814,4707,60,10.0,1e-09,1.3525750669895955,C2-hard,II
A2-B0-C2-r19,1135,2,0.1,7.0,0.986784140969163,0.9945719262958814,3828,60,6.666666666666667,0.4714045217910317,1.3525750669895955,C2-hard,II
A2-B0-C2-r19,673,4,0.16,5.0,0.9777117384843982,0.9945719262958814,3335,60,5.666666666666667,0.4714045217910317,1.3525750669895955,C2-hard,II
A2-B0-C2-r19,425,8,0.2,5.0,0.9647058823529412,0.9945719262958814,2989,60,4.666666666666667,0.4714045217910317,1.3525750669895955,C2-hard,II
A2-B0-C2-r19,289,16,0.25,4.0,0.9480968858131488,0.9945719262958814,2525,60,4.0,1e-09,1.3525750669895955,C2-hard,II
A2-B0-C2-r19,2000,1,0.03,9.0,0.996,0.79176175953414,5745,60,7.666666666666667,0.4714045217910317,1.6339929719329915,C2-hibrido,II
A2-B0-C2-r19,1118,2,0.11,6.0,0.9928443649373881,0.79176175953414,4851,60,6.0,0.816496581927726,1.6339929719329915,C2-hibrido,II
A2-B0-C2-r19,662,4,0.18,5.0,0.9879154078549849,0.79176175953414,4343,60,5.0,1e-09,1.6339929719329915,C2-hibrido,II
A2-B0-C2-r19,425,8,0.23,4.0,0.9811764705882353,0.79176175953414,3926,60,4.0,1e-09,1.6339929719329915,C2-hibrido,II
A2-B0-C2-r19,308,16,0.28,4.0,0.974025974025974,0.79176175953414,3270,60,4.0,1e-09,1.6339929719329915,C2-hibrido,II
A2-B0-C2-r19,2000,1,0.03,8.0,0.9955,1.0878957841467014,4750,27,10.0,1e-09,1.762911024367954,C2-budget-soporte,II
A2-B0-C2-r19,1125,2,0.09,6.0,0.992,1.0878957841467014,3864,27,7.0,1e-09,1.762911024367954,C2-budget-soporte,II
A2-B0-C2-r19,667,4,0.13,5.0,0.9865067466266867,1.0878957841467014,3372,27,5.333333333333333,0.4714045217910317,1.762911024367954,C2-budget-soporte,II
A2-B0-C2-r19,427,8,0.17,4.0,0.9789227166276346,1.0878957841467014,3027,27,4.666666666666667,0.4714045217910317,1.762911024367954,C2-budget-soporte,II
A2-B0-C2-r19,291,16,0.22,4.0,0.9690721649484536,1.0878957841467014,2584,27,4.0,1e-09,1.762911024367954,C2-budget-soporte,II
A2-B0-C2-r19,2000,1,0.02,9.0,0.989,1.1491327296794533,5652,48,7.666666666666667,0.4714045217910317,1.196976976622758,C2-presupuesto-variable,I
A2-B0-C2-r19,1130,2,0.09,6.0,0.9805309734513274,1.1491327296794533,4766,48,6.0,0.816496581927726,1.196976976622758,C2-presupuesto-variable,I
A2-B0-C2-r19,666,4,0.15,5.0,0.9669669669669669,1.1491327296794533,4255,48,5.0,1e-09,1.196976976622758,C2-presupuesto-variable,I
A2-B0-C2-r19,462,8,0.19,4.0,0.9523809523809523,1.1491327296794533,3889,48,4.0,1e-09,1.196976976622758,C2-presupuesto-variable,I
A2-B0-C2-r19,324,16,0.23,4.0,0.9320987654320988,1.1491327296794533,3214,48,3.6666666666666665,0.4714045217910317,1.196976976622758,C2-presupuesto-variable,I
A2-B0-C2-r19,2000,1,0.04,8.0,0.997,1.226647465761618,5980,114,7.666666666666667,0.4714045217910317,1.5173353054722163,C0,II
A2-B0-C2-r19,1115,2,0.13,6.0,0.9946188340807175,1.226647465761618,5072,114,6.0,1e-09,1.5173353054722163,C0,II
A2-B0-C2-r19,660,4,0.19,5.0,0.990909090909091,1.226647465761618,4563,114,5.0,1e-09,1.5173353054722163,C0,II
A2-B0-C2-r19,423,8,0.25,4.0,0.9858156028368794,1.226647465761618,4130,114,4.0,1e-09,1.5173353054722163,C0,II
A2-B0-C2-r19,297,16,0.3,4.0,0.9797979797979798,1.226647465761618,3381,114,3.6666666666666665,0.4714045217910317,1.5173353054722163,C0,II
