barrido,d_aristas,d_tau,d_vivos,delta,distinguible,div_rel_S,eps_tau,operable,precision,semilla
B_delta,0,0,0,1e-20,0,0.0,0.0001,0,float64,1
B_delta,0,0,0,3.162277660168379e-20,0,0.0,0.0001,0,float64,1
B_delta,0,0,0,1e-19,0,0.0,0.0001,0,float64,1
B_delta,0,0,0,3.162277660168379e-19,0,0.0,0.0001,0,float64,1
B_delta,0,0,0,1e-18,0,0.0,0.0001,0,float64,1
B_delta,0,0,0,3.1622776601683795e-18,0,0.0,0.0001,0,float64,1
B_delta,0,0,0,1e-17,0,0.0,0.0001,0,float64,1
B_delta,0,0,0,3.1622776601683796e-17,0,0.0,0.0001,0,float64,1
B_delta,0,0,0,1e-16,0,0.0,0.0001,0,float64,1
B_delta,0,0,0,3.1622776601683793e-16,1,4.696514096402197e-16,0.0001,0,float64,1
B_delta,0,0,0,1e-15,1,4.696514096402197e-16,0.0001,0,float64,1
B_delta,0,0,0,3.1622776601683794e-15,1,4.696514096402197e-16,0.0001,0,float64,1
B_delta,0,0,0,1e-14,1,1.8786056385608787e-15,0.0001,0,float64,1
B_delta,0,0,0,3.1622776601683796e-14,1,1.8786056385608787e-15,0.0001,0,float64,1
B_delta,0,0,0,1e-13,1,3.1310093976014646e-15,0.0001,0,float64,1
B_delta,0,0,0,3.162277660168379e-13,1,1.0958532891605126e-14,0.0001,0,float64,1
B_delta,0,0,0,1e-12,1,3.162319491577479e-14,0.0001,0,float64,1
B_delta,0,0,0,3.1622776601683794e-12,1,9.721784179552547e-14,0.0001,0,float64,1
B_delta,0,0,0,1e-11,1,3.0793477425410403e-13,0.0001,0,float64,1
B_delta,0,0,0,3.1622776601683794e-11,1,9.66542601039572e-13,0.0001,0,float64,1
B_delta,0,0,0,1e-10,1,3.055552071119269e-12,0.0001,0,float64,1
B_delta,0,0,0,3.1622776601683795e-10,1,9.6647998085162e-12,0.0001,0,float64,1
B_delta,0,0,0,1e-09,1,3.0558182069180656e-11,0.0001,0,float64,1
B_delta,0,0,0,3.1622776601683795e-09,1,9.663453474475232e-11,0.0001,0,float64,1
B_delta,0,0,0,1e-08,1,3.055791593338186e-10,0.0001,0,float64,1
B_delta,0,0,0,3.162277660168379e-08,1,9.66322177977981e-10,0.0001,0,float64,1
B_delta,0,0,0,1e-07,1,3.05577296383227e-09,0.0001,0,float64,1
B_delta,0,0,0,3.162277660168379e-07,1,9.663203933026244e-09,0.0001,0,float64,1
B_delta,0,0,0,1e-06,1,3.055775609535211e-08,0.0001,0,float64,1
B_delta,0,0,0,3.162277660168379e-06,1,9.663234695193574e-08,0.0001,0,float64,1
B_delta,0,0,0,1e-05,1,3.0558071497583776e-07,0.0001,0,float64,1
B_delta,0,0,0,3.1622776601683795e-05,1,9.663551141616876e-07,0.0001,0,float64,1
B_delta,0,0,0,0.0001,1,3.056123674456914e-06,0.0001,0,float64,1
B_delta,0,0,0,0.00031622776601683794,1,9.66671672189819e-06,0.0001,0,float64,1
B_delta,0,0,0,0.001,1,3.0592900536778965e-05,0.0001,0,float64,1
B_delta,0,0,0,0.0031622776601683794,1,9.698405569744585e-05,0.0001,0,float64,1
B_delta,0,0,0,0.01,1,0.00030910591128940364,0.0001,0,float64,1
B_delta,0,0,0,0.03162277660168379,1,0.0010018734898188234,0.0001,0,float64,1
B_delta,0,0,0,0.1,1,0.003420804350268364,0.0001,0,float64,1
B_delta,0,0,0,0.31622776601683794,1,0.01052898590294016,0.0001,0,float64,1
B_delta,0,0,0,1.0,1,0.060480311998962664,0.0001,0,float64,1
B_delta,0,0,0,1e-20,0,0.0,0.0001,0,float64,2
B_delta,0,0,0,3.162277660168379e-20,0,0.0,0.0001,0,float64,2
B_delta,0,0,0,1e-19,0,0.0,0.0001,0,float64,2
B_delta,0,0,0,3.162277660168379e-19,0,0.0,0.0001,0,float64,2
B_delta,0,0,0,1e-18,0,0.0,0.0001,0,float64,2
B_delta,0,0,0,3.1622776601683795e-18,0,0.0,0.0001,0,float64,2
B_delta,0,0,0,1e-17,0,0.0,0.0001,0,float64,2
B_delta,0,0,0,3.1622776601683796e-17,0,0.0,0.0001,0,float64,2
B_delta,0,0,0,1e-16,0,0.0,0.0001,0,float64,2
B_delta,0,0,0,3.1622776601683793e-16,0,0.0,0.0001,0,float64,2
B_delta,0,0,0,1e-15,1,7.112216479539921e-16,0.0001,0,float64,2
B_delta,0,0,0,3.1622776601683794e-15,1,7.112216479539921e-16,0.0001,0,float64,2
B_delta,0,0,0,1e-14,1,3.55610823976996e-15,0.0001,0,float64,2
B_delta,0,0,0,3.1622776601683796e-14,1,1.0905398601961212e-14,0.0001,0,float64,2
B_delta,0,0,0,1e-13,1,3.484986074974561e-14,0.0001,0,float64,2
B_delta,0,0,0,3.162277660168379e-13,1,1.1095057708082276e-13,0.0001,0,float64,2
B_delta,0,0,0,1e-12,1,3.4968397691071275e-13,0.0001,0,float64,2
B_delta,0,0,0,3.1622776601683794e-12,1,1.1016823326807336e-12,0.0001,0,float64,2
B_delta,0,0,0,1e-11,1,3.484274853326607e-12,0.0001,0,float64,2
B_delta,0,0,0,3.1622776601683794e-11,1,1.101670478986601e-11,0.0001,0,float64,2
B_delta,0,0,0,1e-10,1,3.4833384114901345e-11,0.0001,0,float64,2
B_delta,0,0,0,3.1622776601683795e-10,1,1.1015068980075717e-10,0.0001,0,float64,2
B_delta,0,0,0,1e-09,1,3.483266103955926e-10,0.0001,0,float64,2
B_delta,0,0,0,3.1622776601683795e-09,1,1.101501919456036e-09,0.0001,0,float64,2
B_delta,0,0,0,1e-08,1,3.483254250261793e-09,0.0001,0,float64,2
B_delta,0,0,0,3.162277660168379e-08,1,1.1015016231136827e-08,0.0001,0,float64,2
B_delta,0,0,0,1e-07,1,3.483253894650969e-08,0.0001,0,float64,2
B_delta,0,0,0,3.162277660168379e-07,1,1.1015015199865438e-07,0.0001,0,float64,2
B_delta,0,0,0,1e-06,1,3.483252757881702e-07,0.0001,0,float64,2
B_delta,0,0,0,3.162277660168379e-06,1,1.1015003483674157e-06,0.0001,0,float64,2
B_delta,0,0,0,1e-05,1,3.4832410936096014e-06,0.0001,0,float64,2
B_delta,0,0,0,3.1622776601683795e-05,1,1.1014887002993153e-05,0.0001,0,float64,2
B_delta,0,0,0,0.0001,1,3.4831246416738054e-05,0.0001,0,float64,2
B_delta,0,0,0,0.00031622776601683794,1,0.00011013723330190464,0.0001,0,float64,2
B_delta,0,0,0,0.001,1,0.0003481963630098943,0.0001,0,float64,2
B_delta,0,0,0,0.0031622776601683794,1,0.0011002194513407256,0.0001,0,float64,2
B_delta,0,0,0,0.01,1,0.0034706662938547676,0.0001,0,float64,2
B_delta,0,0,0,0.03162277660168379,1,0.010894716274225873,0.0001,0,float64,2
B_delta,0,0,0,0.1,1,0.033721253104908686,0.0001,0,float64,2
B_delta,0,0,0,0.31622776601683794,1,0.10402774847910441,0.0001,0,float64,2
B_delta,0,0,0,1.0,1,0.31574069581076425,0.0001,0,float64,2
B_delta,0,0,0,1e-20,0,0.0,0.0001,0,float64,3
B_delta,0,0,0,3.162277660168379e-20,0,0.0,0.0001,0,float64,3
B_delta,0,0,0,1e-19,0,0.0,0.0001,0,float64,3
B_delta,0,0,0,3.162277660168379e-19,0,0.0,0.0001,0,float64,3
B_delta,0,0,0,1e-18,0,0.0,0.0001,0,float64,3
B_delta,0,0,0,3.1622776601683795e-18,0,0.0,0.0001,0,float64,3
B_delta,0,0,0,1e-17,0,0.0,0.0001,0,float64,3
B_delta,0,0,0,3.1622776601683796e-17,0,0.0,0.0001,0,float64,3
B_delta,0,0,0,1e-16,0,0.0,0.0001,0,float64,3
B_delta,0,0,0,3.1622776601683793e-16,0,0.0,0.0001,0,float64,3
B_delta,0,0,0,1e-15,1,1.4160713712863484e-15,0.0001,0,float64,3
B_delta,0,0,0,3.1622776601683794e-15,1,7.080356856431742e-16,0.0001,0,float64,3
B_delta,0,0,0,1e-14,1,1.534077318893544e-15,0.0001,0,float64,3
B_delta,0,0,0,3.1622776601683796e-14,1,7.552380646860525e-15,0.0001,0,float64,3
B_delta,0,0,0,1e-13,1,2.9973510692227707e-14,0.0001,0,float64,3
B_delta,0,0,0,3.162277660168379e-13,1,1.0054106736133074e-13,0.0001,0,float64,3
B_delta,0,0,0,1e-12,1,3.186160585394284e-13,0.0001,0,float64,3
B_delta,0,0,0,3.1622776601683794e-12,1,1.0144971315790615e-12,0.0001,0,float64,3
B_delta,0,0,0,1e-11,1,3.213301953343939e-12,0.0001,0,float64,3
B_delta,0,0,0,3.1622776601683794e-11,1,1.0162200184141265e-11,0.0001,0,float64,3
B_delta,0,0,0,1e-10,1,3.214104393787668e-11,0.0001,0,float64,3
B_delta,0,0,0,3.1622776601683795e-10,1,1.0164288889413912e-10,0.0001,0,float64,3
B_delta,0,0,0,1e-09,1,3.2142330202705596e-10,0.0001,0,float64,3
B_delta,0,0,0,3.1622776601683795e-09,1,1.0164369133458285e-09,0.0001,0,float64,3
B_delta,0,0,0,1e-08,1,3.2142580375314523e-09,0.0001,0,float64,3
B_delta,0,0,0,3.162277660168379e-08,1,1.016437975399357e-08,0.0001,0,float64,3
B_delta,0,0,0,1e-07,1,3.214261188290253e-08,0.0001,0,float64,3
B_delta,0,0,0,3.162277660168379e-07,1,1.0164401974513504e-07,0.0001,0,float64,3
B_delta,0,0,0,1e-06,1,3.2142819443563783e-07,0.0001,0,float64,3
B_delta,0,0,0,3.162277660168379e-06,1,1.0164609971796756e-06,0.0001,0,float64,3
B_delta,0,0,0,1e-05,1,3.214489794250202e-06,0.0001,0,float64,3
B_delta,0,0,0,3.1622776601683795e-05,1,1.016668704923535e-05,0.0001,0,float64,3
B_delta,0,0,0,0.0001,1,3.2165631181556146e-05,0.0001,0,float64,3
B_delta,0,0,0,0.00031622776601683794,1,0.00010187304197578398,0.0001,0,float64,3
B_delta,0,0,0,0.001,1,0.0003236834951061089,0.0001,0,float64,3
B_delta,0,0,0,0.0031622776601683794,1,0.0010380883784189925,0.0001,0,float64,3
B_delta,0,0,0,0.01,1,0.003412189522561065,0.0001,0,float64,3
B_delta,0,0,0,0.03162277660168379,1,0.011949820938976766,0.0001,0,float64,3
B_delta,0,0,0,0.1,1,0.04306940554282743,0.0001,0,float64,3
B_delta,0,0,0,0.31622776601683794,1,0.20101682954465716,0.0001,0,float64,3
B_delta,1,0,1,1.0,1,3.0558679996413747,0.0001,1,float64,3
B_delta,0,0,0,1e-20,0,0.0,0.0001,0,float64,4
B_delta,0,0,0,3.162277660168379e-20,0,0.0,0.0001,0,float64,4
B_delta,0,0,0,1e-19,0,0.0,0.0001,0,float64,4
B_delta,0,0,0,3.162277660168379e-19,0,0.0,0.0001,0,float64,4
B_delta,0,0,0,1e-18,0,0.0,0.0001,0,float64,4
B_delta,0,0,0,3.1622776601683795e-18,0,0.0,0.0001,0,float64,4
B_delta,0,0,0,1e-17,0,0.0,0.0001,0,float64,4
B_delta,0,0,0,3.1622776601683796e-17,0,0.0,0.0001,0,float64,4
B_delta,0,0,0,1e-16,0,0.0,0.0001,0,float64,4
B_delta,0,0,0,3.1622776601683793e-16,0,0.0,0.0001,0,float64,4
B_delta,0,0,0,1e-15,0,0.0,0.0001,0,float64,4
B_delta,0,0,0,3.1622776601683794e-15,1,1.3749087138023795e-15,0.0001,0,float64,4
B_delta,0,0,0,1e-14,1,1.7677397748887736e-15,0.0001,0,float64,4
B_delta,0,0,0,3.1622776601683796e-14,1,6.6781280384687e-15,0.0001,0,float64,4
B_delta,0,0,0,1e-13,1,2.2194954951381268e-14,0.0001,0,float64,4
B_delta,0,0,0,3.162277660168379e-13,1,7.031675993446455e-14,0.0001,0,float64,4
B_delta,0,0,0,1e-12,1,2.2587786012467663e-13,0.0001,0,float64,4
B_delta,0,0,0,3.1622776601683794e-12,1,7.080779876082255e-13,0.0001,0,float64,4
B_delta,0,0,0,1e-11,1,2.23383382886778e-12,0.0001,0,float64,4
B_delta,0,0,0,3.1622776601683794e-11,1,7.066834373413687e-12,0.0001,0,float64,4
B_delta,0,0,0,1e-10,1,2.23456056633079e-11,0.0001,0,float64,4
B_delta,0,0,0,3.1622776601683795e-10,1,7.066500467011764e-11,0.0001,0,float64,4
B_delta,0,0,0,1e-09,1,2.2345900286603714e-10,0.0001,0,float64,4
B_delta,0,0,0,3.1622776601683795e-09,1,7.066396366780576e-10,0.0001,0,float64,4
B_delta,0,0,0,1e-08,1,2.2345847254410467e-09,0.0001,0,float64,4
B_delta,0,0,0,3.162277660168379e-08,1,7.066375350318808e-09,0.0001,0,float64,4
B_delta,0,0,0,1e-07,1,2.234584430817751e-08,0.0001,0,float64,4
B_delta,0,0,0,3.162277660168379e-07,1,7.066380083933094e-08,0.0001,0,float64,4
B_delta,0,0,0,1e-06,1,2.2345890721167377e-07,0.0001,0,float64,4
B_delta,0,0,0,3.162277660168379e-06,1,7.066425371461971e-07,0.0001,0,float64,4
B_delta,0,0,0,1e-05,1,2.2346342009418665e-06,0.0001,0,float64,4
B_delta,0,0,0,3.1622776601683795e-05,1,7.066876678569149e-06,0.0001,0,float64,4
B_delta,0,0,0,0.0001,1,2.2350853189598128e-05,0.0001,0,float64,4
B_delta,0,0,0,0.00031622776601683794,1,7.07138174325286e-05,0.0001,0,float64,4
B_delta,0,0,0,0.001,1,0.00022395717777522442,0.0001,0,float64,4
B_delta,0,0,0,0.0031622776601683794,1,0.0006959384523827846,0.0001,0,float64,4
B_delta,0,0,0,0.01,1,0.0022218450566530777,0.0001,0,float64,4
B_delta,0,0,0,0.03162277660168379,1,0.007294774464140345,0.0001,0,float64,4
B_delta,0,0,0,0.1,1,0.026221699528972894,0.0001,0,float64,4
B_delta,5,0,1,0.31622776601683794,1,0.45841719681381293,0.0001,1,float64,4
B_delta,5,0,1,1.0,1,106.4201461109391,0.0001,1,float64,4
B_delta,0,0,0,1e-20,0,0.0,0.0001,0,float64,5
B_delta,0,0,0,3.162277660168379e-20,0,0.0,0.0001,0,float64,5
B_delta,0,0,0,1e-19,0,0.0,0.0001,0,float64,5
B_delta,0,0,0,3.162277660168379e-19,0,0.0,0.0001,0,float64,5
B_delta,0,0,0,1e-18,0,0.0,0.0001,0,float64,5
B_delta,0,0,0,3.1622776601683795e-18,0,0.0,0.0001,0,float64,5
B_delta,0,0,0,1e-17,0,0.0,0.0001,0,float64,5
B_delta,0,0,0,3.1622776601683796e-17,0,0.0,0.0001,0,float64,5
B_delta,0,0,0,1e-16,0,0.0,0.0001,0,float64,5
B_delta,0,0,0,3.1622776601683793e-16,0,0.0,0.0001,0,float64,5
B_delta,0,0,0,1e-15,1,2.683710721915751e-15,0.0001,0,float64,5
B_delta,0,0,0,3.1622776601683794e-15,1,1.2629226926662357e-14,0.0001,0,float64,5
B_delta,0,0,0,1e-14,1,3.5677566067821163e-14,0.0001,0,float64,5
B_delta,0,0,0,3.1622776601683796e-14,1,1.2202990517887503e-13,0.0001,0,float64,5
B_delta,0,0,0,1e-13,1,3.8929592001436716e-13,0.0001,0,float64,5
B_delta,0,0,0,3.162277660168379e-13,1,1.2297709719837472e-12,0.0001,0,float64,5
B_delta,0,0,0,1e-12,1,3.8875917786998406e-12,0.0001,0,float64,5
B_delta,0,0,0,3.1622776601683794e-12,1,1.2293447355749723e-11,0.0001,0,float64,5
B_delta,0,0,0,1e-11,1,3.88853897071934e-11,0.0001,0,float64,5
B_delta,0,0,0,3.1622776601683794e-11,1,1.2296983539289187e-10,0.0001,0,float64,5
B_delta,0,0,0,1e-10,1,3.8886968360559234e-10,0.0001,0,float64,5
B_delta,0,0,0,3.1622776601683795e-10,1,1.2297210865373869e-09,0.0001,0,float64,5
B_delta,0,0,0,1e-09,1,3.888717516415016e-09,0.0001,0,float64,5
B_delta,0,0,0,3.1622776601683795e-09,1,1.2297202182780355e-08,0.0001,0,float64,5
B_delta,0,0,0,1e-08,1,3.888717563774616e-08,0.0001,0,float64,5
B_delta,0,0,0,3.162277660168379e-08,1,1.2297205229581353e-07,0.0001,0,float64,5
B_delta,0,0,0,1e-07,1,3.888718072101e-07,0.0001,0,float64,5
B_delta,0,0,0,3.162277660168379e-07,1,1.2297208937838108e-06,0.0001,0,float64,5
B_delta,0,0,0,1e-06,1,3.888721551295153e-06,0.0001,0,float64,5
B_delta,0,0,0,3.162277660168379e-06,1,1.2297243682262172e-05,0.0001,0,float64,5
B_delta,0,0,0,1e-05,1,3.8887562854737565e-05,0.0001,0,float64,5
B_delta,0,0,0,3.1622776601683795e-05,1,0.00012297591003904582,0.0001,0,float64,5
B_delta,0,0,0,0.0001,1,0.00038891035940022954,0.0001,0,float64,5
B_delta,0,0,0,0.00031622776601683794,1,0.0012301063671232022,0.0001,0,float64,5
B_delta,0,0,0,0.001,1,0.003892575032661293,0.0001,0,float64,5
B_delta,0,0,0,0.0031622776601683794,1,0.012335749206217637,0.0001,0,float64,5
B_delta,0,0,0,0.01,1,0.03927382035433973,0.0001,0,float64,5
B_delta,0,0,0,0.03162277660168379,1,0.12653971926578675,0.0001,0,float64,5
B_delta,0,0,0,0.1,1,0.41936480690451633,0.0001,0,float64,5
B_delta,0,0,0,0.31622776601683794,1,1.3074478014842077,0.0001,0,float64,5
B_delta,-1,0,0,1.0,1,0.33221178399887324,0.0001,1,float64,5
B_delta,0,0,0,1e-20,0,0.0,0.0001,0,float80,1
B_delta,0,0,0,3.162277660168379e-20,0,0.0,0.0001,0,float80,1
B_delta,0,0,0,1e-19,0,0.0,0.0001,0,float80,1
B_delta,0,0,0,3.162277660168379e-19,0,0.0,0.0001,0,float80,1
B_delta,0,0,0,1e-18,0,0.0,0.0001,0,float80,1
B_delta,0,0,0,3.1622776601683795e-18,0,0.0,0.0001,0,float80,1
B_delta,0,0,0,1e-17,0,0.0,0.0001,0,float80,1
B_delta,0,0,0,3.1622776601683796e-17,0,0.0,0.0001,0,float80,1
B_delta,0,0,0,1e-16,0,0.0,0.0001,0,float80,1
B_delta,0,0,0,3.1622776601683793e-16,0,0.0,0.0001,0,float80,1
B_delta,0,0,0,1e-15,0,0.0,0.0001,0,float80,1
B_delta,0,0,0,3.1622776601683794e-15,1,1.5655046988007257e-16,0.0001,0,float80,1
B_delta,0,0,0,1e-14,1,3.1310093976014514e-16,0.0001,0,float80,1
B_delta,0,0,0,3.1622776601683796e-14,1,9.393028192804354e-16,0.0001,0,float80,1
B_delta,0,0,0,1e-13,1,3.131009397601451e-15,0.0001,0,float80,1
B_delta,0,0,0,3.162277660168379e-13,1,9.706129132564498e-15,0.0001,0,float80,1
B_delta,0,0,0,1e-12,1,3.052734162661415e-14,0.0001,0,float80,1
B_delta,0,0,0,3.1622776601683794e-12,1,9.659163991600477e-14,0.0001,0,float80,1
B_delta,0,0,0,1e-11,1,3.0558651720590166e-13,0.0001,0,float80,1
B_delta,0,0,0,3.1622776601683794e-11,1,9.66386050569688e-13,0.0001,0,float80,1
B_delta,0,0,0,1e-10,1,3.0557086215891362e-12,0.0001,0,float80,1
B_delta,0,0,0,3.1622776601683795e-10,1,9.66323430381736e-12,0.0001,0,float80,1
B_delta,0,0,0,1e-09,1,3.0557712417770883e-11,0.0001,0,float80,1
B_delta,0,0,0,3.1622776601683795e-09,1,9.663202993723383e-11,0.0001,0,float80,1
B_delta,0,0,0,1e-08,1,3.055772807281787e-10,0.0001,0,float80,1
B_delta,0,0,0,3.162277660168379e-08,1,9.663199862713986e-10,0.0001,0,float80,1
B_delta,0,0,0,1e-07,1,3.0557723376303775e-09,0.0001,0,float80,1
B_delta,0,0,0,3.162277660168379e-07,1,9.663202993723382e-09,0.0001,0,float80,1
B_delta,0,0,0,1e-06,1,3.055775484294822e-08,0.0001,0,float80,1
B_delta,0,0,0,3.162277660168379e-06,1,9.663234601263252e-08,0.0001,0,float80,1
B_delta,0,0,0,1e-05,1,3.0558071387998317e-07,0.0001,0,float80,1
B_delta,0,0,0,3.1622776601683795e-05,1,9.663551129092797e-07,0.0001,0,float80,1
B_delta,0,0,0,0.0001,1,3.0561236732044975e-06,0.0001,0,float80,1
B_delta,0,0,0,0.00031622776601683794,1,9.666716721428499e-06,0.0001,0,float80,1
B_delta,0,0,0,0.001,1,3.059290053646574e-05,0.0001,0,float80,1
B_delta,0,0,0,0.0031622776601683794,1,9.698405569572339e-05,0.0001,0,float80,1
B_delta,0,0,0,0.01,1,0.0003091059112878368,0.0001,0,float80,1
B_delta,0,0,0,0.03162277660168379,1,0.0010018734898175666,0.0001,0,float80,1
B_delta,0,0,0,0.1,1,0.0034208043502677236,0.0001,0,float80,1
B_delta,0,0,0,0.31622776601683794,1,0.010528985902938706,0.0001,0,float80,1
B_delta,0,0,0,1.0,1,0.06048031199896194,0.0001,0,float80,1
B_delta,0,0,0,1e-20,0,0.0,0.0001,0,float80,2
B_delta,0,0,0,3.162277660168379e-20,0,0.0,0.0001,0,float80,2
B_delta,0,0,0,1e-19,0,0.0,0.0001,0,float80,2
B_delta,0,0,0,3.162277660168379e-19,0,0.0,0.0001,0,float80,2
B_delta,0,0,0,1e-18,0,0.0,0.0001,0,float80,2
B_delta,0,0,0,3.1622776601683795e-18,0,0.0,0.0001,0,float80,2
B_delta,0,0,0,1e-17,0,0.0,0.0001,0,float80,2
B_delta,0,0,0,3.1622776601683796e-17,0,0.0,0.0001,0,float80,2
B_delta,0,0,0,1e-16,0,0.0,0.0001,0,float80,2
B_delta,0,0,0,3.1622776601683793e-16,0,0.0,0.0001,0,float80,2
B_delta,0,0,0,1e-15,1,3.556108239769957e-16,0.0001,0,float80,2
B_delta,0,0,0,3.1622776601683794e-15,1,1.1853694132566524e-15,0.0001,0,float80,2
B_delta,0,0,0,1e-14,1,3.4375712984442915e-15,0.0001,0,float80,2
B_delta,0,0,0,3.1622776601683796e-14,1,1.1142472484612531e-14,0.0001,0,float80,2
B_delta,0,0,0,1e-13,1,3.496839769107124e-14,0.0001,0,float80,2
B_delta,0,0,0,3.162277660168379e-13,1,1.10120818491543e-13,0.0001,0,float80,2
B_delta,0,0,0,1e-12,1,3.483800705561301e-13,0.0001,0,float80,2
B_delta,0,0,0,3.1622776601683794e-12,1,1.1013267218567557e-12,0.0001,0,float80,2
B_delta,0,0,0,1e-11,1,3.483208020854673e-12,0.0001,0,float80,2
B_delta,0,0,0,3.1622776601683794e-11,1,1.1014926735746116e-11,0.0001,0,float80,2
B_delta,0,0,0,1e-10,1,3.483255435631203e-11,0.0001,0,float80,2
B_delta,0,0,0,3.1622776601683795e-10,1,1.1015021565299176e-10,0.0001,0,float80,2
B_delta,0,0,0,1e-09,1,3.48325425026179e-10,0.0001,0,float80,2
B_delta,0,0,0,3.1622776601683795e-09,1,1.101501563845211e-09,0.0001,0,float80,2
B_delta,0,0,0,1e-08,1,3.483254013187907e-09,0.0001,0,float80,2
B_delta,0,0,0,3.162277660168379e-08,1,1.1015016231136817e-08,0.0001,0,float80,2
B_delta,0,0,0,1e-07,1,3.483253918358354e-08,0.0001,0,float80,2
B_delta,0,0,0,3.162277660168379e-07,1,1.1015015128743262e-07,0.0001,0,float80,2
B_delta,0,0,0,1e-06,1,3.4832527436572654e-07,0.0001,0,float80,2
B_delta,0,0,0,3.162277660168379e-06,1,1.1015003483674147e-06,0.0001,0,float80,2
B_delta,0,0,0,1e-05,1,3.483241094202283e-06,0.0001,0,float80,2
B_delta,0,0,0,3.1622776601683795e-05,1,1.1014887004534123e-05,0.0001,0,float80,2
B_delta,0,0,0,0.0001,1,3.483124641756778e-05,0.0001,0,float80,2
B_delta,0,0,0,0.00031622776601683794,1,0.000110137233301786,0.0001,0,float80,2
B_delta,0,0,0,0.001,1,0.00034819636301048663,0.0001,0,float80,2
B_delta,0,0,0,0.0031622776601683794,1,0.0011002194513398949,0.0001,0,float80,2
B_delta,0,0,0,0.01,1,0.0034706662938552386,0.0001,0,float80,2
B_delta,0,0,0,0.03162277660168379,1,0.010894716274226692,0.0001,0,float80,2
B_delta,0,0,0,0.1,1,0.033721253104909005,0.0001,0,float80,2
B_delta,0,0,0,0.31622776601683794,1,0.10402774847910502,0.0001,0,float80,2
B_delta,0,0,0,1.0,1,0.3157406958107644,0.0001,0,float80,2
B_delta,0,0,0,1e-20,0,0.0,0.0001,0,float80,3
B_delta,0,0,0,3.162277660168379e-20,0,0.0,0.0001,0,float80,3
B_delta,0,0,0,1e-19,0,0.0,0.0001,0,float80,3
B_delta,0,0,0,3.162277660168379e-19,0,0.0,0.0001,0,float80,3
B_delta,0,0,0,1e-18,0,0.0,0.0001,0,float80,3
B_delta,0,0,0,3.1622776601683795e-18,0,0.0,0.0001,0,float80,3
B_delta,0,0,0,1e-17,0,0.0,0.0001,0,float80,3
B_delta,0,0,0,3.1622776601683796e-17,0,0.0,0.0001,0,float80,3
B_delta,0,0,0,1e-16,0,0.0,0.0001,0,float80,3
B_delta,0,0,0,3.1622776601683793e-16,0,0.0,0.0001,0,float80,3
B_delta,0,0,0,1e-15,1,3.540178428215871e-16,0.0001,0,float80,3
B_delta,0,0,0,3.1622776601683794e-15,1,1.180059476071957e-15,0.0001,0,float80,3
B_delta,0,0,0,1e-14,1,3.186160585394284e-15,0.0001,0,float80,3
B_delta,0,0,0,3.1622776601683796e-14,1,1.0384523389433221e-14,0.0001,0,float80,3
B_delta,0,0,0,1e-13,1,3.2333629644371623e-14,0.0001,0,float80,3
B_delta,0,0,0,3.162277660168379e-13,1,1.0172112683740269e-13,0.0001,0,float80,3
B_delta,0,0,0,1e-12,1,3.2156620722960827e-13,0.0001,0,float80,3
B_delta,0,0,0,3.1622776601683794e-12,1,1.0163852267407765e-12,0.0001,0,float80,3
B_delta,0,0,0,1e-11,1,3.214364006872404e-12,0.0001,0,float80,3
B_delta,0,0,0,3.1622776601683794e-11,1,1.0164442297145801e-11,0.0001,0,float80,3
B_delta,0,0,0,1e-10,1,3.214269602114318e-11,0.0001,0,float80,3
B_delta,0,0,0,3.1622776601683795e-10,1,1.0164395094766759e-10,0.0001,0,float80,3
B_delta,0,0,0,1e-09,1,3.2142601616385096e-10,0.0001,0,float80,3
B_delta,0,0,0,3.1622776601683795e-09,1,1.016437975399357e-09,0.0001,0,float80,3
B_delta,0,0,0,1e-08,1,3.214259099584981e-09,0.0001,0,float80,3
B_delta,0,0,0,3.162277660168379e-08,1,1.016438128807089e-08,0.0001,0,float80,3
B_delta,0,0,0,1e-07,1,3.214261200090848e-08,0.0001,0,float80,3
B_delta,0,0,0,3.162277660168379e-07,1,1.0164402116120641e-07,0.0001,0,float80,3
B_delta,0,0,0,1e-06,1,3.2142819691376274e-07,0.0001,0,float80,3
B_delta,0,0,0,3.162277660168379e-06,1,1.0164609982417291e-06,0.0001,0,float80,3
B_delta,0,0,0,1e-05,1,3.2144897940141903e-06,0.0001,0,float80,3
B_delta,0,0,0,3.1622776601683795e-05,1,1.0166687051477463e-05,0.0001,0,float80,3
B_delta,0,0,0,0.0001,1,3.2165631181556146e-05,0.0001,0,float80,3
B_delta,0,0,0,0.00031622776601683794,1,0.00010187304197779008,0.0001,0,float80,3
B_delta,0,0,0,0.001,1,0.0003236834951095311,0.0001,0,float80,3
B_delta,0,0,0,0.0031622776601683794,1,0.0010380883784213526,0.0001,0,float80,3
B_delta,0,0,0,0.01,1,0.0034121895225633072,0.0001,0,float80,3
B_delta,0,0,0,0.03162277660168379,1,0.011949820938979245,0.0001,0,float80,3
B_delta,0,0,0,0.1,1,0.04306940554282849,0.0001,0,float80,3
B_delta,0,0,0,0.31622776601683794,1,0.20101682954465694,0.0001,0,float80,3
B_delta,1,0,1,1.0,1,3.055867999641383,0.0001,1,float80,3
B_delta,0,0,0,1e-20,0,0.0,0.0001,0,float80,4
B_delta,0,0,0,3.162277660168379e-20,0,0.0,0.0001,0,float80,4
B_delta,0,0,0,1e-19,0,0.0,0.0001,0,float80,4
B_delta,0,0,0,3.162277660168379e-19,0,0.0,0.0001,0,float80,4
B_delta,0,0,0,1e-18,0,0.0,0.0001,0,float80,4
B_delta,0,0,0,3.1622776601683795e-18,0,0.0,0.0001,0,float80,4
B_delta,0,0,0,1e-17,0,0.0,0.0001,0,float80,4
B_delta,0,0,0,3.1622776601683796e-17,0,0.0,0.0001,0,float80,4
B_delta,0,0,0,1e-16,0,0.0,0.0001,0,float80,4
B_delta,0,0,0,3.1622776601683793e-16,0,0.0,0.0001,0,float80,4
B_delta,0,0,0,1e-15,1,1.9641553054319624e-16,0.0001,0,float80,4
B_delta,0,0,0,3.1622776601683794e-15,1,7.85662122172785e-16,0.0001,0,float80,4
B_delta,0,0,0,1e-14,1,2.160570835975159e-15,0.0001,0,float80,4
B_delta,0,0,0,3.1622776601683796e-14,1,7.070959099555065e-15,0.0001,0,float80,4
B_delta,0,0,0,1e-13,1,2.2391370481924372e-14,0.0001,0,float80,4
B_delta,0,0,0,3.162277660168379e-13,1,7.051317546500745e-14,0.0001,0,float80,4
B_delta,0,0,0,1e-12,1,2.2332445822761413e-13,0.0001,0,float80,4
B_delta,0,0,0,3.1622776601683794e-12,1,7.065066633638769e-13,0.0001,0,float80,4
B_delta,0,0,0,1e-11,1,2.2344230754594005e-12,0.0001,0,float80,4
B_delta,0,0,0,3.1622776601683794e-11,1,7.0662451268220286e-12,0.0001,0,float80,4
B_delta,0,0,0,1e-10,1,2.234580207883835e-11,0.0001,0,float80,4
B_delta,0,0,0,3.1622776601683795e-10,1,7.066362976140355e-11,0.0001,0,float80,4
B_delta,0,0,0,1e-09,1,2.234584136194446e-10,0.0001,0,float80,4
B_delta,0,0,0,3.1622776601683795e-09,1,7.066374761072187e-10,0.0001,0,float80,4
B_delta,0,0,0,1e-08,1,2.2345839397789154e-09,0.0001,0,float80,4
B_delta,0,0,0,3.162277660168379e-08,1,7.066375546734309e-09,0.0001,0,float80,4
B_delta,0,0,0,1e-07,1,2.2345845486670602e-08,0.0001,0,float80,4
B_delta,0,0,0,3.162277660168379e-07,1,7.066380201782382e-08,0.0001,0,float80,4
B_delta,0,0,0,1e-06,1,2.2345890603317968e-07,0.0001,0,float80,4
B_delta,0,0,0,3.162277660168379e-06,1,7.066425361641165e-07,0.0001,0,float80,4
B_delta,0,0,0,1e-05,1,2.234634198781286e-06,0.0001,0,float80,4
B_delta,0,0,0,3.1622776601683795e-05,1,7.066876678765535e-06,0.0001,0,float80,4
B_delta,0,0,0,0.0001,1,2.2350853189990867e-05,0.0001,0,float80,4
B_delta,0,0,0,0.00031622776601683794,1,7.071381743272474e-05,0.0001,0,float80,4
B_delta,0,0,0,0.001,1,0.00022395717777561633,0.0001,0,float80,4
B_delta,0,0,0,0.0031622776601683794,1,0.000695938452384353,0.0001,0,float80,4
B_delta,0,0,0,0.01,1,0.0022218450566520867,0.0001,0,float80,4
B_delta,0,0,0,0.03162277660168379,1,0.007294774464139528,0.0001,0,float80,4
B_delta,0,0,0,0.1,1,0.026221699528971607,0.0001,0,float80,4
B_delta,5,0,1,0.31622776601683794,1,0.458417196813812,0.0001,1,float80,4
B_delta,6,0,1,1.0,1,106.42014611093917,0.0001,1,float80,4
B_delta,0,0,0,1e-20,0,0.0,0.0001,0,float80,5
B_delta,0,0,0,3.162277660168379e-20,0,0.0,0.0001,0,float80,5
B_delta,0,0,0,1e-19,0,0.0,0.0001,0,float80,5
B_delta,0,0,0,3.162277660168379e-19,0,0.0,0.0001,0,float80,5
B_delta,0,0,0,1e-18,0,0.0,0.0001,0,float80,5
B_delta,0,0,0,3.1622776601683795e-18,0,0.0,0.0001,0,float80,5
B_delta,0,0,0,1e-17,0,0.0,0.0001,0,float80,5
B_delta,0,0,0,3.1622776601683796e-17,0,0.0,0.0001,0,float80,5
B_delta,0,0,0,1e-16,0,0.0,0.0001,0,float80,5
B_delta,0,0,0,3.1622776601683793e-16,0,0.0,0.0001,0,float80,5
B_delta,0,0,0,1e-15,1,3.4730374048321495e-15,0.0001,0,float80,5
B_delta,0,0,0,3.1622776601683794e-15,1,1.3892149619328598e-14,0.0001,0,float80,5
B_delta,0,0,0,1e-14,1,3.804554611657037e-14,0.0001,0,float80,5
B_delta,0,0,0,3.1622776601683796e-14,1,1.2439788522762426e-13,0.0001,0,float80,5
B_delta,0,0,0,1e-13,1,3.9040097737045027e-13,0.0001,0,float80,5
B_delta,0,0,0,3.162277660168379e-13,1,1.2296131066471643e-12,0.0001,0,float80,5
B_delta,0,0,0,1e-12,1,3.889170432065674e-12,0.0001,0,float80,5
B_delta,0,0,0,3.1622776601683794e-12,1,1.2295815335798475e-11,0.0001,0,float80,5
B_delta,0,0,0,1e-11,1,3.888728409123241e-11,0.0001,0,float80,5
B_delta,0,0,0,3.1622776601683794e-11,1,1.229718876422675e-10,0.0001,0,float80,5
B_delta,0,0,0,1e-10,1,3.8887189372030464e-10,0.0001,0,float80,5
B_delta,0,0,0,3.1622776601683795e-10,1,1.2297212444027237e-09,0.0001,0,float80,5
B_delta,0,0,0,1e-09,1,3.888718147876363e-09,0.0001,0,float80,5
B_delta,0,0,0,3.1622776601683795e-09,1,1.2297204708625745e-08,0.0001,0,float80,5
B_delta,0,0,0,1e-08,1,3.8887177216399544e-08,0.0001,0,float80,5
B_delta,0,0,0,3.162277660168379e-08,1,1.2297205403233226e-07,0.0001,0,float80,5
B_delta,0,0,0,1e-07,1,3.888718091044842e-07,0.0001,0,float80,5
B_delta,0,0,0,3.162277660168379e-07,1,1.2297208939416765e-06,0.0001,0,float80,5
B_delta,0,0,0,1e-06,1,3.888721553821e-06,0.0001,0,float80,5
B_delta,0,0,0,3.162277660168379e-06,1,1.229724368242004e-05,0.0001,0,float80,5
B_delta,0,0,0,1e-05,1,3.888756285647409e-05,0.0001,0,float80,5
B_delta,0,0,0,3.1622776601683795e-05,1,0.0001229759100403088,0.0001,0,float80,5
B_delta,0,0,0,0.0001,1,0.0003889103594013347,0.0001,0,float80,5
B_delta,0,0,0,0.00031622776601683794,1,0.001230106367124939,0.0001,0,float80,5
B_delta,0,0,0,0.001,1,0.003892575032663031,0.0001,0,float80,5
B_delta,0,0,0,0.0031622776601683794,1,0.012335749206219061,0.0001,0,float80,5
B_delta,0,0,0,0.01,1,0.039273820354340225,0.0001,0,float80,5
B_delta,0,0,0,0.03162277660168379,1,0.1265397192657893,0.0001,0,float80,5
B_delta,0,0,0,0.1,1,0.4193648069045188,0.0001,0,float80,5
B_delta,0,0,0,0.31622776601683794,1,1.3074478014842112,0.0001,0,float80,5
B_delta,-1,0,0,1.0,1,0.33221178399887197,0.0001,1,float80,5
B_delta,0,0,0,1e-20,0,0.0,1e-12,0,float64,1
B_delta,0,0,0,3.162277660168379e-20,0,0.0,1e-12,0,float64,1
B_delta,0,0,0,1e-19,0,0.0,1e-12,0,float64,1
B_delta,0,0,0,3.162277660168379e-19,0,0.0,1e-12,0,float64,1
B_delta,0,0,0,1e-18,0,0.0,1e-12,0,float64,1
B_delta,0,0,0,3.1622776601683795e-18,0,0.0,1e-12,0,float64,1
B_delta,0,0,0,1e-17,0,0.0,1e-12,0,float64,1
B_delta,0,0,0,3.1622776601683796e-17,0,0.0,1e-12,0,float64,1
B_delta,0,0,0,1e-16,0,0.0,1e-12,0,float64,1
B_delta,0,0,0,3.1622776601683793e-16,1,4.696514096402197e-16,1e-12,0,float64,1
B_delta,0,0,0,1e-15,1,4.696514096402197e-16,1e-12,0,float64,1
B_delta,0,0,0,3.1622776601683794e-15,1,4.696514096402197e-16,1e-12,0,float64,1
B_delta,0,0,0,1e-14,1,1.8786056385608787e-15,1e-12,0,float64,1
B_delta,0,0,0,3.1622776601683796e-14,1,1.8786056385608787e-15,1e-12,0,float64,1
B_delta,0,0,0,1e-13,1,3.1310093976014646e-15,1e-12,0,float64,1
B_delta,0,0,0,3.162277660168379e-13,1,1.0958532891605126e-14,1e-12,0,float64,1
B_delta,0,0,0,1e-12,1,3.162319491577479e-14,1e-12,0,float64,1
B_delta,0,0,0,3.1622776601683794e-12,1,9.721784179552547e-14,1e-12,0,float64,1
B_delta,0,0,0,1e-11,1,3.0793477425410403e-13,1e-12,0,float64,1
B_delta,0,0,0,3.1622776601683794e-11,1,9.66542601039572e-13,1e-12,0,float64,1
B_delta,0,0,0,1e-10,1,3.055552071119269e-12,1e-12,0,float64,1
B_delta,0,0,0,3.1622776601683795e-10,1,9.6647998085162e-12,1e-12,0,float64,1
B_delta,0,0,0,1e-09,1,3.0558182069180656e-11,1e-12,0,float64,1
B_delta,0,0,0,3.1622776601683795e-09,1,9.663453474475232e-11,1e-12,0,float64,1
B_delta,0,0,0,1e-08,1,3.055791593338186e-10,1e-12,0,float64,1
B_delta,0,0,0,3.162277660168379e-08,1,9.66322177977981e-10,1e-12,0,float64,1
B_delta,0,0,0,1e-07,1,3.05577296383227e-09,1e-12,0,float64,1
B_delta,0,0,0,3.162277660168379e-07,1,9.663203933026244e-09,1e-12,0,float64,1
B_delta,0,0,0,1e-06,1,3.055775609535211e-08,1e-12,0,float64,1
B_delta,0,0,0,3.162277660168379e-06,1,9.663234695193574e-08,1e-12,0,float64,1
B_delta,0,0,0,1e-05,1,3.0558071497583776e-07,1e-12,0,float64,1
B_delta,0,0,0,3.1622776601683795e-05,1,9.663551141616876e-07,1e-12,0,float64,1
B_delta,0,0,0,0.0001,1,3.056123674456914e-06,1e-12,0,float64,1
B_delta,0,0,0,0.00031622776601683794,1,9.66671672189819e-06,1e-12,0,float64,1
B_delta,0,0,0,0.001,1,3.0592900536778965e-05,1e-12,0,float64,1
B_delta,0,0,0,0.0031622776601683794,1,9.698405569744585e-05,1e-12,0,float64,1
B_delta,0,0,0,0.01,1,0.00030910591128940364,1e-12,0,float64,1
B_delta,0,0,0,0.03162277660168379,1,0.0010018734898188234,1e-12,0,float64,1
B_delta,0,0,0,0.1,1,0.003420804350268364,1e-12,0,float64,1
B_delta,0,0,0,0.31622776601683794,1,0.01052898590294016,1e-12,0,float64,1
B_delta,0,0,0,1.0,1,0.060480311998962664,1e-12,0,float64,1
B_delta,0,0,0,1e-20,0,0.0,1e-12,0,float64,2
B_delta,0,0,0,3.162277660168379e-20,0,0.0,1e-12,0,float64,2
B_delta,0,0,0,1e-19,0,0.0,1e-12,0,float64,2
B_delta,0,0,0,3.162277660168379e-19,0,0.0,1e-12,0,float64,2
B_delta,0,0,0,1e-18,0,0.0,1e-12,0,float64,2
B_delta,0,0,0,3.1622776601683795e-18,0,0.0,1e-12,0,float64,2
B_delta,0,0,0,1e-17,0,0.0,1e-12,0,float64,2
B_delta,0,0,0,3.1622776601683796e-17,0,0.0,1e-12,0,float64,2
B_delta,0,0,0,1e-16,0,0.0,1e-12,0,float64,2
B_delta,0,0,0,3.1622776601683793e-16,0,0.0,1e-12,0,float64,2
B_delta,0,0,0,1e-15,1,7.112216479539921e-16,1e-12,0,float64,2
B_delta,0,0,0,3.1622776601683794e-15,1,7.112216479539921e-16,1e-12,0,float64,2
B_delta,0,0,0,1e-14,1,3.55610823976996e-15,1e-12,0,float64,2
B_delta,0,0,0,3.1622776601683796e-14,1,1.0905398601961212e-14,1e-12,0,float64,2
B_delta,0,0,0,1e-13,1,3.484986074974561e-14,1e-12,0,float64,2
B_delta,0,0,0,3.162277660168379e-13,1,1.1095057708082276e-13,1e-12,0,float64,2
B_delta,0,0,0,1e-12,1,3.4968397691071275e-13,1e-12,0,float64,2
B_delta,0,0,0,3.1622776601683794e-12,1,1.1016823326807336e-12,1e-12,0,float64,2
B_delta,0,0,0,1e-11,1,3.484274853326607e-12,1e-12,0,float64,2
B_delta,0,0,0,3.1622776601683794e-11,1,1.101670478986601e-11,1e-12,0,float64,2
B_delta,0,0,0,1e-10,1,3.4833384114901345e-11,1e-12,0,float64,2
B_delta,0,0,0,3.1622776601683795e-10,1,1.1015068980075717e-10,1e-12,0,float64,2
B_delta,0,0,0,1e-09,1,3.483266103955926e-10,1e-12,0,float64,2
B_delta,0,0,0,3.1622776601683795e-09,1,1.101501919456036e-09,1e-12,0,float64,2
B_delta,0,0,0,1e-08,1,3.483254250261793e-09,1e-12,0,float64,2
B_delta,0,0,0,3.162277660168379e-08,1,1.1015016231136827e-08,1e-12,0,float64,2
B_delta,0,0,0,1e-07,1,3.483253894650969e-08,1e-12,0,float64,2
B_delta,0,0,0,3.162277660168379e-07,1,1.1015015199865438e-07,1e-12,0,float64,2
B_delta,0,0,0,1e-06,1,3.483252757881702e-07,1e-12,0,float64,2
B_delta,0,0,0,3.162277660168379e-06,1,1.1015003483674157e-06,1e-12,0,float64,2
B_delta,0,0,0,1e-05,1,3.4832410936096014e-06,1e-12,0,float64,2
B_delta,0,0,0,3.1622776601683795e-05,1,1.1014887002993153e-05,1e-12,0,float64,2
B_delta,0,0,0,0.0001,1,3.4831246416738054e-05,1e-12,0,float64,2
B_delta,0,0,0,0.00031622776601683794,1,0.00011013723330190464,1e-12,0,float64,2
B_delta,0,0,0,0.001,1,0.0003481963630098943,1e-12,0,float64,2
B_delta,0,0,0,0.0031622776601683794,1,0.0011002194513407256,1e-12,0,float64,2
B_delta,0,0,0,0.01,1,0.0034706662938547676,1e-12,0,float64,2
B_delta,0,0,0,0.03162277660168379,1,0.010894716274225873,1e-12,0,float64,2
B_delta,0,0,0,0.1,1,0.033721253104908686,1e-12,0,float64,2
B_delta,0,0,0,0.31622776601683794,1,0.10402774847910441,1e-12,0,float64,2
B_delta,0,0,0,1.0,1,0.31574069581076425,1e-12,0,float64,2
B_delta,0,0,0,1e-20,0,0.0,1e-12,0,float64,3
B_delta,0,0,0,3.162277660168379e-20,0,0.0,1e-12,0,float64,3
B_delta,0,0,0,1e-19,0,0.0,1e-12,0,float64,3
B_delta,0,0,0,3.162277660168379e-19,0,0.0,1e-12,0,float64,3
B_delta,0,0,0,1e-18,0,0.0,1e-12,0,float64,3
B_delta,0,0,0,3.1622776601683795e-18,0,0.0,1e-12,0,float64,3
B_delta,0,0,0,1e-17,0,0.0,1e-12,0,float64,3
B_delta,0,0,0,3.1622776601683796e-17,0,0.0,1e-12,0,float64,3
B_delta,0,0,0,1e-16,0,0.0,1e-12,0,float64,3
B_delta,0,0,0,3.1622776601683793e-16,0,0.0,1e-12,0,float64,3
B_delta,0,0,0,1e-15,1,1.4160713712863484e-15,1e-12,0,float64,3
B_delta,0,0,0,3.1622776601683794e-15,1,7.080356856431742e-16,1e-12,0,float64,3
B_delta,0,0,0,1e-14,1,1.534077318893544e-15,1e-12,0,float64,3
B_delta,0,0,0,3.1622776601683796e-14,1,7.552380646860525e-15,1e-12,0,float64,3
B_delta,0,0,0,1e-13,1,2.9973510692227707e-14,1e-12,0,float64,3
B_delta,0,0,0,3.162277660168379e-13,1,1.0054106736133074e-13,1e-12,0,float64,3
B_delta,0,0,0,1e-12,1,3.186160585394284e-13,1e-12,0,float64,3
B_delta,0,0,0,3.1622776601683794e-12,1,1.0144971315790615e-12,1e-12,0,float64,3
B_delta,0,0,0,1e-11,1,3.213301953343939e-12,1e-12,0,float64,3
B_delta,0,0,0,3.1622776601683794e-11,1,1.0162200184141265e-11,1e-12,0,float64,3
B_delta,0,0,0,1e-10,1,3.214104393787668e-11,1e-12,0,float64,3
B_delta,0,0,0,3.1622776601683795e-10,1,1.0164288889413912e-10,1e-12,0,float64,3
B_delta,0,0,0,1e-09,1,3.2142330202705596e-10,1e-12,0,float64,3
B_delta,0,0,0,3.1622776601683795e-09,1,1.0164369133458285e-09,1e-12,0,float64,3
B_delta,0,0,0,1e-08,1,3.2142580375314523e-09,1e-12,0,float64,3
B_delta,0,0,0,3.162277660168379e-08,1,1.016437975399357e-08,1e-12,0,float64,3
B_delta,0,0,0,1e-07,1,3.214261188290253e-08,1e-12,0,float64,3
B_delta,0,0,0,3.162277660168379e-07,1,1.0164401974513504e-07,1e-12,0,float64,3
B_delta,0,0,0,1e-06,1,3.2142819443563783e-07,1e-12,0,float64,3
B_delta,0,0,0,3.162277660168379e-06,1,1.0164609971796756e-06,1e-12,0,float64,3
B_delta,0,0,0,1e-05,1,3.214489794250202e-06,1e-12,0,float64,3
B_delta,0,0,0,3.1622776601683795e-05,1,1.016668704923535e-05,1e-12,0,float64,3
B_delta,0,0,0,0.0001,1,3.2165631181556146e-05,1e-12,0,float64,3
B_delta,0,0,0,0.00031622776601683794,1,0.00010187304197578398,1e-12,0,float64,3
B_delta,0,0,0,0.001,1,0.0003236834951061089,1e-12,0,float64,3
B_delta,0,0,0,0.0031622776601683794,1,0.0010380883784189925,1e-12,0,float64,3
B_delta,0,0,0,0.01,1,0.003412189522561065,1e-12,0,float64,3
B_delta,0,0,0,0.03162277660168379,1,0.011949820938976766,1e-12,0,float64,3
B_delta,0,0,0,0.1,1,0.04306940554282743,1e-12,0,float64,3
B_delta,0,0,0,0.31622776601683794,1,0.20101682954465716,1e-12,0,float64,3
B_delta,1,0,1,1.0,1,3.0558679996413747,1e-12,1,float64,3
B_delta,0,0,0,1e-20,0,0.0,1e-12,0,float64,4
B_delta,0,0,0,3.162277660168379e-20,0,0.0,1e-12,0,float64,4
B_delta,0,0,0,1e-19,0,0.0,1e-12,0,float64,4
B_delta,0,0,0,3.162277660168379e-19,0,0.0,1e-12,0,float64,4
B_delta,0,0,0,1e-18,0,0.0,1e-12,0,float64,4
B_delta,0,0,0,3.1622776601683795e-18,0,0.0,1e-12,0,float64,4
B_delta,0,0,0,1e-17,0,0.0,1e-12,0,float64,4
B_delta,0,0,0,3.1622776601683796e-17,0,0.0,1e-12,0,float64,4
B_delta,0,0,0,1e-16,0,0.0,1e-12,0,float64,4
B_delta,0,0,0,3.1622776601683793e-16,0,0.0,1e-12,0,float64,4
B_delta,0,0,0,1e-15,0,0.0,1e-12,0,float64,4
B_delta,0,0,0,3.1622776601683794e-15,1,1.3749087138023795e-15,1e-12,0,float64,4
B_delta,0,0,0,1e-14,1,1.7677397748887736e-15,1e-12,0,float64,4
B_delta,0,0,0,3.1622776601683796e-14,1,6.6781280384687e-15,1e-12,0,float64,4
B_delta,0,0,0,1e-13,1,2.2194954951381268e-14,1e-12,0,float64,4
B_delta,0,0,0,3.162277660168379e-13,1,7.031675993446455e-14,1e-12,0,float64,4
B_delta,0,0,0,1e-12,1,2.2587786012467663e-13,1e-12,0,float64,4
B_delta,0,0,0,3.1622776601683794e-12,1,7.080779876082255e-13,1e-12,0,float64,4
B_delta,0,0,0,1e-11,1,2.23383382886778e-12,1e-12,0,float64,4
B_delta,0,0,0,3.1622776601683794e-11,1,7.066834373413687e-12,1e-12,0,float64,4
B_delta,0,0,0,1e-10,1,2.23456056633079e-11,1e-12,0,float64,4
B_delta,0,0,0,3.1622776601683795e-10,1,7.066500467011764e-11,1e-12,0,float64,4
B_delta,0,0,0,1e-09,1,2.2345900286603714e-10,1e-12,0,float64,4
B_delta,0,0,0,3.1622776601683795e-09,1,7.066396366780576e-10,1e-12,0,float64,4
B_delta,0,0,0,1e-08,1,2.2345847254410467e-09,1e-12,0,float64,4
B_delta,0,0,0,3.162277660168379e-08,1,7.066375350318808e-09,1e-12,0,float64,4
B_delta,0,0,0,1e-07,1,2.234584430817751e-08,1e-12,0,float64,4
B_delta,0,0,0,3.162277660168379e-07,1,7.066380083933094e-08,1e-12,0,float64,4
B_delta,0,0,0,1e-06,1,2.2345890721167377e-07,1e-12,0,float64,4
B_delta,0,0,0,3.162277660168379e-06,1,7.066425371461971e-07,1e-12,0,float64,4
B_delta,0,0,0,1e-05,1,2.2346342009418665e-06,1e-12,0,float64,4
B_delta,0,0,0,3.1622776601683795e-05,1,7.066876678569149e-06,1e-12,0,float64,4
B_delta,0,0,0,0.0001,1,2.2350853189598128e-05,1e-12,0,float64,4
B_delta,0,0,0,0.00031622776601683794,1,7.07138174325286e-05,1e-12,0,float64,4
B_delta,0,0,0,0.001,1,0.00022395717777522442,1e-12,0,float64,4
B_delta,0,0,0,0.0031622776601683794,1,0.0006959384523827846,1e-12,0,float64,4
B_delta,0,0,0,0.01,1,0.0022218450566530777,1e-12,0,float64,4
B_delta,0,0,0,0.03162277660168379,1,0.007294774464140345,1e-12,0,float64,4
B_delta,0,0,0,0.1,1,0.026221699528972894,1e-12,0,float64,4
B_delta,5,0,1,0.31622776601683794,1,0.45841719681381293,1e-12,1,float64,4
B_delta,5,0,1,1.0,1,106.4201461109391,1e-12,1,float64,4
B_delta,0,0,0,1e-20,0,0.0,1e-12,0,float64,5
B_delta,0,0,0,3.162277660168379e-20,0,0.0,1e-12,0,float64,5
B_delta,0,0,0,1e-19,0,0.0,1e-12,0,float64,5
B_delta,0,0,0,3.162277660168379e-19,0,0.0,1e-12,0,float64,5
B_delta,0,0,0,1e-18,0,0.0,1e-12,0,float64,5
B_delta,0,0,0,3.1622776601683795e-18,0,0.0,1e-12,0,float64,5
B_delta,0,0,0,1e-17,0,0.0,1e-12,0,float64,5
B_delta,0,0,0,3.1622776601683796e-17,0,0.0,1e-12,0,float64,5
B_delta,0,0,0,1e-16,0,0.0,1e-12,0,float64,5
B_delta,0,0,0,3.1622776601683793e-16,0,0.0,1e-12,0,float64,5
B_delta,0,0,0,1e-15,1,2.683710721915751e-15,1e-12,0,float64,5
B_delta,0,0,0,3.1622776601683794e-15,1,1.2629226926662357e-14,1e-12,0,float64,5
B_delta,0,0,0,1e-14,1,3.5677566067821163e-14,1e-12,0,float64,5
B_delta,0,0,0,3.1622776601683796e-14,1,1.2202990517887503e-13,1e-12,0,float64,5
B_delta,0,0,0,1e-13,1,3.8929592001436716e-13,1e-12,0,float64,5
B_delta,0,0,0,3.162277660168379e-13,1,1.2297709719837472e-12,1e-12,0,float64,5
B_delta,0,0,0,1e-12,1,3.8875917786998406e-12,1e-12,0,float64,5
B_delta,0,0,0,3.1622776601683794e-12,1,1.2293447355749723e-11,1e-12,0,float64,5
B_delta,0,0,0,1e-11,1,3.88853897071934e-11,1e-12,0,float64,5
B_delta,0,0,0,3.1622776601683794e-11,1,1.2296983539289187e-10,1e-12,0,float64,5
B_delta,0,0,0,1e-10,1,3.8886968360559234e-10,1e-12,0,float64,5
B_delta,0,0,0,3.1622776601683795e-10,1,1.2297210865373869e-09,1e-12,0,float64,5
B_delta,0,0,0,1e-09,1,3.888717516415016e-09,1e-12,0,float64,5
B_delta,0,0,0,3.1622776601683795e-09,1,1.2297202182780355e-08,1e-12,0,float64,5
B_delta,0,0,0,1e-08,1,3.888717563774616e-08,1e-12,0,float64,5
B_delta,0,0,0,3.162277660168379e-08,1,1.2297205229581353e-07,1e-12,0,float64,5
B_delta,0,0,0,1e-07,1,3.888718072101e-07,1e-12,0,float64,5
B_delta,0,0,0,3.162277660168379e-07,1,1.2297208937838108e-06,1e-12,0,float64,5
B_delta,0,0,0,1e-06,1,3.888721551295153e-06,1e-12,0,float64,5
B_delta,0,0,0,3.162277660168379e-06,1,1.2297243682262172e-05,1e-12,0,float64,5
B_delta,0,0,0,1e-05,1,3.8887562854737565e-05,1e-12,0,float64,5
B_delta,0,0,0,3.1622776601683795e-05,1,0.00012297591003904582,1e-12,0,float64,5
B_delta,0,0,0,0.0001,1,0.00038891035940022954,1e-12,0,float64,5
B_delta,0,0,0,0.00031622776601683794,1,0.0012301063671232022,1e-12,0,float64,5
B_delta,0,0,0,0.001,1,0.003892575032661293,1e-12,0,float64,5
B_delta,0,0,0,0.0031622776601683794,1,0.012335749206217637,1e-12,0,float64,5
B_delta,0,0,0,0.01,1,0.03927382035433973,1e-12,0,float64,5
B_delta,0,0,0,0.03162277660168379,1,0.12653971926578675,1e-12,0,float64,5
B_delta,0,0,0,0.1,1,0.41936480690451633,1e-12,0,float64,5
B_delta,0,0,0,0.31622776601683794,1,1.3074478014842077,1e-12,0,float64,5
B_delta,-1,0,0,1.0,1,0.33221178399887324,1e-12,1,float64,5
B_delta,0,0,0,1e-20,0,0.0,0.1,0,float64,1
B_delta,0,0,0,3.162277660168379e-20,0,0.0,0.1,0,float64,1
B_delta,0,0,0,1e-19,0,0.0,0.1,0,float64,1
B_delta,0,0,0,3.162277660168379e-19,0,0.0,0.1,0,float64,1
B_delta,0,0,0,1e-18,0,0.0,0.1,0,float64,1
B_delta,0,0,0,3.1622776601683795e-18,0,0.0,0.1,0,float64,1
B_delta,0,0,0,1e-17,0,0.0,0.1,0,float64,1
B_delta,0,0,0,3.1622776601683796e-17,0,0.0,0.1,0,float64,1
B_delta,0,0,0,1e-16,0,0.0,0.1,0,float64,1
B_delta,0,0,0,3.1622776601683793e-16,1,4.696514096402197e-16,0.1,0,float64,1
B_delta,0,0,0,1e-15,1,4.696514096402197e-16,0.1,0,float64,1
B_delta,0,0,0,3.1622776601683794e-15,1,4.696514096402197e-16,0.1,0,float64,1
B_delta,0,0,0,1e-14,1,1.8786056385608787e-15,0.1,0,float64,1
B_delta,0,0,0,3.1622776601683796e-14,1,1.8786056385608787e-15,0.1,0,float64,1
B_delta,0,0,0,1e-13,1,3.1310093976014646e-15,0.1,0,float64,1
B_delta,0,0,0,3.162277660168379e-13,1,1.0958532891605126e-14,0.1,0,float64,1
B_delta,0,0,0,1e-12,1,3.162319491577479e-14,0.1,0,float64,1
B_delta,0,0,0,3.1622776601683794e-12,1,9.721784179552547e-14,0.1,0,float64,1
B_delta,0,0,0,1e-11,1,3.0793477425410403e-13,0.1,0,float64,1
B_delta,0,0,0,3.1622776601683794e-11,1,9.66542601039572e-13,0.1,0,float64,1
B_delta,0,0,0,1e-10,1,3.055552071119269e-12,0.1,0,float64,1
B_delta,0,0,0,3.1622776601683795e-10,1,9.6647998085162e-12,0.1,0,float64,1
B_delta,0,0,0,1e-09,1,3.0558182069180656e-11,0.1,0,float64,1
B_delta,0,0,0,3.1622776601683795e-09,1,9.663453474475232e-11,0.1,0,float64,1
B_delta,0,0,0,1e-08,1,3.055791593338186e-10,0.1,0,float64,1
B_delta,0,0,0,3.162277660168379e-08,1,9.66322177977981e-10,0.1,0,float64,1
B_delta,0,0,0,1e-07,1,3.05577296383227e-09,0.1,0,float64,1
B_delta,0,0,0,3.162277660168379e-07,1,9.663203933026244e-09,0.1,0,float64,1
B_delta,0,0,0,1e-06,1,3.055775609535211e-08,0.1,0,float64,1
B_delta,0,0,0,3.162277660168379e-06,1,9.663234695193574e-08,0.1,0,float64,1
B_delta,0,0,0,1e-05,1,3.0558071497583776e-07,0.1,0,float64,1
B_delta,0,0,0,3.1622776601683795e-05,1,9.663551141616876e-07,0.1,0,float64,1
B_delta,0,0,0,0.0001,1,3.056123674456914e-06,0.1,0,float64,1
B_delta,0,0,0,0.00031622776601683794,1,9.66671672189819e-06,0.1,0,float64,1
B_delta,0,0,0,0.001,1,3.0592900536778965e-05,0.1,0,float64,1
B_delta,0,0,0,0.0031622776601683794,1,9.698405569744585e-05,0.1,0,float64,1
B_delta,0,0,0,0.01,1,0.00030910591128940364,0.1,0,float64,1
B_delta,0,0,0,0.03162277660168379,1,0.0010018734898188234,0.1,0,float64,1
B_delta,0,0,0,0.1,1,0.003420804350268364,0.1,0,float64,1
B_delta,0,0,0,0.31622776601683794,1,0.01052898590294016,0.1,0,float64,1
B_delta,0,0,0,1.0,1,0.060480311998962664,0.1,0,float64,1
B_delta,0,0,0,1e-20,0,0.0,0.1,0,float64,2
B_delta,0,0,0,3.162277660168379e-20,0,0.0,0.1,0,float64,2
B_delta,0,0,0,1e-19,0,0.0,0.1,0,float64,2
B_delta,0,0,0,3.162277660168379e-19,0,0.0,0.1,0,float64,2
B_delta,0,0,0,1e-18,0,0.0,0.1,0,float64,2
B_delta,0,0,0,3.1622776601683795e-18,0,0.0,0.1,0,float64,2
B_delta,0,0,0,1e-17,0,0.0,0.1,0,float64,2
B_delta,0,0,0,3.1622776601683796e-17,0,0.0,0.1,0,float64,2
B_delta,0,0,0,1e-16,0,0.0,0.1,0,float64,2
B_delta,0,0,0,3.1622776601683793e-16,0,0.0,0.1,0,float64,2
B_delta,0,0,0,1e-15,1,7.112216479539921e-16,0.1,0,float64,2
B_delta,0,0,0,3.1622776601683794e-15,1,7.112216479539921e-16,0.1,0,float64,2
B_delta,0,0,0,1e-14,1,3.55610823976996e-15,0.1,0,float64,2
B_delta,0,0,0,3.1622776601683796e-14,1,1.0905398601961212e-14,0.1,0,float64,2
B_delta,0,0,0,1e-13,1,3.484986074974561e-14,0.1,0,float64,2
B_delta,0,0,0,3.162277660168379e-13,1,1.1095057708082276e-13,0.1,0,float64,2
B_delta,0,0,0,1e-12,1,3.4968397691071275e-13,0.1,0,float64,2
B_delta,0,0,0,3.1622776601683794e-12,1,1.1016823326807336e-12,0.1,0,float64,2
B_delta,0,0,0,1e-11,1,3.484274853326607e-12,0.1,0,float64,2
B_delta,0,0,0,3.1622776601683794e-11,1,1.101670478986601e-11,0.1,0,float64,2
B_delta,0,0,0,1e-10,1,3.4833384114901345e-11,0.1,0,float64,2
B_delta,0,0,0,3.1622776601683795e-10,1,1.1015068980075717e-10,0.1,0,float64,2
B_delta,0,0,0,1e-09,1,3.483266103955926e-10,0.1,0,float64,2
B_delta,0,0,0,3.1622776601683795e-09,1,1.101501919456036e-09,0.1,0,float64,2
B_delta,0,0,0,1e-08,1,3.483254250261793e-09,0.1,0,float64,2
B_delta,0,0,0,3.162277660168379e-08,1,1.1015016231136827e-08,0.1,0,float64,2
B_delta,0,0,0,1e-07,1,3.483253894650969e-08,0.1,0,float64,2
B_delta,0,0,0,3.162277660168379e-07,1,1.1015015199865438e-07,0.1,0,float64,2
B_delta,0,0,0,1e-06,1,3.483252757881702e-07,0.1,0,float64,2
B_delta,0,0,0,3.162277660168379e-06,1,1.1015003483674157e-06,0.1,0,float64,2
B_delta,0,0,0,1e-05,1,3.4832410936096014e-06,0.1,0,float64,2
B_delta,0,0,0,3.1622776601683795e-05,1,1.1014887002993153e-05,0.1,0,float64,2
B_delta,0,0,0,0.0001,1,3.4831246416738054e-05,0.1,0,float64,2
B_delta,0,0,0,0.00031622776601683794,1,0.00011013723330190464,0.1,0,float64,2
B_delta,0,0,0,0.001,1,0.0003481963630098943,0.1,0,float64,2
B_delta,0,0,0,0.0031622776601683794,1,0.0011002194513407256,0.1,0,float64,2
B_delta,0,0,0,0.01,1,0.0034706662938547676,0.1,0,float64,2
B_delta,0,0,0,0.03162277660168379,1,0.010894716274225873,0.1,0,float64,2
B_delta,0,0,0,0.1,1,0.033721253104908686,0.1,0,float64,2
B_delta,0,0,0,0.31622776601683794,1,0.10402774847910441,0.1,0,float64,2
B_delta,0,0,0,1.0,1,0.31574069581076425,0.1,0,float64,2
B_delta,0,0,0,1e-20,0,0.0,0.1,0,float64,3
B_delta,0,0,0,3.162277660168379e-20,0,0.0,0.1,0,float64,3
B_delta,0,0,0,1e-19,0,0.0,0.1,0,float64,3
B_delta,0,0,0,3.162277660168379e-19,0,0.0,0.1,0,float64,3
B_delta,0,0,0,1e-18,0,0.0,0.1,0,float64,3
B_delta,0,0,0,3.1622776601683795e-18,0,0.0,0.1,0,float64,3
B_delta,0,0,0,1e-17,0,0.0,0.1,0,float64,3
B_delta,0,0,0,3.1622776601683796e-17,0,0.0,0.1,0,float64,3
B_delta,0,0,0,1e-16,0,0.0,0.1,0,float64,3
B_delta,0,0,0,3.1622776601683793e-16,0,0.0,0.1,0,float64,3
B_delta,0,0,0,1e-15,1,1.4160713712863484e-15,0.1,0,float64,3
B_delta,0,0,0,3.1622776601683794e-15,1,7.080356856431742e-16,0.1,0,float64,3
B_delta,0,0,0,1e-14,1,1.534077318893544e-15,0.1,0,float64,3
B_delta,0,0,0,3.1622776601683796e-14,1,7.552380646860525e-15,0.1,0,float64,3
B_delta,0,0,0,1e-13,1,2.9973510692227707e-14,0.1,0,float64,3
B_delta,0,0,0,3.162277660168379e-13,1,1.0054106736133074e-13,0.1,0,float64,3
B_delta,0,0,0,1e-12,1,3.186160585394284e-13,0.1,0,float64,3
B_delta,0,0,0,3.1622776601683794e-12,1,1.0144971315790615e-12,0.1,0,float64,3
B_delta,0,0,0,1e-11,1,3.213301953343939e-12,0.1,0,float64,3
B_delta,0,0,0,3.1622776601683794e-11,1,1.0162200184141265e-11,0.1,0,float64,3
B_delta,0,0,0,1e-10,1,3.214104393787668e-11,0.1,0,float64,3
B_delta,0,0,0,3.1622776601683795e-10,1,1.0164288889413912e-10,0.1,0,float64,3
B_delta,0,0,0,1e-09,1,3.2142330202705596e-10,0.1,0,float64,3
B_delta,0,0,0,3.1622776601683795e-09,1,1.0164369133458285e-09,0.1,0,float64,3
B_delta,0,0,0,1e-08,1,3.2142580375314523e-09,0.1,0,float64,3
B_delta,0,0,0,3.162277660168379e-08,1,1.016437975399357e-08,0.1,0,float64,3
B_delta,0,0,0,1e-07,1,3.214261188290253e-08,0.1,0,float64,3
B_delta,0,0,0,3.162277660168379e-07,1,1.0164401974513504e-07,0.1,0,float64,3
B_delta,0,0,0,1e-06,1,3.2142819443563783e-07,0.1,0,float64,3
B_delta,0,0,0,3.162277660168379e-06,1,1.0164609971796756e-06,0.1,0,float64,3
B_delta,0,0,0,1e-05,1,3.214489794250202e-06,0.1,0,float64,3
B_delta,0,0,0,3.1622776601683795e-05,1,1.016668704923535e-05,0.1,0,float64,3
B_delta,0,0,0,0.0001,1,3.2165631181556146e-05,0.1,0,float64,3
B_delta,0,0,0,0.00031622776601683794,1,0.00010187304197578398,0.1,0,float64,3
B_delta,0,0,0,0.001,1,0.0003236834951061089,0.1,0,float64,3
B_delta,0,0,0,0.0031622776601683794,1,0.0010380883784189925,0.1,0,float64,3
B_delta,0,0,0,0.01,1,0.003412189522561065,0.1,0,float64,3
B_delta,0,0,0,0.03162277660168379,1,0.011949820938976766,0.1,0,float64,3
B_delta,0,0,0,0.1,1,0.04306940554282743,0.1,0,float64,3
B_delta,0,0,0,0.31622776601683794,1,0.20101682954465716,0.1,0,float64,3
B_delta,1,0,1,1.0,1,3.0558679996413747,0.1,1,float64,3
B_delta,0,0,0,1e-20,0,0.0,0.1,0,float64,4
B_delta,0,0,0,3.162277660168379e-20,0,0.0,0.1,0,float64,4
B_delta,0,0,0,1e-19,0,0.0,0.1,0,float64,4
B_delta,0,0,0,3.162277660168379e-19,0,0.0,0.1,0,float64,4
B_delta,0,0,0,1e-18,0,0.0,0.1,0,float64,4
B_delta,0,0,0,3.1622776601683795e-18,0,0.0,0.1,0,float64,4
B_delta,0,0,0,1e-17,0,0.0,0.1,0,float64,4
B_delta,0,0,0,3.1622776601683796e-17,0,0.0,0.1,0,float64,4
B_delta,0,0,0,1e-16,0,0.0,0.1,0,float64,4
B_delta,0,0,0,3.1622776601683793e-16,0,0.0,0.1,0,float64,4
B_delta,0,0,0,1e-15,0,0.0,0.1,0,float64,4
B_delta,0,0,0,3.1622776601683794e-15,1,1.3749087138023795e-15,0.1,0,float64,4
B_delta,0,0,0,1e-14,1,1.7677397748887736e-15,0.1,0,float64,4
B_delta,0,0,0,3.1622776601683796e-14,1,6.6781280384687e-15,0.1,0,float64,4
B_delta,0,0,0,1e-13,1,2.2194954951381268e-14,0.1,0,float64,4
B_delta,0,0,0,3.162277660168379e-13,1,7.031675993446455e-14,0.1,0,float64,4
B_delta,0,0,0,1e-12,1,2.2587786012467663e-13,0.1,0,float64,4
B_delta,0,0,0,3.1622776601683794e-12,1,7.080779876082255e-13,0.1,0,float64,4
B_delta,0,0,0,1e-11,1,2.23383382886778e-12,0.1,0,float64,4
B_delta,0,0,0,3.1622776601683794e-11,1,7.066834373413687e-12,0.1,0,float64,4
B_delta,0,0,0,1e-10,1,2.23456056633079e-11,0.1,0,float64,4
B_delta,0,0,0,3.1622776601683795e-10,1,7.066500467011764e-11,0.1,0,float64,4
B_delta,0,0,0,1e-09,1,2.2345900286603714e-10,0.1,0,float64,4
B_delta,0,0,0,3.1622776601683795e-09,1,7.066396366780576e-10,0.1,0,float64,4
B_delta,0,0,0,1e-08,1,2.2345847254410467e-09,0.1,0,float64,4
B_delta,0,0,0,3.162277660168379e-08,1,7.066375350318808e-09,0.1,0,float64,4
B_delta,0,0,0,1e-07,1,2.234584430817751e-08,0.1,0,float64,4
B_delta,0,0,0,3.162277660168379e-07,1,7.066380083933094e-08,0.1,0,float64,4
B_delta,0,0,0,1e-06,1,2.2345890721167377e-07,0.1,0,float64,4
B_delta,0,0,0,3.162277660168379e-06,1,7.066425371461971e-07,0.1,0,float64,4
B_delta,0,0,0,1e-05,1,2.2346342009418665e-06,0.1,0,float64,4
B_delta,0,0,0,3.1622776601683795e-05,1,7.066876678569149e-06,0.1,0,float64,4
B_delta,0,0,0,0.0001,1,2.2350853189598128e-05,0.1,0,float64,4
B_delta,0,0,0,0.00031622776601683794,1,7.07138174325286e-05,0.1,0,float64,4
B_delta,0,0,0,0.001,1,0.00022395717777522442,0.1,0,float64,4
B_delta,0,0,0,0.0031622776601683794,1,0.0006959384523827846,0.1,0,float64,4
B_delta,0,0,0,0.01,1,0.0022218450566530777,0.1,0,float64,4
B_delta,0,0,0,0.03162277660168379,1,0.007294774464140345,0.1,0,float64,4
B_delta,0,0,0,0.1,1,0.026221699528972894,0.1,0,float64,4
B_delta,5,0,1,0.31622776601683794,1,0.45841719681381293,0.1,1,float64,4
B_delta,5,0,1,1.0,1,106.4201461109391,0.1,1,float64,4
B_delta,0,0,0,1e-20,0,0.0,0.1,0,float64,5
B_delta,0,0,0,3.162277660168379e-20,0,0.0,0.1,0,float64,5
B_delta,0,0,0,1e-19,0,0.0,0.1,0,float64,5
B_delta,0,0,0,3.162277660168379e-19,0,0.0,0.1,0,float64,5
B_delta,0,0,0,1e-18,0,0.0,0.1,0,float64,5
B_delta,0,0,0,3.1622776601683795e-18,0,0.0,0.1,0,float64,5
B_delta,0,0,0,1e-17,0,0.0,0.1,0,float64,5
B_delta,0,0,0,3.1622776601683796e-17,0,0.0,0.1,0,float64,5
B_delta,0,0,0,1e-16,0,0.0,0.1,0,float64,5
B_delta,0,0,0,3.1622776601683793e-16,0,0.0,0.1,0,float64,5
B_delta,0,0,0,1e-15,1,2.683710721915751e-15,0.1,0,float64,5
B_delta,0,0,0,3.1622776601683794e-15,1,1.2629226926662357e-14,0.1,0,float64,5
B_delta,0,0,0,1e-14,1,3.5677566067821163e-14,0.1,0,float64,5
B_delta,0,0,0,3.1622776601683796e-14,1,1.2202990517887503e-13,0.1,0,float64,5
B_delta,0,0,0,1e-13,1,3.8929592001436716e-13,0.1,0,float64,5
B_delta,0,0,0,3.162277660168379e-13,1,1.2297709719837472e-12,0.1,0,float64,5
B_delta,0,0,0,1e-12,1,3.8875917786998406e-12,0.1,0,float64,5
B_delta,0,0,0,3.1622776601683794e-12,1,1.2293447355749723e-11,0.1,0,float64,5
B_delta,0,0,0,1e-11,1,3.88853897071934e-11,0.1,0,float64,5
B_delta,0,0,0,3.1622776601683794e-11,1,1.2296983539289187e-10,0.1,0,float64,5
B_delta,0,0,0,1e-10,1,3.8886968360559234e-10,0.1,0,float64,5
B_delta,0,0,0,3.1622776601683795e-10,1,1.2297210865373869e-09,0.1,0,float64,5
B_delta,0,0,0,1e-09,1,3.888717516415016e-09,0.1,0,float64,5
B_delta,0,0,0,3.1622776601683795e-09,1,1.2297202182780355e-08,0.1,0,float64,5
B_delta,0,0,0,1e-08,1,3.888717563774616e-08,0.1,0,float64,5
B_delta,0,0,0,3.162277660168379e-08,1,1.2297205229581353e-07,0.1,0,float64,5
B_delta,0,0,0,1e-07,1,3.888718072101e-07,0.1,0,float64,5
B_delta,0,0,0,3.162277660168379e-07,1,1.2297208937838108e-06,0.1,0,float64,5
B_delta,0,0,0,1e-06,1,3.888721551295153e-06,0.1,0,float64,5
B_delta,0,0,0,3.162277660168379e-06,1,1.2297243682262172e-05,0.1,0,float64,5
B_delta,0,0,0,1e-05,1,3.8887562854737565e-05,0.1,0,float64,5
B_delta,0,0,0,3.1622776601683795e-05,1,0.00012297591003904582,0.1,0,float64,5
B_delta,0,0,0,0.0001,1,0.00038891035940022954,0.1,0,float64,5
B_delta,0,0,0,0.00031622776601683794,1,0.0012301063671232022,0.1,0,float64,5
B_delta,0,0,0,0.001,1,0.003892575032661293,0.1,0,float64,5
B_delta,0,0,0,0.0031622776601683794,1,0.012335749206217637,0.1,0,float64,5
B_delta,0,0,0,0.01,1,0.03927382035433973,0.1,0,float64,5
B_delta,0,0,0,0.03162277660168379,1,0.12653971926578675,0.1,0,float64,5
B_delta,0,0,0,0.1,1,0.41936480690451633,0.1,0,float64,5
B_delta,0,0,0,0.31622776601683794,1,1.3074478014842077,0.1,0,float64,5
B_delta,-1,0,0,1.0,1,0.33221178399887324,0.1,1,float64,5
B_delta_mp,,,,1e-20,0,0.0,0.0001,,mpmath_dps40,1
B_delta_mp,,,,1e-19,0,0.0,0.0001,,mpmath_dps40,1
B_delta_mp,,,,1e-18,0,0.0,0.0001,,mpmath_dps40,1
B_delta_mp,,,,1e-17,0,0.0,0.0001,,mpmath_dps40,1
B_delta_mp,,,,1e-16,0,0.0,0.0001,,mpmath_dps40,1
B_delta_mp,,,,1e-15,0,0.0,0.0001,,mpmath_dps40,1
B_delta_mp,,,,1e-14,0,0.0,0.0001,,mpmath_dps40,1
B_delta_mp,,,,1e-13,0,0.0,0.0001,,mpmath_dps40,1
B_delta_mp,,,,1e-12,0,0.0,0.0001,,mpmath_dps40,1
B_delta_mp,,,,1e-11,0,0.0,0.0001,,mpmath_dps40,1
B_delta_mp,,,,1e-10,1,2.1203362617351703e-16,0.0001,,mpmath_dps40,1
B_delta_mp,,,,1e-09,1,5.830924719771718e-16,0.0001,,mpmath_dps40,1
B_delta_mp,,,,1e-08,1,5.565882687054822e-15,0.0001,,mpmath_dps40,1
B_delta_mp,,,,1e-07,1,5.5340776431287946e-14,0.0001,,mpmath_dps40,1
B_delta_mp,,,,1e-06,1,5.53354755906336e-13,0.0001,,mpmath_dps40,1
B_delta_mp,,,,1e-05,1,5.533282517030644e-12,0.0001,,mpmath_dps40,1
B_delta_mp,,,,0.0001,1,5.533303720393261e-11,0.0001,,mpmath_dps40,1
B_delta_mp,,,,0.001,1,5.533554980240277e-10,0.0001,,mpmath_dps40,1
B_delta_mp,,,,0.01,1,5.5361435927654165e-09,0.0001,,mpmath_dps40,1
B_delta_mp,,,,0.1,1,5.567778294177017e-08,0.0001,,mpmath_dps40,1
B_delta_mp,,,,1.0,1,6.583941104620491e-07,0.0001,,mpmath_dps40,1
B_delta_mp,,,,1e-20,0,0.0,0.0001,,mpmath_dps40,2
B_delta_mp,,,,1e-19,0,0.0,0.0001,,mpmath_dps40,2
B_delta_mp,,,,1e-18,0,0.0,0.0001,,mpmath_dps40,2
B_delta_mp,,,,1e-17,0,0.0,0.0001,,mpmath_dps40,2
B_delta_mp,,,,1e-16,0,0.0,0.0001,,mpmath_dps40,2
B_delta_mp,,,,1e-15,0,0.0,0.0001,,mpmath_dps40,2
B_delta_mp,,,,1e-14,0,0.0,0.0001,,mpmath_dps40,2
B_delta_mp,,,,1e-13,0,0.0,0.0001,,mpmath_dps40,2
B_delta_mp,,,,1e-12,0,0.0,0.0001,,mpmath_dps40,2
B_delta_mp,,,,1e-11,0,0.0,0.0001,,mpmath_dps40,2
B_delta_mp,,,,1e-10,0,0.0,0.0001,,mpmath_dps40,2
B_delta_mp,,,,1e-09,1,1.1102229145134392e-16,0.0001,,mpmath_dps40,2
B_delta_mp,,,,1e-08,1,7.771560401594074e-16,0.0001,,mpmath_dps40,2
B_delta_mp,,,,1e-07,1,7.66053811014273e-15,0.0001,,mpmath_dps40,2
B_delta_mp,,,,1e-06,1,7.616129193562193e-14,0.0001,,mpmath_dps40,2
B_delta_mp,,,,1e-05,1,7.618349639391219e-13,0.0001,,mpmath_dps40,2
B_delta_mp,,,,0.0001,1,7.618127594808317e-12,0.0001,,mpmath_dps40,2
B_delta_mp,,,,0.001,1,7.617217212018415e-11,0.0001,,mpmath_dps40,2
B_delta_mp,,,,0.01,1,7.610769037330922e-10,0.0001,,mpmath_dps40,2
B_delta_mp,,,,0.1,1,7.632267837936726e-09,0.0001,,mpmath_dps40,2
B_delta_mp,,,,1.0,1,1.2890925003463463e-07,0.0001,,mpmath_dps40,2
B_delta_mp,,,,1e-20,0,0.0,0.0001,,mpmath_dps40,3
B_delta_mp,,,,1e-19,0,0.0,0.0001,,mpmath_dps40,3
B_delta_mp,,,,1e-18,0,0.0,0.0001,,mpmath_dps40,3
B_delta_mp,,,,1e-17,0,0.0,0.0001,,mpmath_dps40,3
B_delta_mp,,,,1e-16,0,0.0,0.0001,,mpmath_dps40,3
B_delta_mp,,,,1e-15,0,0.0,0.0001,,mpmath_dps40,3
B_delta_mp,,,,1e-14,0,0.0,0.0001,,mpmath_dps40,3
B_delta_mp,,,,1e-13,0,0.0,0.0001,,mpmath_dps40,3
B_delta_mp,,,,1e-12,0,0.0,0.0001,,mpmath_dps40,3
B_delta_mp,,,,1e-11,0,0.0,0.0001,,mpmath_dps40,3
B_delta_mp,,,,1e-10,0,0.0,0.0001,,mpmath_dps40,3
B_delta_mp,,,,1e-09,0,0.0,0.0001,,mpmath_dps40,3
B_delta_mp,,,,1e-08,1,2.0402816858828173e-16,0.0001,,mpmath_dps40,3
B_delta_mp,,,,1e-07,1,2.34632393876524e-15,0.0001,,mpmath_dps40,3
B_delta_mp,,,,1e-06,1,2.366726755624068e-14,0.0001,,mpmath_dps40,3
B_delta_mp,,,,1e-05,1,2.3677468964670094e-13,0.0001,,mpmath_dps40,3
B_delta_mp,,,,0.0001,1,2.3661146711183033e-12,0.0001,,mpmath_dps40,3
B_delta_mp,,,,0.001,1,2.3540872105800242e-11,0.0001,,mpmath_dps40,3
B_delta_mp,,,,0.01,1,2.2605841613385435e-10,0.0001,,mpmath_dps40,3
B_delta_mp,,,,0.1,1,2.030014988439455e-09,0.0001,,mpmath_dps40,3
B_delta_mp,,,,1.0,1,0.05964831998027261,0.0001,,mpmath_dps40,3
