t,ged,var_int,efic,geom,busc,omega,gradE,coh,lf,warmup,asim_geom,baja_geom,alta_geom
0.0000,0.00000235,6.0295e-05,NaN,0.295713,-0.003904,0.000000,0.066683,0.000031,1,1,-0.388006,0.510346,0.122340
0.5000,0.00000241,6.0565e-05,NaN,0.331670,0.017023,0.613790,0.569203,0.000000,1,1,-0.798929,0.798929,0.000000
1.0000,0.00000235,5.9603e-05,NaN,0.380800,0.041297,0.594480,-0.206684,-0.000000,1,1,-0.999959,0.999975,0.000016
1.5000,0.00000218,5.7185e-05,NaN,0.380793,0.052483,0.580606,-0.012532,-0.000000,1,1,-0.999994,0.999991,-0.000004
2.0000,0.00000188,5.3663e-05,NaN,0.382696,0.053783,0.612774,0.057744,0.000000,1,1,-0.990203,0.995780,0.005577
2.5000,0.00000147,4.9626e-05,NaN,0.382277,0.053545,0.591603,-0.487705,-0.000000,1,1,-0.990893,0.995675,0.004783
3.0000,0.00000101,4.4927e-05,NaN,0.380799,0.056902,0.617604,-0.108427,-0.000000,1,1,-0.999715,0.999803,0.000087
3.5000,0.00000069,4.0422e-05,NaN,0.380779,0.057871,0.619718,0.257871,0.000000,1,1,-1.000018,0.999987,-0.000031
4.0000,0.00000066,3.8185e-05,NaN,0.388173,0.050036,0.638328,0.334716,0.000000,1,1,-0.947510,0.973629,0.026119
4.5000,0.00000082,4.1323e-05,NaN,0.391778,0.038530,0.653634,-0.931137,-0.000000,1,1,-0.898151,0.944670,0.046519
5.0000,0.00000089,5.0588e-05,NaN,0.391969,0.026638,0.680753,0.253915,0.000000,1,1,-0.861167,0.920202,0.059035
5.5000,0.00000071,6.7394e-05,NaN,0.383497,0.020533,0.706188,0.220301,0.000000,1,1,-0.883647,0.924647,0.041001
6.0000,0.00000062,9.0472e-05,NaN,0.375183,0.019412,0.712060,-0.782440,-0.000000,1,1,-0.881532,0.912502,0.030970
6.5000,0.00000178,1.1803e-04,0.015123,0.390629,0.010800,0.727985,0.864696,0.000000,1,1,-0.722144,0.828522,0.106378
7.0000,0.00000418,1.4932e-04,0.027974,0.411569,0.005556,0.731289,0.684484,0.000000,1,1,-0.476831,0.703392,0.226561
7.5000,0.00000750,1.8257e-04,0.041079,0.407533,-0.030374,0.767392,-0.376695,-0.000000,1,1,0.563191,0.185345,0.748535
8.0000,0.00001149,2.1578e-04,0.053227,0.382848,-0.049961,0.797939,0.580779,0.000000,1,1,0.985858,0.007084,0.992941
8.5000,0.00001579,2.4595e-04,0.064200,0.379241,-0.045612,0.789440,-0.354331,-0.000000,1,1,0.992540,0.000032,0.992571
9.0000,0.00001991,2.7128e-04,0.073401,0.373977,-0.031501,0.760689,0.013358,0.000000,1,1,0.949424,0.005816,0.955240
9.5000,0.00002329,2.9096e-04,0.080043,0.380804,-0.041111,0.767142,-0.509674,-0.000000,1,1,0.999964,0.000020,0.999984
10.0000,0.00002554,3.0302e-04,0.084276,0.380743,-0.058619,0.788099,-0.593971,-0.000000,1,0,1.000007,-0.000078,0.999929
10.5000,0.00002665,3.0891e-04,0.086278,0.380794,-0.069198,0.797902,-0.505393,-0.000000,1,0,1.000016,-0.000009,1.000007
11.0000,0.00002718,3.1076e-04,0.087452,0.380773,-0.074008,0.800673,-0.563964,-0.000001,1,0,1.000027,-0.000042,0.999985
11.5000,0.00002833,3.1675e-04,0.089433,0.380802,-0.070750,0.789097,-0.534794,-0.000000,1,0,0.999911,0.000033,0.999944
12.0000,0.00003181,3.3500e-04,0.094957,0.374656,-0.053654,0.761359,-0.397608,-0.000000,1,0,0.844074,0.040609,0.884683
12.5000,0.00003948,3.7333e-04,0.105756,0.350392,-0.022564,0.712430,0.997417,0.000000,1,0,0.448141,0.159771,0.607912
13.0000,0.00004576,3.7522e-04,0.121966,0.299714,-0.001168,0.673204,-0.015873,-0.000000,1,0,0.107377,0.256731,0.364108
13.5000,0.00006393,4.4822e-04,0.142626,0.246135,0.004165,0.656836,-0.904106,-0.000000,1,0,0.046452,0.228666,0.275117
14.0000,0.00008897,5.3326e-04,0.166837,0.218112,0.018921,0.609633,-0.134329,-0.000000,1,0,-0.335707,0.395862,0.060155
14.5000,0.00007758,4.3402e-04,0.178746,0.239531,0.026987,0.588595,-0.994856,-0.000000,1,0,-0.429570,0.470343,0.040773
15.0000,0.00009659,4.8483e-04,0.199221,0.298856,0.030007,0.603084,0.140269,-0.000000,1,0,-0.512618,0.584596,0.071977
15.5000,0.00011534,5.2780e-04,0.218528,0.314837,0.028420,0.611349,-0.184881,-0.000000,1,0,-0.566990,0.635280,0.068290
16.0000,0.00013468,5.6837e-04,0.236951,0.335319,0.030093,0.612731,0.966315,0.000000,1,0,-0.676735,0.726752,0.050017
16.5000,0.00015442,6.3770e-04,0.242155,0.366401,0.029425,0.623253,0.837636,0.000000,1,0,-0.767860,0.824211,0.056351
17.0000,0.00018003,7.1917e-04,0.250330,0.407572,0.026267,0.636591,0.958026,0.000000,1,0,-0.747316,0.865804,0.118488
17.5000,0.00021316,8.0331e-04,0.265352,0.472748,0.020387,0.650091,-0.871567,-0.000000,1,0,-0.484799,0.787134,0.302335
18.0000,0.00025446,8.9226e-04,0.285183,0.518370,0.013465,0.663932,-0.892469,-0.000000,1,0,-0.317968,0.750814,0.432846
18.5000,0.00021247,7.2063e-04,0.294845,0.552283,0.006410,0.675960,0.829125,0.000000,1,0,-0.127765,0.692899,0.565134
19.0000,0.00023184,6.9260e-04,0.334736,0.568982,-0.000703,0.686166,0.396927,0.000000,1,0,0.119010,0.592973,0.711983
19.5000,0.00027868,7.6171e-04,0.365862,0.456089,-0.026923,0.721881,-0.754414,-0.000082,1,0,0.847680,0.152313,0.999993
20.0000,0.00029454,8.5013e-04,0.346462,0.380800,-0.049875,0.764557,-0.732914,-0.000000,1,0,0.999978,0.000010,0.999988
20.5000,0.00021689,7.0541e-04,0.307474,0.379466,-0.046235,0.756619,-0.891232,-0.000000,1,0,0.981282,0.003738,0.985021
21.0000,0.00029255,8.5014e-04,0.344123,0.379431,-0.037797,0.740777,-0.773691,-0.000000,1,0,0.993650,-0.000008,0.993642
21.5000,0.00025167,6.6528e-04,0.378298,0.374391,-0.031370,0.728425,-0.910194,-0.000000,1,0,0.966280,0.001210,0.967490
22.0000,0.00035053,8.2416e-04,0.425319,0.368911,-0.028932,0.725123,-0.776748,-0.000000,1,0,0.945768,0.000056,0.945824
22.5000,0.00045041,1.0029e-03,0.449118,0.370787,-0.030030,0.725794,-0.289654,-0.000000,1,0,0.937878,0.005166,0.943044
23.0000,0.00055582,1.2284e-03,0.452457,0.380469,-0.038932,0.739083,-0.619564,-0.000002,1,0,0.998395,0.000018,0.998413
23.5000,0.00066227,1.4088e-03,0.470078,0.375174,-0.037218,0.735860,-0.570815,-0.000000,1,0,0.878279,0.030041,0.908320
24.0000,0.00029676,6.8912e-04,0.430627,0.368013,-0.017153,0.701196,-0.537796,-0.000000,1,0,0.377519,0.210640,0.588160
24.5000,0.00038305,7.7939e-04,0.491477,0.317873,0.000210,0.667944,-0.075758,-0.000000,1,0,-0.199228,0.432305,0.233076
25.0000,0.00044585,8.4252e-04,0.529181,0.269967,-0.014029,0.703938,-0.769831,-0.000000,1,0,0.122263,0.216997,0.339260
25.5000,0.00032256,6.1650e-04,0.523208,0.232006,-0.026408,0.745004,-0.803959,-0.000000,1,0,0.413839,0.039566,0.453406
26.0000,0.00024696,4.5977e-04,0.537139,0.258546,-0.034106,0.755426,-0.515225,-0.000002,1,0,0.572549,0.000007,0.572555
26.5000,0.00022517,4.3841e-04,0.513604,0.319710,-0.039087,0.746510,-0.798525,-0.000001,1,0,0.757408,0.000023,0.757431
27.0000,0.00000364,4.0174e-05,NaN,0.355154,-0.032119,0.721864,-0.955417,-0.000000,1,0,0.801784,0.029377,0.831161
27.5000,0.00003723,2.6022e-04,0.143069,0.372946,-0.024118,0.703988,-0.624491,-0.000004,1,0,0.662223,0.102546,0.764769
28.0000,0.00012945,4.6176e-04,0.280346,0.358889,-0.031075,0.718020,-0.586694,-0.000002,1,0,0.892494,0.003539,0.896033
28.5000,0.00024363,6.2738e-04,0.388326,0.380216,-0.035672,0.721655,-0.549739,-0.000002,1,0,0.996995,0.000080,0.997075
29.0000,0.00034792,7.5840e-04,0.458752,0.382226,-0.035628,0.720223,-0.668686,-0.000000,1,0,0.989343,0.005172,0.994515
29.5000,0.00042645,8.7949e-04,0.484888,0.380761,-0.036925,0.721154,-0.769733,-0.000000,1,0,1.000012,-0.000055,0.999957
30.0000,0.00046954,9.4867e-04,0.494945,0.425881,-0.022480,0.690243,0.189634,0.000000,1,0,0.601831,0.192999,0.794830
30.5000,0.00047493,9.9468e-04,0.477471,0.444202,-0.005298,0.659748,-0.594985,-0.000001,1,0,0.035691,0.459813,0.495505
31.0000,0.00045163,1.0238e-03,0.441125,0.427561,-0.012559,0.670700,-0.804576,-0.000131,1,0,0.181721,0.369707,0.551429
31.5000,0.00041167,1.0415e-03,0.395282,0.413751,-0.018571,0.681477,-0.588942,-0.000002,1,0,0.207130,0.341207,0.548337
32.0000,0.00037102,1.0412e-03,0.356348,0.400077,-0.021224,0.686074,-0.662574,-0.000000,1,0,0.291007,0.287009,0.578016
32.5000,0.00034390,1.0207e-03,0.336923,0.383600,-0.024831,0.693061,-0.493483,-0.000003,1,0,0.432801,0.206271,0.639072
33.0000,0.00034536,1.0298e-03,0.335360,0.377364,-0.024368,0.692277,-0.627608,-0.000002,1,0,0.434591,0.197954,0.632545
33.5000,0.00038612,1.0951e-03,0.352573,0.364208,-0.026762,0.697479,-0.224793,-0.000000,1,0,0.555090,0.132875,0.687965
34.0000,0.00046777,1.2145e-03,0.385166,0.353065,-0.028212,0.701012,-0.635236,-0.000002,1,0,0.654072,0.080596,0.734668
34.5000,0.00058255,1.3535e-03,0.430408,0.354269,-0.028727,0.701699,-0.737419,-0.000000,1,0,0.631057,0.090858,0.721916
35.0000,0.00071717,1.4845e-03,0.483094,0.378827,-0.021716,0.685776,-0.648146,-0.000000,1,0,0.289339,0.262123,0.551462
35.5000,0.00085742,1.5985e-03,0.536403,0.386644,-0.002712,0.646002,-0.632394,-0.000000,1,0,-0.141230,0.480514,0.339284
36.0000,0.00099099,1.6811e-03,0.589497,0.393878,-0.007918,0.654504,-0.813458,-0.000040,1,0,-0.031517,0.432373,0.400855
36.5000,0.00110605,1.7547e-03,0.630326,0.403150,-0.012443,0.661897,-0.649651,-0.000003,1,0,0.047456,0.404147,0.451604
37.0000,0.00119276,1.8159e-03,0.656827,0.412010,-0.015352,0.664939,-0.569049,-0.000002,1,0,0.217946,0.334348,0.552294
37.5000,0.00124290,1.8638e-03,0.666861,0.425767,-0.016495,0.665463,-0.829822,-0.000049,1,0,0.237046,0.342764,0.579810
38.0000,0.00125370,1.9001e-03,0.659815,0.428582,-0.018018,0.666528,-0.020413,-0.000000,1,0,0.437848,0.260570,0.698418
38.5000,0.00123030,1.9123e-03,0.643365,0.451932,-0.007978,0.647416,-0.831977,-0.000001,1,0,0.250860,0.369770,0.620630
39.0000,0.00106581,1.6900e-03,0.630656,0.452225,-0.012699,0.654156,-0.739112,-0.000009,1,0,0.402602,0.305535,0.708137
39.5000,0.00082290,1.3987e-03,0.588316,0.437248,-0.018842,0.664453,-0.809915,-0.000010,1,0,0.630506,0.198269,0.828775
40.0000,0.00081677,1.4989e-03,0.544909,0.420945,-0.023536,0.673436,-0.784960,-0.000025,1,0,0.780383,0.124511,0.904894
40.5000,0.00090985,1.6887e-03,0.538804,0.418737,-0.020411,0.667011,-0.665163,-0.000000,1,0,0.763993,0.126872,0.890865
41.0000,0.00109196,1.9089e-03,0.572050,0.446031,-0.010490,0.647600,-0.305769,-0.000000,1,0,0.384420,0.304546,0.688966
41.5000,0.00133719,2.1061e-03,0.634926,0.435837,-0.013294,0.652877,-0.583844,-0.000001,1,0,0.347095,0.307046,0.654141
42.0000,0.00160696,2.2689e-03,0.708245,0.422288,-0.018673,0.662744,-0.830539,-0.000029,1,0,0.357121,0.285730,0.642851
42.5000,0.00185960,2.3920e-03,0.777437,0.410520,-0.016543,0.658450,-0.781455,-0.000024,1,0,0.342726,0.277327,0.620053
43.0000,0.00205755,2.4707e-03,0.832779,0.388204,-0.021863,0.669516,-0.796839,-0.000018,1,0,0.505864,0.182207,0.688070
43.5000,0.00217276,2.5095e-03,0.865806,0.379531,-0.019869,0.665796,-0.184379,-0.000000,1,0,0.485703,0.179688,0.665392
44.0000,0.00219094,2.5118e-03,0.872258,0.379436,-0.013509,0.651446,-0.477907,-0.000000,1,0,0.341832,0.240174,0.582006
44.5000,0.00211453,2.4756e-03,0.854162,0.371726,-0.018139,0.660923,-0.600845,-0.000000,1,0,0.366073,0.220439,0.586512
45.0000,0.00196411,2.4029e-03,0.817390,0.376687,-0.018776,0.661695,-0.336823,-0.000000,1,0,0.187136,0.306479,0.493615
45.5000,0.00177631,2.2805e-03,0.778901,0.380402,-0.014668,0.653171,-0.699812,-0.000001,1,0,-0.008629,0.405306,0.396676
46.0000,0.00159605,2.1622e-03,0.738170,0.385802,-0.020463,0.663921,-0.543634,-0.000000,1,0,0.071835,0.371757,0.443593
46.5000,0.00146884,2.1189e-03,0.693220,0.390039,-0.023410,0.668427,-0.489768,-0.000007,1,0,0.270975,0.283834,0.554809
47.0000,0.00142787,2.1580e-03,0.661668,0.401034,-0.025595,0.671179,-0.547393,-0.000003,1,0,0.294111,0.286878,0.580989
47.5000,0.00148843,2.2613e-03,0.658219,0.406233,-0.026664,0.671870,-0.630093,-0.000014,1,0,0.424570,0.237647,0.662217
48.0000,0.00164432,2.3672e-03,0.694618,0.400309,-0.027227,0.672631,-0.680216,-0.000002,1,0,0.630523,0.149544,0.780067
48.5000,0.00187044,2.4918e-03,0.750628,0.411816,-0.022395,0.662327,0.342929,0.000000,1,0,0.602222,0.174935,0.777157
49.0000,0.00212869,2.6033e-03,0.817698,0.441962,-0.005857,0.630224,-0.764063,-0.000000,1,0,0.245022,0.359355,0.604377
49.5000,0.00237539,2.7162e-03,0.874528,0.447573,-0.005762,0.630200,-0.591849,-0.000004,1,0,0.129429,0.419338,0.548767
50.0000,0.00256852,2.8068e-03,0.915104,0.448047,-0.009858,0.637178,-0.527406,-0.000000,1,0,0.127989,0.420498,0.548487
50.5000,0.00267289,2.8582e-03,0.935155,0.438640,-0.016319,0.648143,-0.788029,-0.000036,1,0,0.349157,0.309665,0.658821
51.0000,0.00266844,2.8325e-03,0.942085,0.427580,-0.021389,0.657674,-0.680040,-0.000000,1,0,0.476877,0.243207,0.720084
51.5000,0.00255564,2.7791e-03,0.919601,0.439357,-0.012711,0.642475,0.909552,0.000000,1,0,0.184544,0.383140,0.567683
52.0000,0.00235609,2.6856e-03,0.877307,0.434765,-0.003121,0.626642,-0.619579,-0.000001,1,0,-0.102984,0.518700,0.415716
52.5000,0.00210716,2.5703e-03,0.819812,0.428667,-0.010667,0.639822,-0.757850,-0.000053,1,0,0.078284,0.420165,0.498449
53.0000,0.00185966,2.4557e-03,0.757278,0.422038,-0.014634,0.647305,-0.611232,-0.000056,1,0,0.147720,0.379121,0.526840
53.5000,0.00166363,2.3660e-03,0.703140,0.421237,-0.013586,0.646705,-0.588105,-0.000002,1,0,0.062002,0.419280,0.481283
54.0000,0.00155709,2.2913e-03,0.679560,0.417609,-0.020529,0.659643,-0.549190,0.000001,1,0,0.212095,0.344132,0.556227
54.5000,0.00155891,2.2853e-03,0.682156,0.413267,-0.025789,0.669681,-0.616216,0.000015,1,0,0.369229,0.269666,0.638895
55.0000,0.00166532,2.3449e-03,0.710192,0.404404,-0.029424,0.677309,-0.744971,0.000004,1,0,0.562219,0.180551,0.742770
55.5000,0.00185148,2.4298e-03,0.761984,0.382652,-0.031549,0.683983,-0.753680,-0.000000,1,0,0.823298,0.058404,0.881702
56.0000,0.00208174,2.5581e-03,0.813790,0.376369,-0.031971,0.685627,-0.659585,-0.000000,1,0,0.965390,0.004344,0.969734
56.5000,0.00231084,2.6794e-03,0.862459,0.380710,-0.032139,0.684704,-0.657153,-0.000003,1,0,1.000012,-0.000126,0.999886
57.0000,0.00249471,2.7645e-03,0.902409,0.380663,-0.031572,0.683316,-0.663536,-0.000001,1,0,0.999031,0.000099,0.999130
57.5000,0.00259780,2.8190e-03,0.921545,0.380126,-0.029327,0.678489,-0.713466,-0.000004,1,0,0.996856,-0.000008,0.996849
58.0000,0.00260004,2.8406e-03,0.915307,0.377042,-0.028261,0.676199,-0.767506,-0.000027,1,0,0.982432,-0.000016,0.982415
58.5000,0.00250122,2.8146e-03,0.888672,0.377774,-0.026328,0.672179,-0.570814,-0.000000,1,0,0.860801,0.039279,0.900080
59.0000,0.00232131,2.7350e-03,0.848730,0.365346,-0.025129,0.671510,-0.330941,0.000000,1,0,0.695577,0.080524,0.776101
59.5000,0.00209582,2.6235e-03,0.798875,0.335691,-0.023998,0.672874,-0.350560,-0.000000,1,0,0.662854,0.055644,0.718497
60.0000,0.00186761,2.4918e-03,0.749509,0.317744,-0.021808,0.670272,-0.822759,-0.000006,1,0,0.492722,0.102496,0.595217
60.5000,0.00167742,2.3719e-03,0.707212,0.304857,-0.018581,0.664248,0.160792,-0.000000,1,0,0.211838,0.212624,0.424462
61.0000,0.00155622,2.2736e-03,0.684459,0.290994,-0.016161,0.659709,-0.621294,-0.000000,1,0,0.072104,0.264258,0.336362
61.5000,0.00151811,2.2275e-03,0.681545,0.287081,-0.013213,0.651928,-0.108513,-0.000000,1,0,-0.102316,0.347605,0.245289
62.0000,0.00156219,2.2291e-03,0.700810,0.295109,-0.013973,0.652808,-0.597047,-0.000000,1,0,-0.194386,0.404463,0.210077
62.5000,0.00166872,2.2915e-03,0.728214,0.314960,-0.016129,0.655751,-0.615342,0.000001,1,0,-0.249582,0.456123,0.206541
63.0000,0.00180883,2.3681e-03,0.763822,0.344812,-0.017811,0.656178,-0.648599,-0.000000,1,0,-0.268011,0.500191,0.232180
63.5000,0.00194504,2.4511e-03,0.793523,0.381608,-0.019409,0.655780,-0.496055,0.000000,1,0,-0.260844,0.539369,0.278525
64.0000,0.00204530,2.5031e-03,0.817120,0.426596,-0.019815,0.651837,-0.432614,0.000000,1,0,-0.097985,0.506346,0.408360
64.5000,0.00208481,2.5228e-03,0.826397,0.466063,-0.019825,0.648729,-0.437883,-0.000000,1,0,0.018181,0.496805,0.514986
65.0000,0.00205444,2.5324e-03,0.811250,0.495156,-0.020842,0.648202,-0.847829,-0.000012,1,0,0.235032,0.433367,0.668399
65.5000,0.00196275,2.5005e-03,0.784936,0.507896,-0.019620,0.644686,-0.567416,0.000003,1,0,0.452323,0.361323,0.813646
66.0000,0.00183278,2.4223e-03,0.756630,0.503302,-0.020805,0.646524,-0.376702,-0.000000,1,0,0.670816,0.276996,0.947811
66.5000,0.00169413,2.3209e-03,0.729954,0.462255,-0.020275,0.647749,-0.746199,-0.000001,1,0,0.834030,0.165988,1.000018
67.0000,0.00157697,2.2423e-03,0.703292,0.413683,-0.021192,0.652835,-0.717325,-0.000003,1,0,0.926261,0.068599,0.994859
67.5000,0.00150456,2.1989e-03,0.684227,0.401255,-0.021842,0.655169,-0.620414,0.000000,1,0,0.955030,0.042298,0.997328
68.0000,0.00148872,2.1796e-03,0.683022,0.398584,-0.020904,0.653783,-0.471626,-0.000000,1,0,0.883381,0.060530,0.943911
68.5000,0.00152802,2.1951e-03,0.696091,0.379987,-0.020130,0.653514,-0.767638,-0.000002,1,0,0.926362,0.021536,0.947898
69.0000,0.00160872,2.2544e-03,0.713601,0.374668,-0.020869,0.655447,-0.601632,-0.000000,1,0,0.853028,0.038085,0.891114
69.5000,0.00170815,2.3374e-03,0.730800,0.357700,-0.021371,0.658238,-0.663857,0.000005,1,0,0.802082,0.033196,0.835277
70.0000,0.00179956,2.4152e-03,0.745085,0.345016,-0.021729,0.660500,-0.539793,0.000022,1,0,0.699987,0.054013,0.754000
70.5000,0.00185856,2.4582e-03,0.756076,0.342030,-0.020781,0.659065,-0.560759,0.000003,1,0,0.470643,0.141264,0.611907
71.0000,0.00186943,2.4523e-03,0.762314,0.334685,-0.020639,0.659867,-0.758628,-0.000001,1,0,0.275063,0.217956,0.493019
71.5000,0.00182962,2.4240e-03,0.754782,0.328049,-0.020985,0.661635,-0.615505,-0.000000,1,0,0.122980,0.281338,0.404318
72.0000,0.00175058,2.3727e-03,0.737801,0.326844,-0.021239,0.662448,-0.635262,-0.000001,1,0,-0.005113,0.342621,0.337507
72.5000,0.00165276,2.2943e-03,0.720367,0.331978,-0.020229,0.659202,-0.768736,-0.000000,1,0,-0.126136,0.409993,0.283856
73.0000,0.00156299,2.2161e-03,0.705281,0.344699,-0.020639,0.658434,-0.574456,-0.000002,1,0,-0.156952,0.440400,0.283448
73.5000,0.00150247,2.1910e-03,0.685748,0.364866,-0.020167,0.654507,-0.666851,-0.000001,1,0,-0.109270,0.438635,0.329365
74.0000,0.00148703,2.1798e-03,0.682180,0.388394,-0.020566,0.652331,-0.600852,0.000005,1,0,0.089050,0.366886,0.455936
74.5000,0.00151845,2.2223e-03,0.683265,0.413446,-0.020809,0.650610,-0.586234,-0.000001,1,0,0.100129,0.391948,0.492077
75.0000,0.00158984,2.2918e-03,0.693721,0.437628,-0.021019,0.649055,-0.782868,-0.000004,1,0,0.154904,0.396179,0.551084
75.5000,0.00168343,2.3640e-03,0.712125,0.456626,-0.021143,0.647808,-0.459934,0.000001,1,0,0.267461,0.369481,0.636942
76.0000,0.00177486,2.4471e-03,0.725304,0.467828,-0.021201,0.647087,-0.699406,-0.000002,1,0,0.401687,0.327426,0.729113
76.5000,0.00184139,2.5062e-03,0.734744,0.465274,-0.020475,0.645935,-0.613365,0.000040,1,0,0.590716,0.251410,0.842127
77.0000,0.00168434,2.3334e-03,0.721830,0.468914,-0.020531,0.646036,-0.577392,0.000000,1,0,0.625112,0.244060,0.869172
77.5000,0.00163884,2.2382e-03,0.732224,0.472581,-0.020071,0.645438,-0.609554,0.000000,1,0,0.596190,0.259294,0.855484
78.0000,0.00161857,2.2372e-03,0.723462,0.448689,-0.020229,0.647216,-0.743596,-0.000014,1,0,0.742623,0.175855,0.918478
78.5000,0.00158991,2.2541e-03,0.705342,0.431633,-0.020381,0.648910,-0.428001,0.000008,1,0,0.763279,0.145301,0.908580
79.0000,0.00156149,2.2607e-03,0.690712,0.401550,-0.020573,0.651706,-0.562320,0.000001,1,0,0.861538,0.072241,0.933779
79.5000,0.00154161,2.2711e-03,0.678789,0.388891,-0.020340,0.652630,-0.694363,-0.000003,1,0,0.807708,0.072902,0.880610
80.0000,0.00153730,2.2780e-03,0.674840,0.368543,-0.020537,0.655047,-0.566919,0.000005,1,0,0.812493,0.044474,0.856966
80.5000,0.00155166,2.2844e-03,0.679234,0.353875,-0.020683,0.656965,-0.774519,-0.000002,1,0,0.774519,0.038805,0.813324
81.0000,0.00158537,2.3090e-03,0.686604,0.348113,-0.020783,0.658008,-0.681644,-0.000001,1,0,0.636959,0.082708,0.719666
81.5000,0.00163393,2.3384e-03,0.698730,0.343294,-0.020604,0.658374,-0.626674,-0.000000,1,0,0.478116,0.140673,0.618789
82.0000,0.00168996,2.3591e-03,0.716347,0.333262,-0.020696,0.659747,-0.751539,-0.000001,1,0,0.429355,0.149313,0.578668
82.5000,0.00174535,2.4034e-03,0.726208,0.327730,-0.020756,0.660403,-0.727947,-0.000001,1,0,0.415673,0.148417,0.564091
83.0000,0.00179368,2.4360e-03,0.736310,0.332816,-0.020245,0.658478,-0.701498,-0.000003,1,0,0.334088,0.189538,0.523626
83.5000,0.00183205,2.4382e-03,0.751387,0.342966,-0.020414,0.657388,-0.615663,0.000007,1,0,0.283357,0.223483,0.506840
84.0000,0.00185750,2.4299e-03,0.764445,0.359088,-0.020544,0.655625,-0.707353,-0.000004,1,0,0.219373,0.271020,0.490393
84.5000,0.00187178,2.4173e-03,0.774331,0.373377,-0.020645,0.653783,-0.540331,0.000001,1,0,0.306741,0.248343,0.555084
85.0000,0.00187498,2.4218e-03,0.774211,0.397621,-0.020709,0.651489,-0.799459,-0.000006,1,0,0.220215,0.316341,0.536556
85.5000,0.00186662,2.4433e-03,0.763990,0.420883,-0.020726,0.649407,-0.634403,-0.000003,1,0,0.176376,0.365008,0.541384
86.0000,0.00184933,2.4820e-03,0.745084,0.442237,-0.020712,0.647626,-0.804852,-0.000003,1,0,0.159643,0.399479,0.559122
86.5000,0.00182687,2.5158e-03,0.726147,0.459205,-0.020716,0.646203,-0.832451,-0.000004,1,0,0.221692,0.392746,0.614438
87.0000,0.00180419,2.5248e-03,0.714594,0.472765,-0.018266,0.640874,-0.647975,-0.000003,1,0,0.276527,0.386111,0.662639
87.5000,0.00178657,2.5252e-03,0.707494,0.476949,-0.018958,0.641529,-0.697977,-0.000005,1,0,0.394208,0.342053,0.736262
88.0000,0.00177867,2.5197e-03,0.705902,0.483873,-0.016924,0.637352,-0.581377,-0.000003,1,0,0.380538,0.356745,0.737283
88.5000,0.00178359,2.5059e-03,0.711756,0.473354,-0.018120,0.639668,-0.757382,-0.000003,1,0,0.510708,0.291171,0.801879
89.0000,0.00180258,2.4700e-03,0.729797,0.467769,-0.018530,0.640413,-0.605603,0.000001,1,0,0.510475,0.283543,0.794018
89.5000,0.00183437,2.4407e-03,0.751581,0.460153,-0.019582,0.642833,-0.635583,-0.000010,1,0,0.477093,0.286130,0.763223
90.0000,0.00187474,2.4514e-03,0.764764,0.443939,-0.020408,0.645435,-0.450571,-0.000002,1,0,0.501830,0.255179,0.757009
90.5000,0.00191657,2.4849e-03,0.771289,0.430719,-0.021039,0.647777,-0.602469,-0.000001,1,0,0.457289,0.255666,0.712956
91.0000,0.00195125,2.5029e-03,0.779610,0.416576,-0.021265,0.649621,-0.636975,-0.000004,1,0,0.400914,0.260772,0.661686
91.5000,0.00197094,2.5123e-03,0.784527,0.390253,-0.021607,0.652630,-0.621196,-0.000005,1,0,0.515015,0.181573,0.696587
92.0000,0.00197124,2.5265e-03,0.780222,0.378734,-0.020431,0.651618,-0.609775,-0.000011,1,0,0.447759,0.194628,0.642387
92.5000,0.00195271,2.5328e-03,0.770983,0.362725,-0.020861,0.654237,-0.573168,0.000012,1,0,0.479717,0.161991,0.641708
93.0000,0.00192104,2.5601e-03,0.750375,0.346353,-0.021091,0.656575,-0.810019,-0.000051,1,0,0.564656,0.107693,0.672349
93.5000,0.00188593,2.5804e-03,0.730872,0.339588,-0.021298,0.657879,-0.588594,0.000004,1,0,0.583982,0.091753,0.675735
94.0000,0.00185863,2.5692e-03,0.723415,0.338633,-0.020120,0.655026,-0.617996,-0.000000,1,0,0.592708,0.087105,0.679814
94.5000,0.00184919,2.5583e-03,0.722816,0.344318,-0.019275,0.652402,-0.786888,0.000004,1,0,0.568615,0.103517,0.672132
95.0000,0.00186382,2.5690e-03,0.725503,0.353067,-0.019898,0.652656,-0.539732,0.000003,1,0,0.545580,0.123244,0.668825
95.5000,0.00190275,2.5820e-03,0.736930,0.367533,-0.020382,0.652029,-0.417133,-0.000004,1,0,0.481168,0.166811,0.647979
96.0000,0.00195925,2.5916e-03,0.756011,0.379389,-0.020770,0.651396,-0.687217,-0.000002,1,0,0.475594,0.183456,0.659050
96.5000,0.00202079,2.6039e-03,0.776064,0.388430,-0.021046,0.650751,-0.589122,0.000064,1,0,0.522360,0.175751,0.698110
97.0000,0.00207210,2.6002e-03,0.796910,0.401561,-0.020932,0.649097,-0.710772,0.000000,1,0,0.515181,0.194999,0.710180
97.5000,0.00209911,2.6100e-03,0.804255,0.423461,-0.019868,0.645034,-0.613428,0.000002,1,0,0.380925,0.277053,0.657978
98.0000,0.00209284,2.6126e-03,0.801058,0.438569,-0.020295,0.644642,-0.446193,0.000001,1,0,0.295393,0.332566,0.627959
98.5000,0.00205178,2.6052e-03,0.787567,0.451082,-0.020626,0.644390,-0.625500,-0.000002,1,0,0.195596,0.392850,0.588446
99.0000,0.00198212,2.5879e-03,0.765911,0.459627,-0.020843,0.644306,-0.216039,0.000002,1,0,0.097708,0.449463,0.547170
99.5000,0.00189704,2.5454e-03,0.745281,0.463634,-0.021008,0.644335,-0.740463,-0.000007,1,0,0.085287,0.460636,0.545923
100.0000,0.00181076,2.4835e-03,0.729110,0.461716,-0.021105,0.644397,-0.590980,-0.000004,1,0,0.226240,0.392824,0.619064
100.5000,0.00174117,2.4320e-03,0.715943,0.457154,-0.021134,0.644714,-0.682138,-0.000000,1,0,0.309856,0.350320,0.660176
101.0000,0.00170059,2.4111e-03,0.705316,0.452856,-0.021125,0.645118,-0.565723,0.000001,1,0,0.330102,0.336166,0.666268
101.5000,0.00169512,2.4285e-03,0.697998,0.443597,-0.021082,0.645759,-0.779327,0.000001,1,0,0.402649,0.294028,0.696677
102.0000,0.00172288,2.4491e-03,0.703476,0.440017,-0.020291,0.644931,-0.643003,-0.000002,1,0,0.352813,0.310188,0.663001
102.5000,0.00177446,2.4796e-03,0.715608,0.425762,-0.020400,0.646266,-0.378172,-0.000001,1,0,0.430379,0.259939,0.690318
103.0000,0.00183567,2.5020e-03,0.733688,0.413422,-0.020485,0.647567,-0.525218,0.000022,1,0,0.459134,0.232679,0.691813
103.5000,0.00189152,2.5084e-03,0.754078,0.403357,-0.020490,0.648610,-0.645846,0.000091,1,0,0.464660,0.217822,0.682482
104.0000,0.00193032,2.5117e-03,0.768517,0.398295,-0.020544,0.649402,-0.572423,0.000001,1,0,0.416584,0.231257,0.647841
104.5000,0.00194624,2.5212e-03,0.771948,0.385831,-0.020597,0.650715,-0.647510,-0.000000,1,0,0.481088,0.189332,0.670420
105.0000,0.00193983,2.5320e-03,0.766140,0.380831,-0.020255,0.650679,-0.648203,0.000008,1,0,0.462373,0.190733,0.653106
105.5000,0.00191669,2.5340e-03,0.756389,0.377969,-0.020379,0.651339,-0.518939,0.000002,1,0,0.439984,0.196426,0.636410
106.0000,0.00188466,2.5217e-03,0.747384,0.369400,-0.020483,0.652378,-0.711243,-0.000000,1,0,0.519016,0.153628,0.672644
106.5000,0.00185115,2.4959e-03,0.741690,0.368990,-0.020562,0.652619,-0.519523,0.000004,1,0,0.519595,0.152868,0.672464
107.0000,0.00182088,2.4626e-03,0.739414,0.376186,-0.020600,0.652060,-0.518247,0.000004,1,0,0.446821,0.191335,0.638156
107.5000,0.00179525,2.4607e-03,0.729571,0.378733,-0.020643,0.651841,-0.645481,-0.000005,1,0,0.464498,0.187148,0.651646
108.0000,0.00177295,2.4722e-03,0.717163,0.389439,-0.020662,0.650899,-0.572044,0.000045,1,0,0.395755,0.228841,0.624595
108.5000,0.00175144,2.4588e-03,0.712319,0.397091,-0.020668,0.650152,-0.655372,-0.000003,1,0,0.399420,0.236695,0.636115
109.0000,0.00172900,2.4533e-03,0.704760,0.404022,-0.020661,0.649436,-0.588382,0.000005,1,0,0.427268,0.233680,0.660948
109.5000,0.00170646,2.4289e-03,0.702568,0.411642,-0.020652,0.648711,-0.510546,-0.000000,1,0,0.437427,0.239007,0.676434
110.0000,0.00168758,2.3957e-03,0.704431,0.414199,-0.020558,0.648216,-0.695621,-0.000001,1,0,0.494567,0.219218,0.713785
110.5000,0.00167813,2.3644e-03,0.709740,0.417017,-0.020561,0.647924,-0.507226,0.000012,1,0,0.526034,0.210453,0.736487
111.0000,0.00168400,2.3492e-03,0.716837,0.428429,-0.020552,0.647086,-0.600353,0.000001,1,0,0.445165,0.257036,0.702201
111.5000,0.00170875,2.3688e-03,0.721346,0.429022,-0.020551,0.646981,-0.654030,-0.000010,1,0,0.475337,0.245758,0.721095
112.0000,0.00175154,2.4058e-03,0.728047,0.423520,-0.020546,0.647310,-0.718269,-0.000002,1,0,0.541836,0.212803,0.754638
112.5000,0.00180602,2.4282e-03,0.743767,0.416053,-0.020388,0.647564,-0.731157,-0.000003,1,0,0.589197,0.185233,0.774430
113.0000,0.00186087,2.4485e-03,0.760015,0.413939,-0.019711,0.646171,-0.383201,0.000001,1,0,0.554448,0.195675,0.750122
113.5000,0.00190183,2.4916e-03,0.763293,0.404097,-0.019579,0.646673,-0.678839,-0.000002,1,0,0.587738,0.170399,0.758137
114.0000,0.00191536,2.5315e-03,0.756624,0.382010,-0.019903,0.649083,-0.695913,-0.000002,1,0,0.729255,0.090128,0.819382
114.5000,0.00189230,2.5468e-03,0.743010,0.365278,-0.020184,0.651172,-0.433184,0.000040,1,0,0.817904,0.037481,0.855384
115.0000,0.00183265,2.5211e-03,0.726916,0.380736,-0.020409,0.650134,-0.581457,-0.000001,1,0,0.620040,0.128920,0.748960
115.5000,0.00174549,2.4707e-03,0.706473,0.374097,-0.020584,0.650976,-0.752538,-0.000005,1,0,0.639657,0.113524,0.753181
116.0000,0.00164803,2.4045e-03,0.685394,0.371439,-0.020710,0.651323,-0.687021,0.000153,1,0,0.635274,0.112279,0.747552
116.5000,0.00156134,2.3197e-03,0.673085,0.379588,-0.020797,0.650558,-0.578745,-0.000006,1,0,0.532002,0.162807,0.694809
117.0000,0.00150490,2.2444e-03,0.670506,0.387832,-0.020333,0.648705,-0.678856,-0.000007,1,0,0.442568,0.209266,0.651834
117.5000,0.00149162,2.1951e-03,0.679513,0.392849,-0.020486,0.648334,-0.721221,-0.000002,1,0,0.405966,0.230505,0.636471
118.0000,0.00152480,2.2031e-03,0.692107,0.402708,-0.020597,0.647582,-0.438953,0.000004,1,0,0.287918,0.292910,0.580828
118.5000,0.00159771,2.2570e-03,0.707885,0.410741,-0.020632,0.646798,-0.566056,0.000003,1,0,0.234343,0.326113,0.560457
119.0000,0.00169539,2.3191e-03,0.731061,0.417236,-0.020696,0.646143,-0.340913,0.000007,1,0,0.247203,0.327866,0.575069
119.5000,0.00179806,2.3913e-03,0.751928,0.429600,-0.020008,0.644034,-0.587367,0.000001,1,0,0.079402,0.420922,0.500324
120.0000,0.00188570,2.4605e-03,0.766392,0.437674,-0.020209,0.643801,-0.563389,0.000001,1,0,0.006186,0.466885,0.473070
120.5000,0.00194203,2.5216e-03,0.770159,0.444464,-0.020380,0.643580,-0.737954,-0.000002,1,0,-0.007214,0.482348,0.475134
121.0000,0.00195761,2.5524e-03,0.766965,0.450592,-0.020512,0.643298,-0.667619,-0.000001,1,0,0.039301,0.467401,0.506702
121.5000,0.00193148,2.5410e-03,0.760119,0.453859,-0.020538,0.643021,-0.706433,-0.000001,1,0,0.138574,0.424393,0.562967
122.0000,0.00187073,2.5052e-03,0.746728,0.450608,-0.020024,0.641891,-0.540082,0.000037,1,0,0.296924,0.349160,0.646084
122.5000,0.00178871,2.4477e-03,0.730774,0.447686,-0.019850,0.641857,-0.620284,-0.000002,1,0,0.364899,0.316424,0.681322
123.0000,0.00170177,2.3773e-03,0.715850,0.428395,-0.020152,0.643693,-0.594837,-0.000002,1,0,0.580300,0.205947,0.786246
123.5000,0.00162544,2.3122e-03,0.702970,0.413204,-0.020369,0.645372,-0.535215,0.000007,1,0,0.676936,0.150268,0.827204
124.0000,0.00157126,2.2551e-03,0.696747,0.399496,-0.020571,0.647045,-0.693721,-0.000001,1,0,0.727283,0.113945,0.841228
124.5000,0.00154472,2.2112e-03,0.698578,0.376530,-0.020720,0.649583,-0.680780,-0.000001,1,0,0.834133,0.046697,0.880829
125.0000,0.00154478,2.1885e-03,0.705874,0.366162,-0.020815,0.650954,-0.606932,0.000001,1,0,0.823513,0.036492,0.860005
125.5000,0.00156510,2.2116e-03,0.707675,0.353442,-0.020872,0.652482,-0.546885,0.000002,1,0,0.845493,0.012422,0.857915
126.0000,0.00159630,2.2463e-03,0.710618,0.355625,-0.020890,0.652344,-0.548475,0.000013,1,0,0.702883,0.066195,0.769077
126.5000,0.00162869,2.2794e-03,0.714525,0.351437,-0.020882,0.652839,-0.633414,-0.000000,1,0,0.607294,0.097474,0.704768
127.0000,0.00165462,2.3122e-03,0.715615,0.352624,-0.020856,0.652671,-0.667347,0.000047,1,0,0.469048,0.154725,0.623773
127.5000,0.00166989,2.3253e-03,0.718151,0.357366,-0.020814,0.652100,-0.596824,0.000001,1,0,0.292518,0.236474,0.528991
128.0000,0.00167414,2.3175e-03,0.722404,0.359475,-0.020766,0.651639,-0.639876,0.000000,1,0,0.252185,0.256932,0.509117
128.5000,0.00167011,2.3196e-03,0.719997,0.369430,-0.020020,0.648624,-0.560772,0.000000,1,0,0.139329,0.320622,0.459951
129.0000,0.00166189,2.3018e-03,0.721983,0.382051,-0.020169,0.647520,-0.636935,0.000001,1,0,0.103148,0.352371,0.455519
129.5000,0.00165340,2.2787e-03,0.725602,0.397176,-0.020299,0.646153,-0.674176,-0.000002,1,0,0.119187,0.362475,0.481661
130.0000,0.00164621,2.2673e-03,0.726079,0.414206,-0.020343,0.644546,-0.687952,-0.000004,1,0,0.162074,0.362851,0.524924
130.5000,0.00164033,2.2620e-03,0.725158,0.430070,-0.020446,0.643211,-0.743324,-0.000008,1,0,0.256885,0.339410,0.596295
131.0000,0.00163306,2.2526e-03,0.724968,0.445431,-0.020520,0.642052,-0.552466,0.000017,1,0,0.305025,0.337955,0.642981
131.5000,0.00162096,2.2524e-03,0.719660,0.465624,-0.019901,0.639767,-0.558443,-0.000001,1,0,0.188314,0.415907,0.604221
132.0000,0.00160126,2.2508e-03,0.711427,0.471927,-0.020132,0.639612,-0.530893,-0.000002,1,0,0.299699,0.374956,0.674655
132.5000,0.00157332,2.2365e-03,0.703468,0.471551,-0.017952,0.635443,-0.776656,-0.000004,1,0,0.404486,0.330766,0.735252
133.0000,0.00153953,2.2196e-03,0.693610,0.457224,-0.018751,0.637521,-0.799197,-0.000001,1,0,0.581740,0.243257,0.824997
133.5000,0.00150498,2.1903e-03,0.687123,0.437066,-0.019452,0.640060,-0.609245,0.000000,1,0,0.719205,0.167389,0.886594
134.0000,0.00147657,2.1561e-03,0.684825,0.418833,-0.020040,0.642567,-0.601646,0.000000,1,0,0.775612,0.123576,0.899188
134.5000,0.00146126,2.1368e-03,0.683846,0.394785,-0.020506,0.645582,-0.623999,-0.000001,1,0,0.832109,0.072341,0.904450
135.0000,0.00146392,2.1511e-03,0.680542,0.366382,-0.020862,0.649184,-0.703771,-0.000018,1,0,0.900527,0.011667,0.912194
135.5000,0.00148557,2.1614e-03,0.687333,0.356530,-0.021108,0.650720,-0.710153,-0.000001,1,0,0.892345,0.001162,0.893507
136.0000,0.00152260,2.1817e-03,0.697902,0.350114,-0.021247,0.651799,-0.663220,-0.000003,1,0,0.787636,0.028723,0.816359
136.5000,0.00156722,2.2095e-03,0.709297,0.335928,-0.021313,0.653764,-0.718117,-0.000011,1,0,0.713970,0.037659,0.751629
137.0000,0.00160904,2.2329e-03,0.720607,0.323352,-0.021319,0.655492,-0.631871,-0.000002,1,0,0.637797,0.051397,0.689194
137.5000,0.00163788,2.2586e-03,0.725192,0.311366,-0.021275,0.657044,-0.578222,-0.000002,1,0,0.612026,0.047057,0.659084
138.0000,0.00164634,2.2549e-03,0.730105,0.307034,-0.021197,0.657426,-0.636876,-0.000007,1,0,0.521668,0.078739,0.600407
138.5000,0.00163177,2.2389e-03,0.728814,0.307681,-0.021095,0.656882,-0.595092,-0.000003,1,0,0.455177,0.107414,0.562591
139.0000,0.00159700,2.2202e-03,0.719304,0.319766,-0.020986,0.654636,-0.641413,-0.000003,1,0,0.299394,0.189563,0.488957
139.5000,0.00154987,2.2062e-03,0.702491,0.336316,-0.020877,0.651879,-0.472216,-0.000004,1,0,0.178971,0.263619,0.442590
140.0000,0.00150142,2.2042e-03,0.681167,0.357662,-0.020773,0.648731,-0.665712,-0.000005,1,0,0.116703,0.317398,0.434101
140.5000,0.00146309,2.1788e-03,0.671508,0.382770,-0.020681,0.645483,-0.729972,-0.000009,1,0,0.113787,0.347940,0.461727
141.0000,0.00144370,2.1557e-03,0.669714,0.410894,-0.020602,0.642374,-0.805814,-0.000007,1,0,0.117598,0.379712,0.497309
141.5000,0.00144718,2.1611e-03,0.669653,0.440024,-0.020537,0.639703,-0.510994,-0.000003,1,0,0.066491,0.440162,0.506653
142.0000,0.00147165,2.1820e-03,0.674448,0.467107,-0.020480,0.637656,-0.665116,-0.000001,1,0,-0.044317,0.529720,0.485403
142.5000,0.00150987,2.2092e-03,0.683444,0.489940,-0.020395,0.635941,-0.689149,-0.000001,1,0,-0.026715,0.550662,0.523947
143.0000,0.00155140,2.2365e-03,0.693660,0.507686,-0.020385,0.634834,-0.573875,-0.000001,1,0,0.000477,0.560800,0.561277
143.5000,0.00158581,2.2675e-03,0.699360,0.518778,-0.020388,0.634111,-0.645174,-0.000004,1,0,0.118391,0.518745,0.637135
144.0000,0.00160354,2.2815e-03,0.702847,0.523815,-0.020396,0.633907,-0.503502,-0.000037,1,0,0.164064,0.504455,0.668519
144.5000,0.00160183,2.2806e-03,0.702377,0.517255,-0.020400,0.634274,-0.744224,-0.000003,1,0,0.290747,0.439430,0.730177
145.0000,0.00158184,2.2690e-03,0.697154,0.492653,-0.020423,0.635671,-0.627531,-0.000001,1,0,0.515429,0.315887,0.831316
145.5000,0.00154980,2.2433e-03,0.690869,0.467338,-0.020436,0.637429,-0.608455,-0.000001,1,0,0.620944,0.242802,0.863746
146.0000,0.00151490,2.2113e-03,0.685081,0.433108,-0.020357,0.639910,-0.546338,-0.000013,1,0,0.731571,0.157891,0.889463
146.5000,0.00148679,2.1850e-03,0.680442,0.393092,-0.020404,0.643592,-0.554415,-0.000002,1,0,0.833611,0.069595,0.903206
147.0000,0.00147293,2.1917e-03,0.672065,0.363941,-0.020447,0.646748,-0.450750,-0.000010,1,0,0.894345,0.010161,0.904505
147.5000,0.00147680,2.2201e-03,0.665182,0.351154,-0.020485,0.648344,-0.755391,-0.000003,1,0,0.873684,0.000100,0.873784
148.0000,0.00149726,2.2493e-03,0.665650,0.345549,-0.020515,0.649028,-0.639147,-0.000022,1,0,0.844962,0.002716,0.847678
148.5000,0.00152920,2.2736e-03,0.672581,0.342328,-0.020538,0.649305,-0.730225,-0.000053,1,0,0.841073,0.000027,0.841099
149.0000,0.00156513,2.3004e-03,0.680371,0.344371,-0.020354,0.648608,-0.511853,-0.000002,1,0,0.715845,0.047539,0.763385
149.5000,0.00159756,2.3277e-03,0.686331,0.337585,-0.020415,0.649680,-0.527880,0.000001,1,0,0.565028,0.097314,0.662342
150.0000,0.00162072,2.3476e-03,0.690387,0.328434,-0.020441,0.650969,-0.639233,-0.000005,1,0,0.471488,0.124766,0.596254
150.5000,0.00163192,2.3798e-03,0.685736,0.327141,-0.020492,0.651283,-0.359437,-0.000009,1,0,0.343472,0.178443,0.521915
151.0000,0.00163197,2.3931e-03,0.681955,0.329361,-0.020535,0.651002,-0.714413,-0.000005,1,0,0.279558,0.209526,0.489084
151.5000,0.00162449,2.3970e-03,0.677713,0.338744,-0.020563,0.649694,-0.626030,-0.000001,1,0,0.235666,0.240151,0.475817
152.0000,0.00161452,2.3821e-03,0.677776,0.357180,-0.020583,0.647387,-0.428997,-0.000001,1,0,0.150010,0.301097,0.451107
152.5000,0.00160681,2.3572e-03,0.681650,0.380398,-0.020426,0.644515,-0.555870,0.000091,1,0,0.028913,0.386512,0.415425
153.0000,0.00160379,2.3216e-03,0.690812,0.404920,-0.020461,0.642231,-0.685919,-0.000003,1,0,-0.066458,0.463678,0.397220
153.5000,0.00160614,2.3050e-03,0.696805,0.431624,-0.020489,0.639925,-0.676298,-0.000005,1,0,-0.055407,0.490717,0.435310
154.0000,0.00161182,2.3021e-03,0.700144,0.458167,-0.020202,0.637325,-0.732508,-0.000009,1,0,0.023078,0.484698,0.507775
154.5000,0.00161750,2.3007e-03,0.703055,0.479588,-0.020319,0.635999,-0.563839,-0.000001,1,0,0.124131,0.463757,0.587888
155.0000,0.00161988,2.3035e-03,0.703235,0.493208,-0.020417,0.635253,-0.592373,-0.000003,1,0,0.246306,0.426325,0.672631
155.5000,0.00161696,2.3327e-03,0.693177,0.487244,-0.020497,0.635591,-0.590790,-0.000001,1,0,0.507232,0.311916,0.819148
156.0000,0.00160897,2.3275e-03,0.691297,0.468546,-0.020556,0.636855,-0.775496,-0.000002,1,0,0.712829,0.213031,0.925860
156.5000,0.00159882,2.3347e-03,0.684800,0.438546,-0.020601,0.639132,-0.542696,0.000013,1,0,0.855110,0.125028,0.980138
157.0000,0.00159155,2.3376e-03,0.680835,0.417235,-0.020630,0.641006,-0.517425,0.000001,1,0,0.901913,0.080671,0.982584
157.5000,0.00159291,2.3645e-03,0.673689,0.414822,-0.020547,0.641245,-0.797834,-0.000003,1,0,0.779568,0.116288,0.895856
158.0000,0.00160714,2.4028e-03,0.668874,0.397921,-0.020572,0.642938,-0.613097,-0.000000,1,0,0.719630,0.114368,0.833997
158.5000,0.00163515,2.4286e-03,0.673298,0.369932,-0.020322,0.645310,-0.729505,-0.000006,1,0,0.733537,0.073155,0.806692
159.0000,0.00167380,2.4340e-03,0.687681,0.346549,-0.020411,0.648255,-0.566555,-0.000001,1,0,0.700250,0.055665,0.755915
159.5000,0.00171660,2.4299e-03,0.706450,0.335606,-0.020479,0.649952,-0.325651,-0.000014,1,0,0.530271,0.108721,0.638992
160.0000,0.00175541,2.4326e-03,0.721628,0.323317,-0.020536,0.651901,-0.573285,0.000001,1,0,0.372035,0.161292,0.533327
160.5000,0.00178252,2.4460e-03,0.728743,0.312246,-0.020577,0.653674,-0.658057,-0.000005,1,0,0.291567,0.184480,0.476047
161.0000,0.00179247,2.4377e-03,0.735324,0.307956,-0.020206,0.653371,-0.722479,-0.000006,1,0,0.273636,0.187682,0.461318
161.5000,0.00178342,2.4177e-03,0.737655,0.311837,-0.020337,0.652975,-0.705271,-0.000008,1,0,0.282427,0.187930,0.470357
162.0000,0.00175774,2.3972e-03,0.733251,0.326200,-0.020440,0.651011,-0.710983,-0.000001,1,0,0.258603,0.215004,0.473607
162.5000,0.00172170,2.3813e-03,0.723017,0.351213,-0.020527,0.647903,-0.547050,0.000001,1,0,0.162550,0.288166,0.450716
163.0000,0.00168415,2.3815e-03,0.707182,0.379141,-0.020591,0.644746,-0.678626,-0.000004,1,0,0.161633,0.321092,0.482725
163.5000,0.00165447,2.3851e-03,0.693661,0.409202,-0.020636,0.641752,-0.583374,-0.000002,1,0,0.198705,0.339902,0.538607
164.0000,0.00164071,2.3887e-03,0.686867,0.437917,-0.020661,0.639229,-0.635498,-0.000013,1,0,0.253019,0.350977,0.603995
164.5000,0.00164512,2.4106e-03,0.682468,0.463688,-0.020339,0.636668,-0.683421,-0.000003,1,0,0.302238,0.362530,0.664768
165.0000,0.00166803,2.4327e-03,0.685669,0.477937,-0.020432,0.635702,-0.622376,-0.000001,1,0,0.434311,0.326960,0.761271
165.5000,0.00170325,2.4531e-03,0.694320,0.479611,-0.020502,0.635553,-0.754465,-0.000012,1,0,0.594132,0.269208,0.863340
166.0000,0.00174173,2.4829e-03,0.701479,0.472526,-0.020561,0.636011,-0.684189,-0.000002,1,0,0.728578,0.213389,0.941967
166.5000,0.00177374,2.4984e-03,0.709939,0.452737,-0.020601,0.637398,-0.692345,-0.000005,1,0,0.830112,0.152862,0.982974
167.0000,0.00179099,2.4970e-03,0.717261,0.445750,-0.020626,0.637979,-0.676573,0.000001,1,0,0.810298,0.149038,0.959337
167.5000,0.00178856,2.4840e-03,0.720029,0.427157,-0.020640,0.639455,-0.685692,-0.000003,1,0,0.823709,0.118840,0.942549
168.0000,0.00176614,2.4409e-03,0.723564,0.402045,-0.020643,0.641627,-0.725646,-0.000003,1,0,0.846060,0.077269,0.923329
168.5000,0.00172827,2.3789e-03,0.726497,0.386625,-0.020635,0.643128,-0.553167,0.000024,1,0,0.763030,0.084549,0.847580
169.0000,0.00168321,2.3380e-03,0.719923,0.376388,-0.020623,0.644239,-0.514052,0.000004,1,0,0.598084,0.131877,0.729960
169.5000,0.00164076,2.3234e-03,0.706203,0.363081,-0.020607,0.645758,-0.636380,0.000001,1,0,0.429755,0.183487,0.613242
170.0000,0.00160981,2.3337e-03,0.689806,0.349034,-0.019399,0.644608,-0.661044,-0.000002,1,0,0.277523,0.233351,0.510874
170.5000,0.00159592,2.3363e-03,0.683111,0.336674,-0.019720,0.646850,-0.645013,-0.000000,1,0,0.182403,0.262876,0.445279
171.0000,0.00160016,2.3478e-03,0.681550,0.331781,-0.020007,0.648186,-0.679114,0.000001,1,0,0.070261,0.310933,0.381194
171.5000,0.00161971,2.3521e-03,0.688634,0.334261,-0.020253,0.648277,-0.751920,-0.000003,1,0,0.114082,0.292398,0.406479
172.0000,0.00164652,2.3701e-03,0.694693,0.347383,-0.020453,0.646969,-0.563856,0.000002,1,0,0.085706,0.320833,0.406540
172.5000,0.00167419,2.3997e-03,0.697664,0.368677,-0.020592,0.644816,-0.519111,0.000075,1,0,-0.038882,0.406927,0.368045
173.0000,0.00169608,2.4157e-03,0.702107,0.395094,-0.020704,0.642177,-0.593576,0.000002,1,0,-0.000920,0.418667,0.417748
173.5000,0.00170775,2.4269e-03,0.703689,0.422126,-0.020779,0.639689,-0.712345,-0.000003,1,0,0.112613,0.395800,0.508413
174.0000,0.00170798,2.4221e-03,0.705154,0.444486,-0.020790,0.637723,-0.690152,-0.000002,1,0,0.275214,0.349367,0.624581
174.5000,0.00169837,2.3957e-03,0.708917,0.462291,-0.020809,0.636349,-0.746341,-0.000002,1,0,0.393060,0.322618,0.715678
175.0000,0.00168248,2.3455e-03,0.717327,0.474455,-0.020799,0.635449,-0.645372,0.000001,1,0,0.491717,0.300034,0.791751
175.5000,0.00166457,2.3157e-03,0.718827,0.472418,-0.020738,0.635423,-0.652450,-0.000002,1,0,0.647532,0.240687,0.888220
176.0000,0.00164814,2.3079e-03,0.714133,0.471210,-0.020691,0.635465,-0.745385,-0.000013,1,0,0.695531,0.222485,0.918016
176.5000,0.00163496,2.3291e-03,0.701971,0.463889,-0.020629,0.635911,-0.786475,0.000002,1,0,0.735350,0.198801,0.934152
177.0000,0.00162475,2.3507e-03,0.691162,0.446782,-0.020619,0.637160,-0.530100,0.000000,1,0,0.797762,0.154544,0.952307
177.5000,0.00161575,2.3610e-03,0.684363,0.429121,-0.020606,0.638573,-0.458664,-0.000001,1,0,0.810814,0.125682,0.936496
178.0000,0.00160584,2.3362e-03,0.687369,0.426453,-0.020580,0.638913,-0.533602,0.000002,1,0,0.645643,0.178156,0.823799
178.5000,0.00159345,2.3115e-03,0.689371,0.401700,-0.020568,0.641123,-0.664338,0.000001,1,0,0.631177,0.151234,0.782411
179.0000,0.00157854,2.2835e-03,0.691284,0.381505,-0.020552,0.643174,-0.638838,-0.000002,1,0,0.553726,0.155321,0.709046
179.5000,0.00156292,2.2495e-03,0.694773,0.361514,-0.019951,0.643843,-0.557078,0.000000,1,0,0.465051,0.166695,0.631746
180.0000,0.00154983,2.2197e-03,0.698213,0.341646,-0.020117,0.646633,-0.795103,-0.000009,1,0,0.412743,0.165127,0.577871
180.5000,0.00154300,2.2250e-03,0.693482,0.329737,-0.020223,0.648535,-0.761562,-0.000000,1,0,0.310538,0.196093,0.506631
181.0000,0.00154514,2.2384e-03,0.690280,0.318963,-0.020105,0.649736,-0.796702,-0.000008,1,0,0.333113,0.173659,0.506772
181.5000,0.00155692,2.2521e-03,0.691314,0.315610,-0.020286,0.650593,-0.715951,-0.000010,1,0,0.362154,0.156918,0.519071
182.0000,0.00157625,2.2563e-03,0.698612,0.324650,-0.020436,0.649629,-0.696735,-0.000001,1,0,0.295186,0.197122,0.492308
182.5000,0.00159854,2.2682e-03,0.704752,0.339201,-0.020555,0.647839,-0.785459,0.000000,1,0,0.281182,0.219997,0.501179
183.0000,0.00161766,2.2973e-03,0.704162,0.357710,-0.020628,0.645546,-0.637470,0.000011,1,0,0.329470,0.219832,0.549302
183.5000,0.00162751,2.3284e-03,0.698976,0.382150,-0.020690,0.642852,-0.729317,-0.000008,1,0,0.332971,0.247244,0.580214
184.0000,0.00162369,2.3349e-03,0.695411,0.411603,-0.020478,0.639565,-0.620534,0.000001,1,0,0.278609,0.306839,0.585448
184.5000,0.00160476,2.3242e-03,0.690447,0.436136,-0.020559,0.637556,-0.712392,-0.000005,1,0,0.300696,0.327783,0.628479
185.0000,0.00157276,2.3049e-03,0.682358,0.457798,-0.020491,0.635735,-0.593747,-0.000003,1,0,0.319901,0.347482,0.667383
185.5000,0.00153275,2.2660e-03,0.676403,0.472298,-0.020565,0.634768,-0.630127,-0.000001,1,0,0.380894,0.341418,0.722312
186.0000,0.00149176,2.2191e-03,0.672225,0.481894,-0.020617,0.634177,-0.661207,-0.000004,1,0,0.421203,0.338303,0.759506
186.5000,0.00145729,2.1644e-03,0.673296,0.477568,-0.020652,0.634431,-0.601418,-0.000002,1,0,0.544710,0.285086,0.829796
187.0000,0.00143556,2.1286e-03,0.674432,0.474506,-0.020667,0.634673,-0.334973,-0.000002,1,0,0.568731,0.271834,0.840565
187.5000,0.00143018,2.1086e-03,0.678262,0.460168,-0.020671,0.635671,-0.724652,-0.000000,1,0,0.629391,0.230066,0.859457
188.0000,0.00144149,2.1287e-03,0.677175,0.443248,-0.020003,0.635800,-0.667987,-0.000000,1,0,0.653785,0.198131,0.851917
188.5000,0.00146650,2.1477e-03,0.682826,0.423506,-0.020181,0.637719,-0.707127,-0.000007,1,0,0.651697,0.172289,0.823986
189.0000,0.00149998,2.1590e-03,0.694769,0.402764,-0.020332,0.639875,-0.516854,0.000000,1,0,0.627013,0.154150,0.781163
189.5000,0.00153570,2.1882e-03,0.701811,0.379520,-0.020459,0.642460,-0.482126,0.000004,1,0,0.605229,0.132849,0.738078
190.0000,0.00156776,2.2249e-03,0.704659,0.353323,-0.020557,0.645628,-0.674869,-0.000000,1,0,0.621880,0.094006,0.715886
190.5000,0.00159177,2.2634e-03,0.703257,0.339476,-0.020627,0.647606,-0.660941,0.000002,1,0,0.530428,0.113656,0.644085
191.0000,0.00160530,2.2850e-03,0.702526,0.327589,-0.020674,0.649378,-0.769344,-0.000004,1,0,0.458600,0.129509,0.588109
191.5000,0.00160784,2.2836e-03,0.704082,0.324024,-0.020691,0.649988,-0.561776,0.000001,1,0,0.342702,0.175616,0.518318
192.0000,0.00160029,2.2966e-03,0.696797,0.325851,-0.020701,0.649775,-0.734296,-0.000004,1,0,0.243188,0.222547,0.465735
192.5000,0.00158444,2.3046e-03,0.687502,0.331085,-0.020699,0.648930,-0.548653,0.000027,1,0,0.267314,0.217198,0.484512
193.0000,0.00156275,2.3230e-03,0.672722,0.346771,-0.020685,0.646742,-0.697079,-0.000002,1,0,0.242765,0.246043,0.488808
193.5000,0.00153828,2.3190e-03,0.663343,0.366160,-0.020665,0.644244,-0.678143,-0.000000,1,0,0.270590,0.255673,0.526263
194.0000,0.00151462,2.2870e-03,0.662278,0.391768,-0.020476,0.641100,-0.503220,-0.000005,1,0,0.227200,0.305536,0.532737
194.5000,0.00149564,2.2419e-03,0.667117,0.416100,-0.020464,0.638706,-0.636013,-0.000001,1,0,0.262789,0.319175,0.581964
195.0000,0.00148518,2.2003e-03,0.674991,0.431377,-0.020490,0.637266,-0.787767,-0.000009,1,0,0.417484,0.272658,0.690142
195.5000,0.00148628,2.1858e-03,0.679971,0.447856,-0.020337,0.635619,-0.745703,-0.000007,1,0,0.470695,0.273173,0.743868
196.0000,0.00150053,2.1773e-03,0.689166,0.446626,-0.020401,0.635658,-0.737336,-0.000003,1,0,0.637069,0.209694,0.846764
196.5000,0.00152744,2.1909e-03,0.697181,0.444450,-0.020454,0.635833,-0.845393,-0.000003,1,0,0.707299,0.182086,0.889384
197.0000,0.00156426,2.2097e-03,0.707904,0.447636,-0.020486,0.635629,-0.570049,0.000001,1,0,0.680937,0.195197,0.876134
197.5000,0.00160586,2.2486e-03,0.714176,0.439330,-0.020525,0.636275,-0.614436,-0.000005,1,0,0.712119,0.172955,0.885074
198.0000,0.00164539,2.2853e-03,0.719983,0.423857,-0.020552,0.637513,-0.567384,-0.000000,1,0,0.754999,0.137136,0.892135
198.5000,0.00167542,2.3296e-03,0.719195,0.410034,-0.020572,0.638713,-0.731677,-0.000007,1,0,0.743814,0.122029,0.865843
199.0000,0.00168947,2.3750e-03,0.711357,0.391966,-0.020568,0.640363,-0.684622,-0.000000,1,0,0.729413,0.102937,0.832350
199.5000,0.00168376,2.4215e-03,0.695329,0.382483,-0.020429,0.641055,-0.757088,-0.000006,1,0,0.611606,0.133814,0.745420
200.0000,0.00165872,2.4250e-03,0.684017,0.365501,-0.020474,0.642935,-0.706206,-0.000003,1,0,0.566495,0.130257,0.696753
200.5000,0.00161768,2.4088e-03,0.671561,0.355263,-0.020510,0.644187,-0.565504,0.000066,1,0,0.467525,0.158121,0.625646
201.0000,0.00157016,2.3560e-03,0.666451,0.353444,-0.020396,0.644236,-0.545028,0.000016,1,0,0.258395,0.247195,0.505590
201.5000,0.00152610,2.2787e-03,0.669710,0.350204,-0.020428,0.644752,-0.557983,0.000034,1,0,0.098265,0.318674,0.416939
202.0000,0.00149618,2.2112e-03,0.676629,0.350399,-0.020478,0.644834,-0.422242,-0.000005,1,0,0.011732,0.361380,0.373112
202.5000,0.00148809,2.1683e-03,0.686289,0.357032,-0.020521,0.643965,-0.765579,-0.000002,1,0,0.093503,0.328777,0.422280
203.0000,0.00150236,2.1650e-03,0.693931,0.372336,-0.020552,0.642212,-0.618218,-0.000000,1,0,0.084688,0.350492,0.435180
203.5000,0.00153727,2.1894e-03,0.702150,0.392535,-0.019109,0.636910,-0.615870,-0.000000,1,0,0.109125,0.362182,0.471308
204.0000,0.00158362,2.2167e-03,0.714418,0.413127,-0.018161,0.633186,-0.628745,-0.000001,1,0,0.202267,0.343088,0.545355
204.5000,0.00162945,2.2650e-03,0.719392,0.433432,-0.018511,0.632188,-0.515247,-0.000001,1,0,0.274225,0.335790,0.610015
205.0000,0.00166269,2.2962e-03,0.724105,0.447796,-0.019229,0.632304,-0.696317,-0.000001,1,0,0.391112,0.304388,0.695500
205.5000,0.00167394,2.3255e-03,0.719834,0.458566,-0.019851,0.632531,-0.580766,0.000002,1,0,0.485973,0.280806,0.766779
206.0000,0.00165915,2.3672e-03,0.700889,0.466795,-0.020349,0.632760,-0.625562,-0.000001,1,0,0.541336,0.270995,0.812330
206.5000,0.00162076,2.3868e-03,0.679064,0.464164,-0.020739,0.633546,-0.701215,-0.000013,1,0,0.635461,0.233553,0.869015
207.0000,0.00156737,2.3680e-03,0.661883,0.453843,-0.021011,0.634725,-0.274229,-0.000000,1,0,0.720484,0.190175,0.910659
207.5000,0.00151174,2.3163e-03,0.652640,0.445307,-0.020094,0.633480,-0.819384,-0.000001,1,0,0.740971,0.171471,0.912442
208.0000,0.00146743,2.2459e-03,0.653393,0.428682,-0.020462,0.635424,-0.715410,0.000000,1,0,0.782975,0.134595,0.917570
208.5000,0.00144528,2.1868e-03,0.660910,0.423520,-0.020742,0.636424,-0.501082,0.000009,1,0,0.686288,0.160206,0.846493
209.0000,0.00145066,2.1526e-03,0.673925,0.415883,-0.020882,0.637422,-0.468150,-0.000000,1,0,0.567285,0.193567,0.760852
209.5000,0.00148186,2.1539e-03,0.688001,0.401023,-0.020953,0.638987,-0.513969,0.000022,1,0,0.488584,0.205417,0.694001
210.0000,0.00153064,2.1671e-03,0.706295,0.387529,-0.021035,0.640579,-0.714647,-0.000001,1,0,0.375978,0.235468,0.611446
210.5000,0.00158427,2.2067e-03,0.717946,0.370375,-0.021040,0.642473,-0.715130,-0.000013,1,0,0.346684,0.227657,0.574342
211.0000,0.00162870,2.2411e-03,0.726733,0.356740,-0.021029,0.644049,-0.596492,0.000003,1,0,0.346615,0.211723,0.558338
211.5000,0.00165191,2.2562e-03,0.732153,0.352644,-0.021004,0.644539,-0.678694,-0.000003,1,0,0.281402,0.235953,0.517355
212.0000,0.00164688,2.2663e-03,0.726696,0.354162,-0.020952,0.644260,-0.756171,-0.000003,1,0,0.223250,0.264089,0.487339
212.5000,0.00161311,2.2657e-03,0.711987,0.360417,-0.020894,0.643342,-0.513747,-0.000002,1,0,0.224512,0.270527,0.495039
213.0000,0.00155706,2.2582e-03,0.689502,0.371925,-0.020828,0.641799,-0.595461,-0.000006,1,0,0.269937,0.263040,0.532977
213.5000,0.00149033,2.2428e-03,0.664492,0.390229,-0.020046,0.638285,-0.459708,-0.000001,1,0,0.260004,0.288987,0.548991
214.0000,0.00142686,2.2143e-03,0.644380,0.410671,-0.020165,0.636590,-0.493376,-0.000001,1,0,0.249434,0.318306,0.567740
214.5000,0.00137952,2.1792e-03,0.633050,0.431225,-0.020277,0.635046,-0.590901,0.000005,1,0,0.241240,0.347371,0.588611
215.0000,0.00135725,2.1343e-03,0.635913,0.448760,-0.019599,0.632174,-0.642886,-0.000002,1,0,0.254291,0.363916,0.618207
215.5000,0.00136304,2.1062e-03,0.647170,0.456472,-0.019896,0.632054,-0.530285,-0.000003,1,0,0.386795,0.317663,0.704458
216.0000,0.00139357,2.0932e-03,0.665750,0.456415,-0.020154,0.632442,-0.729473,-0.000012,1,0,0.519931,0.265194,0.785125
216.5000,0.00144029,2.1103e-03,0.682489,0.452384,-0.020368,0.633088,-0.511940,0.000031,1,0,0.612252,0.225726,0.837978
217.0000,0.00149165,2.1385e-03,0.697512,0.445886,-0.020532,0.633874,-0.524334,-0.000017,1,0,0.666973,0.197453,0.864426
217.5000,0.00153584,2.1635e-03,0.709897,0.428720,-0.020661,0.635459,-0.713821,-0.000002,1,0,0.767619,0.139655,0.907274
218.0000,0.00156343,2.1880e-03,0.714544,0.407545,-0.020748,0.637470,-0.629159,-0.000006,1,0,0.843976,0.085464,0.929439
218.5000,0.00156926,2.2126e-03,0.709247,0.387232,-0.020801,0.639548,-0.785940,-0.000044,1,0,0.880147,0.045995,0.926142
219.0000,0.00155345,2.2179e-03,0.700430,0.375094,-0.020813,0.640883,-0.697033,-0.000003,1,0,0.825928,0.047555,0.873483
219.5000,0.00152089,2.2181e-03,0.685685,0.363048,-0.019607,0.639526,-0.624206,0.000007,1,0,0.748460,0.059036,0.807497
220.0000,0.00147956,2.2180e-03,0.667071,0.360595,-0.019668,0.639997,-0.653010,-0.000001,1,0,0.561248,0.127034,0.688282
220.5000,0.00143837,2.2097e-03,0.650947,0.354149,-0.020017,0.641533,-0.664869,-0.000004,1,0,0.408198,0.182713,0.590911
221.0000,0.00140510,2.1935e-03,0.640564,0.348681,-0.020049,0.642291,-0.476213,0.000001,1,0,0.273404,0.235744,0.509148
221.5000,0.00138483,2.1679e-03,0.638790,0.347364,-0.020348,0.643151,-0.690007,-0.000000,1,0,0.127537,0.301913,0.429449
222.0000,0.00137938,2.1545e-03,0.640233,0.351411,-0.020583,0.643152,-0.630334,-0.000001,1,0,0.040240,0.348555,0.388795
222.5000,0.00138749,2.1519e-03,0.644785,0.362500,-0.020754,0.642187,-0.436384,-0.000000,1,0,-0.057898,0.410050,0.352152
223.0000,0.00140570,2.1588e-03,0.651142,0.379667,-0.020866,0.640495,-0.389419,-0.000000,1,0,-0.143460,0.473974,0.330514
223.5000,0.00142958,2.1928e-03,0.651932,0.402108,-0.019869,0.636011,-0.547079,-0.000000,1,0,-0.165675,0.512089,0.346413
224.0000,0.00145479,2.2140e-03,0.657102,0.428410,-0.019167,0.632177,-0.620349,0.000000,1,0,-0.143576,0.532214,0.388637
224.5000,0.00147782,2.2125e-03,0.667954,0.455131,-0.018494,0.628847,-0.691932,-0.000000,1,0,-0.071967,0.528348,0.456381
225.0000,0.00149612,2.2115e-03,0.676531,0.478713,-0.019285,0.628629,-0.680386,-0.000000,1,0,0.006100,0.519666,0.525766
225.5000,0.00150812,2.2238e-03,0.678170,0.497438,-0.019970,0.628595,-0.679777,-0.000000,1,0,0.083883,0.507244,0.591127
226.0000,0.00151310,2.2340e-03,0.677300,0.509185,-0.019508,0.626951,-0.639733,-0.000000,1,0,0.178037,0.479951,0.657988
226.5000,0.00151111,2.2502e-03,0.671547,0.511169,-0.020245,0.628003,-0.532518,0.000000,1,0,0.307392,0.426548,0.733939
227.0000,0.00150304,2.2699e-03,0.662165,0.507898,-0.020428,0.628590,-0.714505,-0.000001,1,0,0.368975,0.396628,0.765603
227.5000,0.00149055,2.2737e-03,0.655568,0.484257,-0.020177,0.629351,-0.695711,-0.000000,1,0,0.556435,0.290850,0.847285
228.0000,0.00147618,2.2776e-03,0.648141,0.462466,-0.020741,0.631892,-0.455493,-0.000002,1,0,0.618224,0.237846,0.856070
228.5000,0.00146291,2.2696e-03,0.644555,0.433446,-0.020844,0.634447,-0.450294,-0.000000,1,0,0.684629,0.174482,0.859111
229.0000,0.00145370,2.2728e-03,0.639599,0.406103,-0.019924,0.635106,-0.410939,-0.000000,1,0,0.682604,0.138319,0.820924
229.5000,0.00145075,2.2643e-03,0.640711,0.374764,-0.017473,0.632834,-0.626973,-0.000000,1,0,0.682736,0.097406,0.780142
230.0000,0.00145492,2.2631e-03,0.642876,0.367102,-0.007741,0.612094,-0.037478,-0.000000,1,0,0.369871,0.213119,0.582990
230.5000,0.00146548,2.2679e-03,0.646191,0.342684,-0.007887,0.613322,-0.210935,-0.000000,1,0,0.223131,0.250333,0.473463
231.0000,0.00148001,2.2627e-03,0.654100,0.322593,-0.002074,0.598557,-0.599320,-0.000000,1,0,-0.072420,0.371744,0.299324
231.5000,0.00149518,2.2509e-03,0.664254,0.304884,-0.002704,0.599480,-0.339459,-0.000000,1,0,-0.268535,0.455201,0.186666
