t,ged,var_int,efic,geom,busc,omega,gradE,coh,lf,warmup
0.0000,0.00018613,1.3998e-03,0.132975,0.423445,0.021495,0.000000,0.066683,-0.000125,1,1
0.5000,0.00021160,1.5059e-03,0.140514,0.416458,-0.016077,0.682165,0.569203,-0.000000,1,1
1.0000,0.00024050,1.6183e-03,0.148615,0.380803,-0.033595,0.739709,-0.206684,0.000000,1,1
1.5000,0.00026643,1.7182e-03,0.155061,0.380570,-0.049184,0.773889,-0.012532,0.000000,1,1
2.0000,0.00028384,1.7810e-03,0.159372,0.380801,-0.061810,0.819250,0.057744,-0.000000,1,1
2.5000,0.00028921,1.7929e-03,0.161312,0.380814,-0.065523,0.809090,-0.487705,0.000000,1,1
3.0000,0.00028164,1.7501e-03,0.160924,0.380761,-0.057610,0.821586,-0.108427,0.000000,1,1
3.5000,0.00026284,1.6705e-03,0.157347,0.379921,-0.046349,0.807915,0.257871,-0.000000,1,1
4.0000,0.00023670,1.5710e-03,0.150671,0.380070,-0.040217,0.799187,0.334716,-0.000000,1,1
4.5000,0.00020822,1.4662e-03,0.142014,0.380699,-0.035847,0.785987,-0.931137,0.000000,1,1
5.0000,0.00018237,1.3622e-03,0.133873,0.370267,-0.031386,0.784079,0.253915,-0.000000,1,1
5.5000,0.00016297,1.2810e-03,0.127219,0.345645,-0.021767,0.783626,0.220301,-0.000000,1,1
6.0000,0.00015210,1.2225e-03,0.124411,0.296285,-0.008577,0.766300,-0.782440,0.000000,1,1
6.5000,0.00014989,1.2131e-03,0.123554,0.237358,-0.004798,0.759946,0.864696,-0.000000,1,1
7.0000,0.00015486,1.2487e-03,0.124012,0.186082,0.000169,0.739819,0.684484,-0.000000,1,1
7.5000,0.00016086,1.2689e-03,0.126775,0.260698,-0.027796,0.787406,-0.376695,0.000000,1,1
8.0000,0.00017030,1.3403e-03,0.127066,0.310109,-0.041578,0.800052,0.580779,-0.000000,1,1
8.5000,0.00017894,1.4001e-03,0.127799,0.341450,-0.033387,0.775604,-0.354331,0.000000,1,1
9.0000,0.00018531,1.4272e-03,0.129840,0.350934,-0.017137,0.737347,0.013358,-0.000000,1,1
9.5000,0.00018878,1.4233e-03,0.132632,0.335331,-0.026009,0.747467,-0.509674,0.000000,1,1
10.0000,0.00018976,1.4034e-03,0.135213,0.346130,-0.043873,0.771398,-0.593971,0.000000,1,0
10.5000,0.00018980,1.3894e-03,0.136600,0.380785,-0.055605,0.776473,-0.505393,0.000000,1,0
11.0000,0.00019035,1.3885e-03,0.137094,0.380820,-0.062094,0.782132,-0.563964,0.000001,1,0
11.5000,0.00019264,1.3964e-03,0.137954,0.380807,-0.060809,0.773273,-0.534794,0.000000,1,0
12.0000,0.00019747,1.4154e-03,0.139510,0.406408,-0.045787,0.741534,-0.397608,-0.000000,1,0
12.5000,0.00020518,1.4500e-03,0.141506,0.439484,-0.016722,0.693747,0.997417,0.000000,1,0
13.0000,0.00021577,1.4721e-03,0.146570,0.427843,0.002808,0.665433,-0.015873,-0.000000,1,0
13.5000,0.00022899,1.4892e-03,0.153769,0.407523,0.006505,0.657560,-0.904106,-0.000000,1,0
14.0000,0.00024432,1.5111e-03,0.161685,0.366786,0.019896,0.634945,-0.134329,-0.000000,1,0
14.5000,0.00026111,1.5363e-03,0.169962,0.384304,0.026883,0.622299,-0.994856,-0.000000,1,0
15.0000,0.00027779,1.5678e-03,0.177181,0.398609,0.029100,0.624551,0.140269,-0.000000,1,0
15.5000,0.00029363,1.5831e-03,0.185481,0.391362,0.026968,0.628007,-0.184881,-0.000000,1,0
16.0000,0.00030654,1.5943e-03,0.192275,0.380755,0.028320,0.624720,0.966315,0.000000,1,0
16.5000,0.00031636,1.5929e-03,0.198610,0.380753,0.027518,0.629479,0.837636,0.000000,1,0
17.0000,0.00032310,1.5949e-03,0.202589,0.391839,0.024375,0.638310,0.958026,0.000000,1,0
17.5000,0.00032809,1.6071e-03,0.204154,0.423460,0.018620,0.649449,-0.871567,-0.000000,1,0
18.0000,0.00033448,1.6320e-03,0.204950,0.435104,0.011898,0.662909,-0.892469,-0.000000,1,0
18.5000,0.00034457,1.6701e-03,0.206319,0.436815,0.005086,0.675933,0.829125,0.000000,1,0
19.0000,0.00036229,1.7064e-03,0.212305,0.425376,-0.001766,0.688284,0.396927,0.000000,1,0
19.5000,0.00039083,1.7486e-03,0.223511,0.380810,-0.027725,0.731305,-0.754414,-0.000085,1,0
20.0000,0.00043145,1.7988e-03,0.239857,0.380819,-0.050435,0.765484,-0.732914,-0.000000,1,0
20.5000,0.00048176,1.8438e-03,0.261282,0.379478,-0.046579,0.757201,-0.891232,-0.000000,1,0
21.0000,0.00053670,1.8854e-03,0.284664,0.380762,-0.037960,0.740830,-0.773691,-0.000000,1,0
21.5000,0.00058943,1.9105e-03,0.308514,0.376251,-0.031387,0.728174,-0.910194,-0.000000,1,0
22.0000,0.00063347,1.9407e-03,0.326414,0.375504,-0.028839,0.724010,-0.776748,-0.000000,1,0
22.5000,0.00066500,1.9483e-03,0.341321,0.379289,-0.029861,0.724245,-0.289654,-0.000000,1,0
23.0000,0.00068381,1.9516e-03,0.350375,0.380808,-0.038715,0.738642,-0.619564,-0.000002,1,0
23.5000,0.00069321,1.9440e-03,0.356587,0.375878,-0.036979,0.735308,-0.570815,-0.000000,1,0
24.0000,0.00069901,1.9598e-03,0.356677,0.371888,-0.016911,0.700388,-0.537796,-0.000000,1,0
24.5000,0.00059608,1.7487e-03,0.340878,0.328889,0.000439,0.667442,-0.075758,-0.000000,1,0
25.0000,0.00056616,1.6325e-03,0.346801,0.281597,-0.013824,0.701898,-0.769831,-0.000000,1,0
25.5000,0.00059496,1.6543e-03,0.359651,0.248042,-0.026232,0.739663,-0.803959,-0.000000,1,0
26.0000,0.00063519,1.6852e-03,0.376925,0.275387,-0.033963,0.749863,-0.515225,-0.000001,1,0
26.5000,0.00042121,1.3027e-03,0.323340,0.331885,-0.038977,0.743343,-0.798525,-0.000001,1,0
27.0000,0.00046465,1.3488e-03,0.344503,0.363705,-0.032040,0.720255,-0.955417,-0.000000,1,0
27.5000,0.00051994,1.4390e-03,0.361323,0.378612,-0.024068,0.703210,-0.624491,-0.000003,1,0
28.0000,0.00058246,1.5166e-03,0.384061,0.359307,-0.031049,0.717900,-0.586694,-0.000001,1,0
28.5000,0.00064086,1.5844e-03,0.404490,0.379038,-0.035665,0.721844,-0.549739,-0.000001,1,0
29.0000,0.00069053,1.6665e-03,0.414349,0.381278,-0.035637,0.720398,-0.668686,-0.000000,1,0
29.5000,0.00073027,1.7394e-03,0.419832,0.380797,-0.036944,0.721183,-0.769733,-0.000000,1,0
30.0000,0.00075376,1.7822e-03,0.422930,0.423332,-0.022507,0.690517,0.189634,0.000000,1,0
30.5000,0.00075792,1.8076e-03,0.419303,0.433760,-0.005328,0.660015,-0.594985,-0.000001,1,0
31.0000,0.00075121,1.8359e-03,0.409181,0.411692,-0.012590,0.671593,-0.804576,-0.000133,1,0
31.5000,0.00073869,1.8499e-03,0.399316,0.393630,-0.018601,0.683206,-0.588942,-0.000002,1,0
32.0000,0.00072890,1.8449e-03,0.395081,0.377884,-0.021251,0.688382,-0.662574,-0.000000,1,0
32.5000,0.00072936,1.8377e-03,0.396890,0.361945,-0.024854,0.695881,-0.493483,-0.000002,1,0
33.0000,0.00074648,1.8427e-03,0.405110,0.357375,-0.024387,0.694906,-0.627608,-0.000002,1,0
33.5000,0.00078343,1.8868e-03,0.415219,0.348728,-0.026777,0.699830,-0.224793,-0.000000,1,0
34.0000,0.00083887,1.9677e-03,0.426330,0.343292,-0.028223,0.702644,-0.635236,-0.000002,1,0
34.5000,0.00090709,2.0376e-03,0.445167,0.351158,-0.028734,0.702221,-0.737419,-0.000000,1,0
35.0000,0.00097950,2.1094e-03,0.464353,0.383858,-0.021720,0.685239,-0.648146,-0.000000,1,0
35.5000,0.00104699,2.1765e-03,0.481046,0.400921,-0.002714,0.645813,-0.632394,-0.000000,1,0
36.0000,0.00110224,2.2258e-03,0.495218,0.415055,-0.007918,0.653727,-0.813458,-0.000041,1,0
36.5000,0.00114019,2.2554e-03,0.505528,0.429368,-0.012441,0.660481,-0.649651,-0.000003,1,0
37.0000,0.00116083,2.2737e-03,0.510547,0.440505,-0.015349,0.663134,-0.569049,-0.000002,1,0
37.5000,0.00116762,2.2655e-03,0.515385,0.454833,-0.016491,0.663609,-0.829822,-0.000050,1,0
38.0000,0.00116755,2.2660e-03,0.515241,0.454861,-0.018014,0.664712,-0.020413,-0.000000,1,0
38.5000,0.00116922,2.2726e-03,0.514490,0.475495,-0.007975,0.646743,-0.831977,-0.000001,1,0
39.0000,0.00118036,2.2689e-03,0.520245,0.469828,-0.012695,0.653354,-0.739112,-0.000008,1,0
39.5000,0.00120568,2.2832e-03,0.528072,0.448964,-0.018839,0.663609,-0.809915,-0.000010,1,0
40.0000,0.00124614,2.3361e-03,0.533433,0.426483,-0.023533,0.672897,-0.784960,-0.000023,1,0
40.5000,0.00129932,2.4018e-03,0.540985,0.417441,-0.020409,0.667120,-0.665163,-0.000000,1,0
41.0000,0.00136072,2.4605e-03,0.553036,0.434150,-0.010489,0.648088,-0.305769,-0.000000,1,0
41.5000,0.00142520,2.5148e-03,0.566714,0.416352,-0.013293,0.653955,-0.583844,-0.000001,1,0
42.0000,0.00148845,2.5667e-03,0.579918,0.396990,-0.018672,0.664845,-0.830539,-0.000028,1,0
42.5000,0.00154804,2.5984e-03,0.595766,0.381560,-0.016543,0.660744,-0.781455,-0.000022,1,0
43.0000,0.00160303,2.6238e-03,0.610966,0.359461,-0.021863,0.672843,-0.796839,-0.000017,1,0
43.5000,0.00165318,2.6420e-03,0.625722,0.351620,-0.019869,0.668882,-0.184379,-0.000000,1,0
44.0000,0.00169800,2.6765e-03,0.634400,0.354220,-0.013509,0.653365,-0.477907,-0.000000,1,0
44.5000,0.00173642,2.6940e-03,0.644549,0.352261,-0.018139,0.662940,-0.600845,-0.000000,1,0
45.0000,0.00176679,2.6959e-03,0.655365,0.364567,-0.018777,0.662934,-0.336823,-0.000000,1,0
45.5000,0.00178726,2.6882e-03,0.664856,0.377419,-0.014669,0.653402,-0.699812,-0.000001,1,0
46.0000,0.00179648,2.6882e-03,0.668276,0.390680,-0.020464,0.663428,-0.543634,-0.000000,1,0
46.5000,0.00179441,2.7021e-03,0.664068,0.400206,-0.023410,0.667297,-0.489768,-0.000006,1,0
47.0000,0.00178330,2.6892e-03,0.663144,0.416776,-0.025595,0.669398,-0.547393,-0.000003,1,0
47.5000,0.00176797,2.6798e-03,0.659739,0.424498,-0.026665,0.669785,-0.630093,-0.000015,1,0
48.0000,0.00175525,2.6754e-03,0.656062,0.418176,-0.027227,0.670488,-0.680216,-0.000002,1,0
48.5000,0.00175243,2.6821e-03,0.653384,0.430983,-0.022396,0.660518,0.342929,0.000000,1,0
49.0000,0.00176519,2.6970e-03,0.654510,0.464471,-0.005857,0.629726,-0.764063,-0.000000,1,0
49.5000,0.00179554,2.7217e-03,0.659701,0.467361,-0.005762,0.629777,-0.591849,-0.000004,1,0
50.0000,0.00184058,2.7684e-03,0.664845,0.462597,-0.009858,0.636645,-0.527406,-0.000000,1,0
50.5000,0.00189227,2.8067e-03,0.674205,0.447595,-0.016319,0.647577,-0.788029,-0.000036,1,0
51.0000,0.00193955,2.8074e-03,0.690874,0.431501,-0.021389,0.657332,-0.680040,-0.000000,1,0
51.5000,0.00197295,2.8117e-03,0.701702,0.435103,-0.012711,0.642692,0.909552,0.000000,1,0
52.0000,0.00198577,2.8004e-03,0.709112,0.420886,-0.003121,0.626826,-0.619579,-0.000000,1,0
52.5000,0.00197351,2.7863e-03,0.708284,0.411486,-0.010667,0.640619,-0.757850,-0.000051,1,0
53.0000,0.00194074,2.7722e-03,0.700082,0.402145,-0.014634,0.648609,-0.611232,-0.000022,1,0
53.5000,0.00189581,2.7469e-03,0.690159,0.397450,-0.013586,0.648174,-0.588105,-0.000001,1,0
54.0000,0.00184908,2.6951e-03,0.686082,0.395320,-0.020529,0.661718,-0.549190,0.000013,1,0
54.5000,0.00181089,2.6464e-03,0.684271,0.393987,-0.025789,0.671937,-0.616216,0.000021,1,0
55.0000,0.00178859,2.6325e-03,0.679428,0.389280,-0.029424,0.679374,-0.744971,0.000005,1,0
55.5000,0.00178346,2.6249e-03,0.679434,0.372084,-0.031549,0.685677,-0.753680,0.000000,1,0
56.0000,0.00179552,2.6466e-03,0.678436,0.373823,-0.031971,0.686045,-0.659585,-0.000000,1,0
56.5000,0.00181836,2.6708e-03,0.680829,0.380790,-0.032139,0.684691,-0.657153,-0.000002,1,0
57.0000,0.00184374,2.6944e-03,0.684299,0.380810,-0.031572,0.683293,-0.663536,0.000000,1,0
57.5000,0.00186336,2.7150e-03,0.686320,0.380755,-0.029327,0.678396,-0.713466,-0.000002,1,0
58.0000,0.00187111,2.6994e-03,0.693145,0.379262,-0.028261,0.675878,-0.767506,-0.000023,1,0
58.5000,0.00186456,2.6837e-03,0.694773,0.382276,-0.026328,0.671574,-0.570814,0.000000,1,0
59.0000,0.00184549,2.6641e-03,0.692726,0.372886,-0.025129,0.670484,-0.330941,0.000000,1,0
59.5000,0.00181885,2.6499e-03,0.686385,0.346053,-0.023998,0.671297,-0.350560,-0.000000,1,0
60.0000,0.00179089,2.6319e-03,0.680451,0.331738,-0.021808,0.668131,-0.822759,-0.000006,1,0
60.5000,0.00176678,2.6009e-03,0.679299,0.322790,-0.018581,0.661722,0.160792,-0.000000,1,0
61.0000,0.00174883,2.5682e-03,0.680946,0.308991,-0.016161,0.657282,-0.621294,-0.000000,1,0
61.5000,0.00173595,2.5421e-03,0.682881,0.303006,-0.013213,0.650095,-0.108513,-0.000000,1,0
62.0000,0.00172428,2.5349e-03,0.680209,0.307152,-0.013973,0.651404,-0.597047,0.000000,1,0
62.5000,0.00147864,2.2483e-03,0.657658,0.322168,-0.016129,0.654888,-0.615342,0.000001,1,0
63.0000,0.00149422,2.2638e-03,0.660056,0.346211,-0.017811,0.656021,-0.648599,0.000001,1,0
63.5000,0.00149830,2.2658e-03,0.661272,0.377331,-0.019409,0.656214,-0.496055,0.000000,1,0
64.0000,0.00148852,2.2562e-03,0.659753,0.417554,-0.019815,0.652598,-0.432614,0.000000,1,0
64.5000,0.00146618,2.2514e-03,0.651221,0.454802,-0.019825,0.649528,-0.437883,-0.000000,1,0
65.0000,0.00144807,2.2605e-03,0.640608,0.483832,-0.020842,0.648950,-0.847829,-0.000012,1,0
65.5000,0.00144187,2.2702e-03,0.635137,0.498948,-0.019620,0.645214,-0.567416,0.000004,1,0
66.0000,0.00145049,2.2958e-03,0.631807,0.497749,-0.020805,0.646875,-0.376702,-0.000000,1,0
66.5000,0.00147273,2.3150e-03,0.636162,0.469613,-0.020275,0.647227,-0.746199,-0.000000,1,0
67.0000,0.00150465,2.3546e-03,0.639021,0.418058,-0.021192,0.652430,-0.717325,-0.000003,1,0
67.5000,0.00153977,2.3916e-03,0.643812,0.404663,-0.021842,0.654824,-0.620414,0.000000,1,0
68.0000,0.00157022,2.4369e-03,0.644365,0.401033,-0.020904,0.653541,-0.471626,0.000000,1,0
68.5000,0.00158816,2.4699e-03,0.643016,0.380938,-0.020130,0.653414,-0.767638,-0.000001,1,0
69.0000,0.00158730,2.4727e-03,0.641926,0.375082,-0.020869,0.655400,-0.601632,-0.000000,1,0
69.5000,0.00156486,2.4408e-03,0.641126,0.357312,-0.021371,0.658286,-0.663857,0.000008,1,0
70.0000,0.00152289,2.3908e-03,0.636974,0.344162,-0.021729,0.660617,-0.539793,0.000026,1,0
70.5000,0.00146928,2.3246e-03,0.632064,0.341412,-0.020781,0.659147,-0.560759,0.000006,1,0
71.0000,0.00141689,2.2669e-03,0.625048,0.333866,-0.020639,0.659980,-0.758628,-0.000000,1,0
71.5000,0.00138074,2.2236e-03,0.620946,0.327343,-0.020985,0.661738,-0.615505,-0.000000,1,0
72.0000,0.00137421,2.2170e-03,0.619857,0.326114,-0.021239,0.662557,-0.635262,-0.000001,1,0
72.5000,0.00140314,2.2370e-03,0.627249,0.331877,-0.020229,0.659216,-0.768736,-0.000000,1,0
73.0000,0.00146758,2.3000e-03,0.638077,0.345800,-0.020639,0.658291,-0.574456,-0.000002,1,0
73.5000,0.00155683,2.3832e-03,0.653243,0.366710,-0.020167,0.654298,-0.666851,-0.000001,1,0
74.0000,0.00165769,2.4712e-03,0.670812,0.390883,-0.020566,0.652076,-0.600852,0.000005,1,0
74.5000,0.00175207,2.5419e-03,0.689274,0.416538,-0.020809,0.650327,-0.586234,-0.000001,1,0
75.0000,0.00182457,2.6008e-03,0.701534,0.441101,-0.021019,0.648768,-0.782868,-0.000004,1,0
75.5000,0.00186162,2.6309e-03,0.707601,0.460368,-0.021143,0.647522,-0.459934,0.000001,1,0
76.0000,0.00160159,2.3076e-03,0.694041,0.471589,-0.021201,0.646812,-0.699406,-0.000002,1,0
76.5000,0.00157875,2.2553e-03,0.700024,0.468964,-0.020475,0.645671,-0.613365,0.000042,1,0
77.0000,0.00153118,2.1769e-03,0.703366,0.471634,-0.020531,0.645844,-0.577392,0.000001,1,0
77.5000,0.00147347,2.1613e-03,0.681747,0.474081,-0.020071,0.645335,-0.609554,0.000000,1,0
78.0000,0.00142849,2.1717e-03,0.657779,0.449831,-0.020229,0.647129,-0.743596,-0.000013,1,0
78.5000,0.00140761,2.1959e-03,0.641013,0.431222,-0.020381,0.648944,-0.428001,0.000009,1,0
79.0000,0.00141759,2.2348e-03,0.634332,0.399658,-0.020573,0.651890,-0.562320,0.000002,1,0
79.5000,0.00145916,2.2875e-03,0.637894,0.385620,-0.020340,0.652965,-0.694363,-0.000003,1,0
80.0000,0.00152746,2.3673e-03,0.645224,0.364762,-0.020537,0.655482,-0.566919,0.000006,1,0
80.5000,0.00161166,2.4416e-03,0.660091,0.349982,-0.020683,0.657454,-0.774519,-0.000002,1,0
81.0000,0.00170019,2.4968e-03,0.680958,0.344096,-0.020783,0.658531,-0.681644,-0.000001,1,0
81.5000,0.00178020,2.5449e-03,0.699529,0.339016,-0.020604,0.658941,-0.626674,0.000000,1,0
82.0000,0.00184080,2.5717e-03,0.715790,0.329257,-0.020696,0.660313,-0.751539,-0.000001,1,0
82.5000,0.00187456,2.5650e-03,0.730832,0.324623,-0.020756,0.660856,-0.727947,-0.000001,1,0
83.0000,0.00187878,2.5152e-03,0.746965,0.331458,-0.020245,0.658664,-0.701498,-0.000002,1,0
83.5000,0.00185631,2.4508e-03,0.757438,0.342682,-0.020414,0.657425,-0.615663,0.000008,1,0
84.0000,0.00181206,2.3876e-03,0.758959,0.360533,-0.020544,0.655452,-0.707353,-0.000004,1,0
84.5000,0.00175812,2.3699e-03,0.741849,0.375267,-0.020645,0.653573,-0.540331,0.000002,1,0
85.0000,0.00170636,2.3651e-03,0.721473,0.400249,-0.020709,0.651230,-0.799459,-0.000006,1,0
85.5000,0.00166590,2.3699e-03,0.702937,0.423900,-0.020726,0.649141,-0.634403,-0.000002,1,0
86.0000,0.00164551,2.3631e-03,0.696328,0.445470,-0.020712,0.647368,-0.804852,-0.000003,1,0
86.5000,0.00164876,2.3825e-03,0.692026,0.462357,-0.020716,0.645969,-0.832451,-0.000004,1,0
87.0000,0.00167376,2.4262e-03,0.689874,0.475497,-0.018266,0.640704,-0.647975,-0.000003,1,0
87.5000,0.00171426,2.5027e-03,0.684957,0.479163,-0.018958,0.641388,-0.697977,-0.000005,1,0
88.0000,0.00176086,2.5551e-03,0.689156,0.485298,-0.016924,0.637273,-0.581377,-0.000003,1,0
88.5000,0.00180317,2.5940e-03,0.695130,0.474230,-0.018120,0.639614,-0.757382,-0.000003,1,0
89.0000,0.00183213,2.6058e-03,0.703101,0.467725,-0.018530,0.640416,-0.605603,0.000002,1,0
89.5000,0.00184241,2.5834e-03,0.713179,0.459304,-0.019582,0.642894,-0.635583,-0.000010,1,0
90.0000,0.00183369,2.5398e-03,0.721990,0.442482,-0.020408,0.645550,-0.450571,-0.000002,1,0
90.5000,0.00181065,2.4731e-03,0.732126,0.428095,-0.021039,0.648004,-0.602469,-0.000001,1,0
91.0000,0.00178130,2.4241e-03,0.734817,0.413347,-0.021265,0.649923,-0.636975,-0.000003,1,0
91.5000,0.00175451,2.3957e-03,0.732358,0.387057,-0.021607,0.652975,-0.621196,-0.000005,1,0
92.0000,0.00173753,2.3712e-03,0.732749,0.375316,-0.020431,0.651989,-0.609775,-0.000010,1,0
92.5000,0.00173436,2.3660e-03,0.733048,0.359780,-0.020861,0.654592,-0.573168,0.000013,1,0
93.0000,0.00174524,2.3929e-03,0.729352,0.344071,-0.021091,0.656878,-0.810019,-0.000050,1,0
93.5000,0.00176699,2.4087e-03,0.733597,0.337981,-0.021298,0.658102,-0.588594,0.000004,1,0
94.0000,0.00179394,2.4306e-03,0.738050,0.337763,-0.020120,0.655141,-0.617996,-0.000000,1,0
94.5000,0.00181898,2.4610e-03,0.739123,0.344009,-0.019275,0.652440,-0.786888,0.000004,1,0
95.0000,0.00183514,2.4951e-03,0.735495,0.353719,-0.019898,0.652577,-0.539732,0.000003,1,0
95.5000,0.00183709,2.5212e-03,0.728656,0.369395,-0.020382,0.651817,-0.417133,-0.000003,1,0
96.0000,0.00182267,2.5125e-03,0.725450,0.382137,-0.020770,0.651098,-0.687217,-0.000002,1,0
96.5000,0.00179370,2.4958e-03,0.718695,0.391425,-0.021046,0.650437,-0.589122,0.000067,1,0
97.0000,0.00175572,2.4569e-03,0.714597,0.404960,-0.020932,0.648765,-0.710772,0.000001,1,0
97.5000,0.00171656,2.4147e-03,0.710888,0.426742,-0.019868,0.644759,-0.613428,0.000002,1,0
98.0000,0.00168414,2.3716e-03,0.710124,0.441404,-0.020295,0.644415,-0.446193,0.000001,1,0
98.5000,0.00166446,2.3500e-03,0.708291,0.453379,-0.020626,0.644213,-0.625500,-0.000002,1,0
99.0000,0.00166020,2.3469e-03,0.707386,0.461167,-0.020843,0.644190,-0.216039,0.000002,1,0
99.5000,0.00167127,2.3739e-03,0.704035,0.464358,-0.021008,0.644281,-0.740463,-0.000006,1,0
100.0000,0.00169126,2.3951e-03,0.706122,0.461597,-0.021105,0.644406,-0.590980,-0.000004,1,0
100.5000,0.00171585,2.4093e-03,0.712188,0.455968,-0.021134,0.644806,-0.682138,-0.000000,1,0
101.0000,0.00173767,2.4040e-03,0.722833,0.450732,-0.021125,0.645285,-0.565723,0.000001,1,0
101.5000,0.00175064,2.3827e-03,0.734720,0.440637,-0.021082,0.646002,-0.779327,0.000001,1,0
102.0000,0.00175114,2.3507e-03,0.744954,0.436470,-0.020291,0.645217,-0.643003,-0.000002,1,0
102.5000,0.00173899,2.3340e-03,0.745059,0.422225,-0.020400,0.646572,-0.378172,-0.000000,1,0
103.0000,0.00171730,2.3309e-03,0.736760,0.410443,-0.020485,0.647840,-0.525218,0.000023,1,0
103.5000,0.00169147,2.3250e-03,0.727497,0.400567,-0.020490,0.648879,-0.645846,0.000092,1,0
104.0000,0.00166765,2.3298e-03,0.715794,0.396217,-0.020544,0.649607,-0.572423,0.000001,1,0
104.5000,0.00165089,2.3600e-03,0.699516,0.384777,-0.020597,0.650826,-0.647510,-0.000000,1,0
105.0000,0.00164385,2.3667e-03,0.694590,0.380562,-0.020255,0.650708,-0.648203,0.000008,1,0
105.5000,0.00164632,2.3739e-03,0.693514,0.378141,-0.020379,0.651320,-0.518939,0.000002,1,0
106.0000,0.00165555,2.3869e-03,0.693594,0.370165,-0.020483,0.652291,-0.711243,-0.000000,1,0
106.5000,0.00166749,2.4041e-03,0.693599,0.370188,-0.020562,0.652483,-0.519523,0.000004,1,0
107.0000,0.00167818,2.4242e-03,0.692248,0.378099,-0.020600,0.651851,-0.518247,0.000005,1,0
107.5000,0.00168517,2.4176e-03,0.697033,0.380662,-0.020643,0.651632,-0.645481,-0.000004,1,0
108.0000,0.00168820,2.3686e-03,0.712737,0.391247,-0.020662,0.650713,-0.572044,0.000046,1,0
108.5000,0.00168893,2.3160e-03,0.729251,0.398995,-0.020668,0.649964,-0.655372,-0.000003,1,0
109.0000,0.00168991,2.2939e-03,0.736690,0.405751,-0.020661,0.649271,-0.588382,0.000006,1,0
109.5000,0.00169349,2.2925e-03,0.738716,0.413146,-0.020652,0.648573,-0.510546,-0.000000,1,0
110.0000,0.00170063,2.2993e-03,0.739631,0.415053,-0.020558,0.648139,-0.695621,-0.000000,1,0
110.5000,0.00171058,2.3242e-03,0.735987,0.417633,-0.020561,0.647868,-0.507226,0.000013,1,0
111.0000,0.00172100,2.3528e-03,0.731483,0.428495,-0.020552,0.647080,-0.600353,0.000001,1,0
111.5000,0.00172858,2.3783e-03,0.726821,0.428740,-0.020551,0.647005,-0.654030,-0.000007,1,0
112.0000,0.00173005,2.4004e-03,0.720720,0.422916,-0.020546,0.647363,-0.718269,-0.000002,1,0
112.5000,0.00172300,2.4376e-03,0.706846,0.415310,-0.020388,0.647631,-0.731157,-0.000003,1,0
113.0000,0.00170648,2.4581e-03,0.694226,0.413077,-0.019711,0.646246,-0.383201,0.000001,1,0
113.5000,0.00168136,2.4442e-03,0.687896,0.403304,-0.019579,0.646745,-0.678839,-0.000002,1,0
114.0000,0.00165059,2.4044e-03,0.686486,0.381600,-0.019903,0.649125,-0.695913,-0.000002,1,0
114.5000,0.00161843,2.3270e-03,0.695488,0.365265,-0.020184,0.651174,-0.433184,0.000044,1,0
115.0000,0.00159058,2.2646e-03,0.702379,0.380383,-0.020409,0.650172,-0.581457,-0.000001,1,0
115.5000,0.00157200,2.2175e-03,0.708917,0.373709,-0.020584,0.651019,-0.752538,-0.000005,1,0
116.0000,0.00156593,2.2164e-03,0.706503,0.370838,-0.020710,0.651392,-0.687021,0.000155,1,0
116.5000,0.00157307,2.2393e-03,0.702488,0.378823,-0.020797,0.650642,-0.578745,-0.000006,1,0
117.0000,0.00159161,2.2533e-03,0.706335,0.387149,-0.020333,0.648775,-0.678856,-0.000006,1,0
117.5000,0.00161761,2.2696e-03,0.712718,0.392145,-0.020486,0.648405,-0.721221,-0.000002,1,0
118.0000,0.00164622,2.3117e-03,0.712123,0.402436,-0.020597,0.647608,-0.438953,0.000004,1,0
118.5000,0.00167272,2.3501e-03,0.711776,0.410617,-0.020632,0.646809,-0.566056,0.000003,1,0
119.0000,0.00169329,2.3897e-03,0.708581,0.417290,-0.020696,0.646138,-0.340913,0.000007,1,0
119.5000,0.00170514,2.4195e-03,0.704750,0.429595,-0.020008,0.644034,-0.587367,0.000001,1,0
120.0000,0.00170663,2.4135e-03,0.707122,0.438121,-0.020209,0.643766,-0.563389,0.000001,1,0
120.5000,0.00169741,2.3876e-03,0.710933,0.445323,-0.020380,0.643513,-0.737954,-0.000002,1,0
121.0000,0.00167839,2.3519e-03,0.713625,0.451220,-0.020512,0.643250,-0.667619,-0.000001,1,0
121.5000,0.00165150,2.3239e-03,0.710666,0.454650,-0.020538,0.642961,-0.706433,-0.000000,1,0
122.0000,0.00161937,2.2902e-03,0.707080,0.451657,-0.020024,0.641812,-0.540082,0.000036,1,0
122.5000,0.00158532,2.2446e-03,0.706293,0.448631,-0.019850,0.641785,-0.620284,-0.000002,1,0
123.0000,0.00155314,2.1956e-03,0.707371,0.429232,-0.020152,0.643623,-0.594837,-0.000002,1,0
123.5000,0.00152666,2.1878e-03,0.697797,0.413916,-0.020369,0.645307,-0.535215,0.000007,1,0
124.0000,0.00150938,2.2048e-03,0.684595,0.399772,-0.020571,0.647018,-0.693721,-0.000001,1,0
124.5000,0.00150388,2.2157e-03,0.678722,0.376548,-0.020720,0.649581,-0.680780,-0.000001,1,0
125.0000,0.00151115,2.2305e-03,0.677494,0.365906,-0.020815,0.650984,-0.606932,0.000001,1,0
125.5000,0.00153016,2.2412e-03,0.682743,0.353043,-0.020872,0.652533,-0.546885,0.000002,1,0
126.0000,0.00155771,2.2534e-03,0.691266,0.355203,-0.020890,0.652396,-0.548475,0.000013,1,0
126.5000,0.00158877,2.2709e-03,0.699609,0.351253,-0.020882,0.652862,-0.633414,-0.000000,1,0
127.0000,0.00161734,2.3092e-03,0.700379,0.352299,-0.020856,0.652712,-0.667347,0.000047,1,0
127.5000,0.00163748,2.3402e-03,0.699705,0.357203,-0.020814,0.652120,-0.596824,0.000001,1,0
128.0000,0.00164455,2.3666e-03,0.694902,0.358943,-0.020766,0.651703,-0.639876,0.000000,1,0
128.5000,0.00163617,2.3705e-03,0.690231,0.368773,-0.020020,0.648697,-0.560772,0.000000,1,0
129.0000,0.00161283,2.3338e-03,0.691083,0.381268,-0.020169,0.647602,-0.636935,0.000001,1,0
129.5000,0.00157818,2.2887e-03,0.689567,0.396705,-0.020299,0.646199,-0.674176,-0.000002,1,0
130.0000,0.00153747,2.2540e-03,0.682092,0.413842,-0.020343,0.644579,-0.687952,-0.000003,1,0
130.5000,0.00149834,2.2113e-03,0.677588,0.429448,-0.020446,0.643263,-0.743324,-0.000007,1,0
131.0000,0.00146739,2.1847e-03,0.671677,0.444984,-0.020520,0.642087,-0.552466,0.000017,1,0
131.5000,0.00144981,2.1839e-03,0.663859,0.465211,-0.019901,0.639796,-0.558443,-0.000001,1,0
132.0000,0.00144808,2.1900e-03,0.661222,0.471619,-0.020132,0.639633,-0.530893,-0.000002,1,0
132.5000,0.00146150,2.1935e-03,0.666282,0.471361,-0.017952,0.635454,-0.776656,-0.000004,1,0
133.0000,0.00148643,2.2059e-03,0.673844,0.456796,-0.018751,0.637550,-0.799197,-0.000001,1,0
133.5000,0.00151715,2.2216e-03,0.682916,0.436574,-0.019452,0.640098,-0.609245,0.000000,1,0
134.0000,0.00154712,2.2479e-03,0.688246,0.418495,-0.020040,0.642597,-0.601646,0.000000,1,0
134.5000,0.00157035,2.2866e-03,0.686755,0.394821,-0.020506,0.645578,-0.623999,-0.000001,1,0
135.0000,0.00158251,2.3117e-03,0.684561,0.366491,-0.020862,0.649171,-0.703771,-0.000017,1,0
135.5000,0.00158147,2.3193e-03,0.681865,0.356804,-0.021108,0.650685,-0.710153,-0.000001,1,0
136.0000,0.00156748,2.3159e-03,0.676831,0.350774,-0.021247,0.651713,-0.663220,-0.000002,1,0
136.5000,0.00154292,2.3081e-03,0.668487,0.336832,-0.021313,0.653636,-0.718117,-0.000011,1,0
137.0000,0.00151179,2.2844e-03,0.661799,0.324409,-0.021319,0.655330,-0.631871,-0.000002,1,0
137.5000,0.00147913,2.2620e-03,0.653890,0.312390,-0.021275,0.656876,-0.578222,-0.000002,1,0
138.0000,0.00145005,2.2382e-03,0.647855,0.308088,-0.021197,0.657249,-0.636876,-0.000007,1,0
138.5000,0.00142889,2.2094e-03,0.646736,0.308562,-0.021095,0.656735,-0.595092,-0.000003,1,0
139.0000,0.00141838,2.1831e-03,0.649699,0.320739,-0.020986,0.654486,-0.641413,-0.000003,1,0
139.5000,0.00141925,2.1829e-03,0.650181,0.336835,-0.020877,0.651807,-0.472216,-0.000004,1,0
140.0000,0.00143017,2.1920e-03,0.652435,0.357385,-0.020773,0.648765,-0.665712,-0.000004,1,0
140.5000,0.00144799,2.1871e-03,0.662065,0.382050,-0.020681,0.645561,-0.729972,-0.000009,1,0
141.0000,0.00146854,2.1959e-03,0.668770,0.409894,-0.020602,0.642468,-0.805814,-0.000007,1,0
141.5000,0.00148753,2.2148e-03,0.671645,0.438878,-0.020537,0.639797,-0.510994,-0.000003,1,0
142.0000,0.00150131,2.2183e-03,0.676793,0.465757,-0.020480,0.637753,-0.665116,-0.000001,1,0
142.5000,0.00150755,2.2323e-03,0.675340,0.488925,-0.020395,0.636007,-0.689149,-0.000001,1,0
143.0000,0.00150543,2.2445e-03,0.670718,0.507107,-0.020385,0.634870,-0.573875,-0.000001,1,0
143.5000,0.00149599,2.2615e-03,0.661514,0.518278,-0.020388,0.634140,-0.645174,-0.000004,1,0
144.0000,0.00147950,2.2606e-03,0.654462,0.523389,-0.020396,0.633931,-0.503502,-0.000037,1,0
144.5000,0.00145959,2.2627e-03,0.645067,0.517299,-0.020400,0.634271,-0.744224,-0.000003,1,0
145.0000,0.00143835,2.2498e-03,0.639324,0.492931,-0.020423,0.635653,-0.627531,-0.000001,1,0
145.5000,0.00141795,2.2229e-03,0.637892,0.467628,-0.020436,0.637408,-0.608455,-0.000001,1,0
146.0000,0.00140020,2.1741e-03,0.644045,0.433391,-0.020357,0.639887,-0.546338,-0.000013,1,0
146.5000,0.00138680,2.1556e-03,0.643336,0.393173,-0.020404,0.643584,-0.554415,-0.000002,1,0
147.0000,0.00137938,2.1446e-03,0.643190,0.364602,-0.020447,0.646671,-0.450750,-0.000010,1,0
147.5000,0.00137942,2.1276e-03,0.648336,0.351274,-0.020485,0.648329,-0.755391,-0.000003,1,0
148.0000,0.00138801,2.1317e-03,0.651136,0.345646,-0.020515,0.649015,-0.639147,-0.000022,1,0
148.5000,0.00140532,2.1493e-03,0.653851,0.342299,-0.020538,0.649309,-0.730225,-0.000052,1,0
149.0000,0.00143027,2.1662e-03,0.660272,0.344222,-0.020354,0.648627,-0.511853,-0.000002,1,0
149.5000,0.00146037,2.1853e-03,0.668269,0.337169,-0.020415,0.649737,-0.527880,0.000001,1,0
150.0000,0.00149184,2.2009e-03,0.677836,0.328189,-0.020441,0.651004,-0.639233,-0.000005,1,0
150.5000,0.00152012,2.2286e-03,0.682109,0.326932,-0.020492,0.651313,-0.359437,-0.000009,1,0
151.0000,0.00154075,2.2646e-03,0.680353,0.328813,-0.020535,0.651081,-0.714413,-0.000005,1,0
151.5000,0.00155021,2.2949e-03,0.675502,0.338417,-0.020563,0.649738,-0.626030,-0.000000,1,0
152.0000,0.00154677,2.3022e-03,0.671856,0.356973,-0.020583,0.647412,-0.428997,-0.000001,1,0
152.5000,0.00153135,2.2716e-03,0.674118,0.380140,-0.020426,0.644543,-0.555870,0.000090,1,0
153.0000,0.00150638,2.2498e-03,0.669548,0.405067,-0.020461,0.642217,-0.685919,-0.000003,1,0
153.5000,0.00147721,2.2474e-03,0.657295,0.431783,-0.020489,0.639912,-0.676298,-0.000005,1,0
154.0000,0.00144915,2.2416e-03,0.646493,0.458101,-0.020202,0.637330,-0.732508,-0.000009,1,0
154.5000,0.00142702,2.2102e-03,0.645640,0.479457,-0.020319,0.636008,-0.563839,-0.000001,1,0
155.0000,0.00141417,2.1934e-03,0.644750,0.493077,-0.020417,0.635262,-0.592373,-0.000003,1,0
155.5000,0.00141224,2.1754e-03,0.649198,0.487058,-0.020497,0.635603,-0.590790,-0.000001,1,0
156.0000,0.00142126,2.1529e-03,0.660153,0.468551,-0.020556,0.636854,-0.775496,-0.000002,1,0
156.5000,0.00144012,2.1428e-03,0.672087,0.438625,-0.020601,0.639125,-0.542696,0.000013,1,0
157.0000,0.00146704,2.1380e-03,0.686182,0.417329,-0.020630,0.640997,-0.517425,0.000001,1,0
157.5000,0.00149956,2.1540e-03,0.696161,0.415258,-0.020547,0.641206,-0.797834,-0.000003,1,0
158.0000,0.00153463,2.2014e-03,0.697119,0.398497,-0.020572,0.642881,-0.613097,-0.000000,1,0
158.5000,0.00156875,2.2438e-03,0.699155,0.370694,-0.020322,0.645224,-0.729505,-0.000006,1,0
159.0000,0.00159832,2.2696e-03,0.704242,0.347260,-0.020411,0.648163,-0.566555,-0.000001,1,0
159.5000,0.00162009,2.3085e-03,0.701787,0.336188,-0.020479,0.649872,-0.325651,-0.000014,1,0
160.0000,0.00163157,2.3436e-03,0.696184,0.324005,-0.020536,0.651799,-0.573285,0.000001,1,0
160.5000,0.00163129,2.3469e-03,0.695093,0.312512,-0.020577,0.653632,-0.658057,-0.000005,1,0
161.0000,0.00161920,2.3368e-03,0.692907,0.307928,-0.020206,0.653375,-0.722479,-0.000006,1,0
161.5000,0.00159742,2.3140e-03,0.690335,0.311685,-0.020337,0.652998,-0.705271,-0.000008,1,0
162.0000,0.00157045,2.2766e-03,0.689829,0.326172,-0.020440,0.651015,-0.710983,-0.000001,1,0
162.5000,0.00154474,2.2317e-03,0.692179,0.350843,-0.020527,0.647949,-0.547050,0.000001,1,0
163.0000,0.00152731,2.1771e-03,0.701519,0.378776,-0.020591,0.644786,-0.678626,-0.000004,1,0
163.5000,0.00152367,2.1512e-03,0.708296,0.408359,-0.020636,0.641832,-0.583374,-0.000002,1,0
164.0000,0.00153663,2.1598e-03,0.711467,0.436952,-0.020661,0.639309,-0.635498,-0.000013,1,0
164.5000,0.00156298,2.1965e-03,0.711574,0.462518,-0.020339,0.636753,-0.683421,-0.000003,1,0
165.0000,0.00159901,2.2395e-03,0.714009,0.476768,-0.020432,0.635782,-0.622376,-0.000001,1,0
165.5000,0.00163689,2.2904e-03,0.714671,0.478667,-0.020502,0.635618,-0.754465,-0.000012,1,0
166.0000,0.00166851,2.3423e-03,0.712340,0.471799,-0.020561,0.636062,-0.684189,-0.000002,1,0
166.5000,0.00168703,2.3679e-03,0.712449,0.452546,-0.020601,0.637413,-0.692345,-0.000005,1,0
167.0000,0.00168843,2.3751e-03,0.710901,0.446071,-0.020626,0.637954,-0.676573,0.000001,1,0
167.5000,0.00167279,2.3595e-03,0.708952,0.427794,-0.020640,0.639400,-0.685692,-0.000003,1,0
168.0000,0.00164445,2.3280e-03,0.706388,0.402882,-0.020643,0.641546,-0.725646,-0.000003,1,0
168.5000,0.00161097,2.2837e-03,0.705411,0.387773,-0.020635,0.643008,-0.553167,0.000024,1,0
169.0000,0.00158094,2.2263e-03,0.710127,0.377557,-0.020623,0.644110,-0.514052,0.000004,1,0
169.5000,0.00156156,2.1771e-03,0.717260,0.363973,-0.020607,0.645652,-0.636380,0.000001,1,0
170.0000,0.00155644,2.1590e-03,0.720922,0.349413,-0.019399,0.644562,-0.661044,-0.000002,1,0
170.5000,0.00156476,2.1734e-03,0.719945,0.336660,-0.019720,0.646852,-0.645013,-0.000000,1,0
171.0000,0.00158214,2.2124e-03,0.715132,0.332095,-0.020007,0.648143,-0.679114,0.000001,1,0
171.5000,0.00160277,2.2560e-03,0.710432,0.334452,-0.020253,0.648251,-0.751920,-0.000003,1,0
172.0000,0.00161896,2.3130e-03,0.699946,0.347482,-0.020453,0.646956,-0.563856,0.000002,1,0
172.5000,0.00162730,2.3524e-03,0.691773,0.368653,-0.020592,0.644819,-0.519111,0.000075,1,0
173.0000,0.00162604,2.3585e-03,0.689452,0.394688,-0.020704,0.642218,-0.593576,0.000002,1,0
173.5000,0.00161635,2.3417e-03,0.690231,0.421840,-0.020779,0.639715,-0.712345,-0.000003,1,0
174.0000,0.00160173,2.3315e-03,0.686992,0.444556,-0.020790,0.637717,-0.690152,-0.000002,1,0
174.5000,0.00158668,2.3292e-03,0.681214,0.462285,-0.020809,0.636350,-0.746341,-0.000002,1,0
175.0000,0.00157520,2.3428e-03,0.672363,0.474345,-0.020799,0.635457,-0.645372,0.000001,1,0
175.5000,0.00156943,2.3385e-03,0.671122,0.471966,-0.020738,0.635455,-0.652450,-0.000002,1,0
176.0000,0.00156919,2.3203e-03,0.676301,0.470676,-0.020691,0.635503,-0.745385,-0.000012,1,0
176.5000,0.00157209,2.3046e-03,0.682163,0.463364,-0.020629,0.635949,-0.786475,0.000003,1,0
177.0000,0.00157425,2.2777e-03,0.691170,0.446393,-0.020619,0.637191,-0.530100,0.000000,1,0
177.5000,0.00157181,2.2632e-03,0.694519,0.428551,-0.020606,0.638622,-0.458664,-0.000001,1,0
178.0000,0.00156234,2.2622e-03,0.690638,0.426158,-0.020580,0.638939,-0.533602,0.000003,1,0
178.5000,0.00154555,2.2353e-03,0.691421,0.401919,-0.020568,0.641102,-0.664338,0.000001,1,0
179.0000,0.00152351,2.2121e-03,0.688727,0.381600,-0.020552,0.643164,-0.638838,-0.000002,1,0
179.5000,0.00150017,2.2015e-03,0.681442,0.361826,-0.019951,0.643807,-0.557078,0.000000,1,0
180.0000,0.00148029,2.1906e-03,0.675757,0.341930,-0.020117,0.646596,-0.795103,-0.000009,1,0
180.5000,0.00146794,2.1883e-03,0.670798,0.329872,-0.020223,0.648516,-0.761562,-0.000000,1,0
181.0000,0.00146508,2.1892e-03,0.669233,0.319269,-0.020105,0.649690,-0.796702,-0.000008,1,0
181.5000,0.00147116,2.2312e-03,0.659373,0.315976,-0.020286,0.650536,-0.715951,-0.000010,1,0
182.0000,0.00148319,2.2643e-03,0.655028,0.325143,-0.020436,0.649557,-0.696735,-0.000001,1,0
182.5000,0.00149637,2.2792e-03,0.656544,0.339524,-0.020555,0.647796,-0.785459,0.000000,1,0
183.0000,0.00150530,2.2762e-03,0.661318,0.357532,-0.020628,0.645568,-0.637470,0.000011,1,0
183.5000,0.00150539,2.2577e-03,0.666779,0.381863,-0.020690,0.642883,-0.729317,-0.000008,1,0
184.0000,0.00149432,2.2260e-03,0.671318,0.411434,-0.020478,0.639581,-0.620534,0.000001,1,0
184.5000,0.00147280,2.2085e-03,0.666868,0.435657,-0.020559,0.637596,-0.712392,-0.000005,1,0
185.0000,0.00144458,2.2039e-03,0.655464,0.456984,-0.020491,0.635796,-0.593747,-0.000003,1,0
185.5000,0.00141570,2.1631e-03,0.654473,0.471522,-0.020565,0.634823,-0.630127,-0.000001,1,0
186.0000,0.00139281,2.1105e-03,0.659958,0.481061,-0.020617,0.634235,-0.661207,-0.000004,1,0
186.5000,0.00138153,2.0596e-03,0.670766,0.476756,-0.020652,0.634488,-0.601418,-0.000002,1,0
187.0000,0.00138507,2.0364e-03,0.680143,0.473778,-0.020667,0.634724,-0.334973,-0.000002,1,0
187.5000,0.00140331,2.0411e-03,0.687534,0.459832,-0.020671,0.635696,-0.724652,-0.000000,1,0
188.0000,0.00143271,2.0799e-03,0.688832,0.443238,-0.020003,0.635801,-0.667987,-0.000000,1,0
188.5000,0.00146711,2.1201e-03,0.691992,0.423687,-0.020181,0.637703,-0.707127,-0.000007,1,0
189.0000,0.00149923,2.1625e-03,0.693295,0.403040,-0.020332,0.639848,-0.516854,0.000000,1,0
189.5000,0.00152250,2.1982e-03,0.692609,0.380349,-0.020459,0.642370,-0.482126,0.000004,1,0
190.0000,0.00153248,2.2147e-03,0.691953,0.354273,-0.020557,0.645509,-0.674869,-0.000000,1,0
190.5000,0.00152793,2.2306e-03,0.684973,0.340567,-0.020627,0.647458,-0.660941,0.000002,1,0
191.0000,0.00151102,2.2390e-03,0.674853,0.328940,-0.020674,0.649182,-0.769344,-0.000004,1,0
191.5000,0.00148670,2.2320e-03,0.666096,0.325242,-0.020691,0.649807,-0.561776,0.000001,1,0
192.0000,0.00146155,2.2115e-03,0.660883,0.326748,-0.020701,0.649643,-0.734296,-0.000004,1,0
192.5000,0.00144227,2.1849e-03,0.660104,0.331742,-0.020699,0.648836,-0.548653,0.000027,1,0
193.0000,0.00143427,2.1560e-03,0.665235,0.346950,-0.020685,0.646718,-0.697079,-0.000002,1,0
193.5000,0.00144055,2.1516e-03,0.669522,0.366140,-0.020665,0.644246,-0.678143,-0.000000,1,0
194.0000,0.00146120,2.1577e-03,0.677216,0.391467,-0.020476,0.641131,-0.503220,-0.000005,1,0
194.5000,0.00149337,2.1588e-03,0.691759,0.415511,-0.020464,0.638759,-0.636013,-0.000001,1,0
195.0000,0.00153209,2.1529e-03,0.711626,0.430817,-0.020490,0.637313,-0.787767,-0.000009,1,0
195.5000,0.00157118,2.1629e-03,0.726429,0.447009,-0.020337,0.635686,-0.745703,-0.000007,1,0
196.0000,0.00160450,2.1849e-03,0.734354,0.446083,-0.020401,0.635701,-0.737336,-0.000003,1,0
196.5000,0.00162716,2.2053e-03,0.737847,0.444078,-0.020454,0.635863,-0.845393,-0.000003,1,0
197.0000,0.00163630,2.2275e-03,0.734602,0.447389,-0.020486,0.635648,-0.570049,0.000001,1,0
197.5000,0.00163158,2.2436e-03,0.727229,0.439241,-0.020525,0.636282,-0.614436,-0.000005,1,0
198.0000,0.00161497,2.2569e-03,0.715560,0.423724,-0.020552,0.637525,-0.567384,-0.000000,1,0
198.5000,0.00159019,2.2864e-03,0.695497,0.409692,-0.020572,0.638745,-0.731677,-0.000006,1,0
199.0000,0.00156215,2.3049e-03,0.677765,0.391680,-0.020568,0.640392,-0.684622,-0.000000,1,0
199.5000,0.00153622,2.3060e-03,0.666199,0.382168,-0.020429,0.641089,-0.757088,-0.000006,1,0
200.0000,0.00151767,2.2807e-03,0.665456,0.365108,-0.020474,0.642982,-0.706206,-0.000003,1,0
200.5000,0.00150890,2.2474e-03,0.671405,0.354948,-0.020510,0.644226,-0.565504,0.000066,1,0
201.0000,0.00151254,2.1967e-03,0.688539,0.352989,-0.020396,0.644292,-0.545028,0.000016,1,0
201.5000,0.00152735,2.1583e-03,0.707656,0.349808,-0.020428,0.644802,-0.557983,0.000034,1,0
202.0000,0.00155065,2.1674e-03,0.715440,0.350366,-0.020478,0.644839,-0.422242,-0.000004,1,0
202.5000,0.00157790,2.1947e-03,0.718955,0.357487,-0.020521,0.643909,-0.765579,-0.000002,1,0
203.0000,0.00160236,2.2107e-03,0.724832,0.372844,-0.020552,0.642154,-0.618218,-0.000000,1,0
203.5000,0.00162052,2.2093e-03,0.733509,0.392621,-0.019109,0.636902,-0.615870,-0.000000,1,0
204.0000,0.00162845,2.2194e-03,0.733724,0.413516,-0.018161,0.633154,-0.628745,-0.000001,1,0
204.5000,0.00162450,2.2573e-03,0.719653,0.434005,-0.018511,0.632145,-0.515247,-0.000001,1,0
205.0000,0.00160945,2.2761e-03,0.707119,0.448616,-0.019229,0.632243,-0.696317,-0.000001,1,0
205.5000,0.00158641,2.2946e-03,0.691358,0.459093,-0.019851,0.632493,-0.580766,0.000002,1,0
206.0000,0.00156027,2.2926e-03,0.680566,0.467307,-0.020349,0.632723,-0.625562,-0.000001,1,0
206.5000,0.00153669,2.2802e-03,0.673933,0.464607,-0.020739,0.633513,-0.701215,-0.000013,1,0
207.0000,0.00152077,2.2558e-03,0.674168,0.454055,-0.021011,0.634709,-0.274229,-0.000000,1,0
207.5000,0.00151587,2.2203e-03,0.682742,0.445562,-0.020094,0.633460,-0.819384,-0.000001,1,0
208.0000,0.00152270,2.1985e-03,0.692609,0.429076,-0.020462,0.635390,-0.715410,0.000000,1,0
208.5000,0.00153926,2.1947e-03,0.701343,0.423924,-0.020742,0.636388,-0.501082,0.000009,1,0
209.0000,0.00156147,2.2205e-03,0.703213,0.415732,-0.020882,0.637436,-0.468150,-0.000000,1,0
209.5000,0.00158416,2.2510e-03,0.703756,0.400664,-0.020953,0.639023,-0.513969,0.000022,1,0
210.0000,0.00160224,2.2705e-03,0.705691,0.387126,-0.021035,0.640622,-0.714647,-0.000001,1,0
210.5000,0.00161181,2.2873e-03,0.704693,0.370148,-0.021040,0.642500,-0.715130,-0.000013,1,0
211.0000,0.00161097,2.2846e-03,0.705155,0.356814,-0.021029,0.644040,-0.596492,0.000003,1,0
211.5000,0.00160007,2.2774e-03,0.702593,0.352379,-0.021004,0.644573,-0.678694,-0.000003,1,0
212.0000,0.00158159,2.2679e-03,0.697382,0.353960,-0.020952,0.644286,-0.756171,-0.000003,1,0
212.5000,0.00155951,2.2667e-03,0.688019,0.360372,-0.020894,0.643348,-0.513747,-0.000002,1,0
213.0000,0.00153839,2.2551e-03,0.682191,0.371616,-0.020828,0.641835,-0.595461,-0.000006,1,0
213.5000,0.00152226,2.2572e-03,0.674393,0.389779,-0.020046,0.638331,-0.459708,-0.000001,1,0
214.0000,0.00151371,2.2568e-03,0.670743,0.410589,-0.020165,0.636598,-0.493376,-0.000001,1,0
214.5000,0.00151338,2.2575e-03,0.670391,0.430473,-0.020277,0.635109,-0.590901,0.000005,1,0
215.0000,0.00151990,2.2665e-03,0.670596,0.448404,-0.019599,0.632201,-0.642886,-0.000002,1,0
215.5000,0.00153060,2.2650e-03,0.675754,0.456261,-0.019896,0.632070,-0.530285,-0.000003,1,0
216.0000,0.00154213,2.2731e-03,0.678424,0.456377,-0.020154,0.632445,-0.729473,-0.000012,1,0
216.5000,0.00155133,2.2798e-03,0.680465,0.452541,-0.020368,0.633076,-0.511940,0.000031,1,0
217.0000,0.00155593,2.2643e-03,0.687158,0.446280,-0.020532,0.633843,-0.524334,-0.000017,1,0
217.5000,0.00155495,2.2373e-03,0.695021,0.429032,-0.020661,0.635432,-0.713821,-0.000002,1,0
218.0000,0.00154874,2.2176e-03,0.698382,0.408050,-0.020748,0.637421,-0.629159,-0.000006,1,0
218.5000,0.00153872,2.2072e-03,0.697146,0.387621,-0.020801,0.639507,-0.785940,-0.000044,1,0
219.0000,0.00152698,2.2258e-03,0.686041,0.375064,-0.020813,0.640887,-0.697033,-0.000003,1,0
219.5000,0.00151570,2.2456e-03,0.674979,0.362863,-0.019607,0.639547,-0.624206,0.000007,1,0
220.0000,0.00150677,2.2534e-03,0.668657,0.360460,-0.019668,0.640012,-0.653010,-0.000001,1,0
220.5000,0.00150154,2.2576e-03,0.665094,0.353666,-0.020017,0.641592,-0.664869,-0.000004,1,0
221.0000,0.00150064,2.2643e-03,0.662744,0.347551,-0.020049,0.642434,-0.476213,0.000001,1,0
221.5000,0.00150387,2.2661e-03,0.663637,0.346525,-0.020348,0.643259,-0.690007,-0.000000,1,0
222.0000,0.00151046,2.2600e-03,0.668347,0.350061,-0.020583,0.643325,-0.630334,-0.000001,1,0
222.5000,0.00151900,2.2684e-03,0.669630,0.361595,-0.020754,0.642296,-0.436384,-0.000000,1,0
223.0000,0.00152765,2.2509e-03,0.678675,0.378894,-0.020866,0.640581,-0.389419,-0.000000,1,0
223.5000,0.00153441,2.2137e-03,0.693131,0.401619,-0.019869,0.636057,-0.547079,-0.000000,1,0
224.0000,0.00153732,2.1883e-03,0.702507,0.428260,-0.019167,0.632189,-0.620349,0.000000,1,0
224.5000,0.00153486,2.1681e-03,0.707918,0.455405,-0.018494,0.628828,-0.691932,-0.000000,1,0
225.0000,0.00152633,2.1575e-03,0.707442,0.479412,-0.019285,0.628583,-0.680386,-0.000000,1,0
225.5000,0.00151198,2.1732e-03,0.695753,0.498481,-0.019970,0.628530,-0.679777,-0.000000,1,0
226.0000,0.00149330,2.2024e-03,0.678027,0.510319,-0.019508,0.626885,-0.639733,-0.000000,1,0
226.5000,0.00147286,2.2210e-03,0.663137,0.512336,-0.020245,0.627933,-0.532518,0.000000,1,0
227.0000,0.00145393,2.2149e-03,0.656420,0.509456,-0.020428,0.628494,-0.714505,-0.000001,1,0
227.5000,0.00143993,2.1911e-03,0.657156,0.485739,-0.020177,0.629253,-0.695711,-0.000000,1,0
228.0000,0.00143357,2.1848e-03,0.656156,0.463765,-0.020741,0.631795,-0.455493,-0.000002,1,0
228.5000,0.00143635,2.1892e-03,0.656121,0.434151,-0.020844,0.634387,-0.450294,-0.000000,1,0
229.0000,0.00144809,2.1921e-03,0.660589,0.406312,-0.019924,0.635086,-0.410939,-0.000000,1,0
229.5000,0.00146657,2.1822e-03,0.672075,0.374534,-0.017473,0.632856,-0.626973,-0.000000,1,0
230.0000,0.00148774,2.1696e-03,0.685721,0.366318,-0.007741,0.612129,-0.037478,-0.000000,1,0
230.5000,0.00150648,2.1548e-03,0.699130,0.341703,-0.007887,0.613374,-0.210935,-0.000000,1,0
231.0000,0.00151768,2.1377e-03,0.709954,0.321170,-0.002074,0.598580,-0.599320,-0.000000,1,0
231.5000,0.00151765,2.1404e-03,0.709066,0.303781,-0.002704,0.599505,-0.339459,-0.000000,1,0
